This file contains any messages produced by compilers while
running configure, to aid debugging if configure makes a mistake.

It was created by Wine configure 11.8, which was
generated by GNU Autoconf 2.72.  Invocation command line was

  $ /wine/build_wine/wine/configure --prefix=/wine/build_wine/wine-wb-build --disable-tests --disable-winemenubuilder --disable-win16 --with-x --with-gstreamer --with-ffmpeg --with-wayland --without-oss --without-coreaudio --without-cups --without-sane --without-gphoto --without-pcsclite --without-pcap --without-capi --without-v4l2 --without-netapi --disable-msv1_0 --libdir=/wine/build_wine/wine-wb-build/lib --enable-archs=x86_64,i386 '--with-mingw=ccache x86_64-w64-mingw32-gcc'

## --------- ##
## Platform. ##
## --------- ##

hostname = 868748a97de7
uname -m = x86_64
uname -r = 6.19.11-x64v3-xanmod1
uname -s = Linux
uname -v = #0~20260402.gba86a7b SMP PREEMPT_DYNAMIC Thu Apr  2 19:17:50 UTC

/usr/bin/uname -p = unknown
/bin/uname -X     = unknown

/bin/arch              = x86_64
/usr/bin/arch -k       = unknown
/usr/convex/getsysinfo = unknown
/usr/bin/hostinfo      = unknown
/bin/machine           = unknown
/usr/bin/oslevel       = unknown
/bin/universe          = unknown

PATH: /usr/local/gcc-mingw/bin/
PATH: /usr/lib/ccache/
PATH: /usr/local/sbin/
PATH: /usr/local/bin/
PATH: /usr/sbin/
PATH: /usr/bin/
PATH: /sbin/
PATH: /bin/


## ----------- ##
## Core tests. ##
## ----------- ##

configure:4159: looking for aux files: config.guess config.sub
configure:4172:  trying /wine/build_wine/wine/tools/
configure:4201:   /wine/build_wine/wine/tools/config.guess found
configure:4201:   /wine/build_wine/wine/tools/config.sub found
configure:4714: checking build system type
configure:4730: result: x86_64-pc-linux-gnu
configure:4750: checking host system type
configure:4765: result: x86_64-pc-linux-gnu
configure:4906: checking for gcc
configure:4939: result: ccache gcc
configure:5298: checking for C compiler version
configure:5307: ccache gcc --version >&5
gcc (Debian 14.2.0-19) 14.2.0
Copyright (C) 2024 Free Software Foundation, Inc.
This is free software; see the source for copying conditions.  There is NO
warranty; not even for MERCHANTABILITY or FITNESS FOR A PARTICULAR PURPOSE.

configure:5318: $? = 0
configure:5307: ccache gcc -v >&5
Using built-in specs.
COLLECT_GCC=/usr/bin/gcc
COLLECT_LTO_WRAPPER=/usr/libexec/gcc/x86_64-linux-gnu/14/lto-wrapper
OFFLOAD_TARGET_NAMES=nvptx-none:amdgcn-amdhsa
OFFLOAD_TARGET_DEFAULT=1
Target: x86_64-linux-gnu
Configured with: ../src/configure -v --with-pkgversion='Debian 14.2.0-19' --with-bugurl=file:///usr/share/doc/gcc-14/README.Bugs --enable-languages=c,ada,c++,go,d,fortran,objc,obj-c++,m2,rust --prefix=/usr --with-gcc-major-version-only --program-suffix=-14 --program-prefix=x86_64-linux-gnu- --enable-shared --enable-linker-build-id --libexecdir=/usr/libexec --without-included-gettext --enable-threads=posix --libdir=/usr/lib --enable-nls --enable-bootstrap --enable-clocale=gnu --enable-libstdcxx-debug --enable-libstdcxx-time=yes --with-default-libstdcxx-abi=new --enable-libstdcxx-backtrace --enable-gnu-unique-object --disable-vtable-verify --enable-plugin --enable-default-pie --with-system-zlib --enable-libphobos-checking=release --with-target-system-zlib=auto --enable-objc-gc=auto --enable-multiarch --disable-werror --enable-cet --with-arch-32=i686 --with-abi=m64 --with-multilib-list=m32,m64,mx32 --enable-multilib --with-tune=generic --enable-offload-targets=nvptx-none=/build/reproducible-path/gcc-14-14.2.0/debian/tmp-nvptx/usr,amdgcn-amdhsa=/build/reproducible-path/gcc-14-14.2.0/debian/tmp-gcn/usr --enable-offload-defaulted --without-cuda-driver --enable-checking=release --build=x86_64-linux-gnu --host=x86_64-linux-gnu --target=x86_64-linux-gnu --with-build-config=bootstrap-lto-lean --enable-link-serialization=3
Thread model: posix
Supported LTO compression algorithms: zlib zstd
gcc version 14.2.0 (Debian 14.2.0-19) 
... rest of stderr output deleted ...
configure:5318: $? = 0
configure:5307: ccache gcc -V >&5
gcc: error: unrecognized command-line option '-V'
gcc: fatal error: no input files
compilation terminated.
configure:5318: $? = 1
configure:5307: ccache gcc -qversion >&5
gcc: error: unrecognized command-line option '-qversion'; did you mean '--version'?
gcc: fatal error: no input files
compilation terminated.
configure:5318: $? = 1
configure:5307: ccache gcc -version >&5
gcc: error: unrecognized command-line option '-version'
gcc: fatal error: no input files
compilation terminated.
configure:5318: $? = 1
configure:5338: checking whether the C compiler works
configure:5360: ccache gcc -march=nocona -mtune=core-avx2 -pipe -O2 -fno-strict-aliasing -fwrapv -mfpmath=sse                         -Wno-error=incompatible-pointer-types -Wno-error=implicit-function-declaration -Wno-error=int-conversion -w -static-libgcc -D_GNU_SOURCE -D_TIME_BITS=64 -D_FILE_OFFSET_BITS=64 -U_FORTIFY_SOURCE -D_FORTIFY_SOURCE=0 -DNDEBUG -D_NDEBUG -D_GNU_SOURCE -D_TIME_BITS=64 -D_FILE_OFFSET_BITS=64 -U_FORTIFY_SOURCE -D_FORTIFY_SOURCE=0 -DNDEBUG -D_NDEBUG -march=nocona -mtune=core-avx2 -pipe -O2 -fno-strict-aliasing -fwrapv -mfpmath=sse                         -Wno-error=incompatible-pointer-types -Wno-error=implicit-function-declaration -Wno-error=int-conversion -w -static-libgcc -D_GNU_SOURCE -D_TIME_BITS=64 -D_FILE_OFFSET_BITS=64 -U_FORTIFY_SOURCE -D_FORTIFY_SOURCE=0 -DNDEBUG -D_NDEBUG -Wl,-O1,--sort-common,--as-needed -L/usr/local/x86_64/lib/x86_64-linux-gnu -L/usr/local/lib conftest.c  >&5
configure:5364: $? = 0
configure:5415: result: yes
configure:5419: checking for C compiler default output file name
configure:5421: result: a.out
configure:5427: checking for suffix of executables
configure:5434: ccache gcc -o conftest -march=nocona -mtune=core-avx2 -pipe -O2 -fno-strict-aliasing -fwrapv -mfpmath=sse                         -Wno-error=incompatible-pointer-types -Wno-error=implicit-function-declaration -Wno-error=int-conversion -w -static-libgcc -D_GNU_SOURCE -D_TIME_BITS=64 -D_FILE_OFFSET_BITS=64 -U_FORTIFY_SOURCE -D_FORTIFY_SOURCE=0 -DNDEBUG -D_NDEBUG -D_GNU_SOURCE -D_TIME_BITS=64 -D_FILE_OFFSET_BITS=64 -U_FORTIFY_SOURCE -D_FORTIFY_SOURCE=0 -DNDEBUG -D_NDEBUG -march=nocona -mtune=core-avx2 -pipe -O2 -fno-strict-aliasing -fwrapv -mfpmath=sse                         -Wno-error=incompatible-pointer-types -Wno-error=implicit-function-declaration -Wno-error=int-conversion -w -static-libgcc -D_GNU_SOURCE -D_TIME_BITS=64 -D_FILE_OFFSET_BITS=64 -U_FORTIFY_SOURCE -D_FORTIFY_SOURCE=0 -DNDEBUG -D_NDEBUG -Wl,-O1,--sort-common,--as-needed -L/usr/local/x86_64/lib/x86_64-linux-gnu -L/usr/local/lib conftest.c  >&5
configure:5438: $? = 0
configure:5462: result: 
configure:5486: checking whether we are cross compiling
configure:5494: ccache gcc -o conftest -march=nocona -mtune=core-avx2 -pipe -O2 -fno-strict-aliasing -fwrapv -mfpmath=sse                         -Wno-error=incompatible-pointer-types -Wno-error=implicit-function-declaration -Wno-error=int-conversion -w -static-libgcc -D_GNU_SOURCE -D_TIME_BITS=64 -D_FILE_OFFSET_BITS=64 -U_FORTIFY_SOURCE -D_FORTIFY_SOURCE=0 -DNDEBUG -D_NDEBUG -D_GNU_SOURCE -D_TIME_BITS=64 -D_FILE_OFFSET_BITS=64 -U_FORTIFY_SOURCE -D_FORTIFY_SOURCE=0 -DNDEBUG -D_NDEBUG -march=nocona -mtune=core-avx2 -pipe -O2 -fno-strict-aliasing -fwrapv -mfpmath=sse                         -Wno-error=incompatible-pointer-types -Wno-error=implicit-function-declaration -Wno-error=int-conversion -w -static-libgcc -D_GNU_SOURCE -D_TIME_BITS=64 -D_FILE_OFFSET_BITS=64 -U_FORTIFY_SOURCE -D_FORTIFY_SOURCE=0 -DNDEBUG -D_NDEBUG -Wl,-O1,--sort-common,--as-needed -L/usr/local/x86_64/lib/x86_64-linux-gnu -L/usr/local/lib conftest.c  >&5
configure:5498: $? = 0
configure:5505: ./conftest
configure:5509: $? = 0
configure:5524: result: no
configure:5530: checking for suffix of object files
configure:5553: ccache gcc -c -march=nocona -mtune=core-avx2 -pipe -O2 -fno-strict-aliasing -fwrapv -mfpmath=sse                         -Wno-error=incompatible-pointer-types -Wno-error=implicit-function-declaration -Wno-error=int-conversion -w -static-libgcc -D_GNU_SOURCE -D_TIME_BITS=64 -D_FILE_OFFSET_BITS=64 -U_FORTIFY_SOURCE -D_FORTIFY_SOURCE=0 -DNDEBUG -D_NDEBUG -D_GNU_SOURCE -D_TIME_BITS=64 -D_FILE_OFFSET_BITS=64 -U_FORTIFY_SOURCE -D_FORTIFY_SOURCE=0 -DNDEBUG -D_NDEBUG conftest.c >&5
configure:5557: $? = 0
configure:5581: result: o
configure:5585: checking whether the compiler supports GNU C
configure:5605: ccache gcc -c -march=nocona -mtune=core-avx2 -pipe -O2 -fno-strict-aliasing -fwrapv -mfpmath=sse                         -Wno-error=incompatible-pointer-types -Wno-error=implicit-function-declaration -Wno-error=int-conversion -w -static-libgcc -D_GNU_SOURCE -D_TIME_BITS=64 -D_FILE_OFFSET_BITS=64 -U_FORTIFY_SOURCE -D_FORTIFY_SOURCE=0 -DNDEBUG -D_NDEBUG -D_GNU_SOURCE -D_TIME_BITS=64 -D_FILE_OFFSET_BITS=64 -U_FORTIFY_SOURCE -D_FORTIFY_SOURCE=0 -DNDEBUG -D_NDEBUG conftest.c >&5
configure:5605: $? = 0
configure:5617: result: yes
configure:5628: checking whether ccache gcc accepts -g
configure:5649: ccache gcc -c -g -D_GNU_SOURCE -D_TIME_BITS=64 -D_FILE_OFFSET_BITS=64 -U_FORTIFY_SOURCE -D_FORTIFY_SOURCE=0 -DNDEBUG -D_NDEBUG conftest.c >&5
configure:5649: $? = 0
configure:5696: result: yes
configure:5716: checking for ccache gcc option to enable C11 features
configure:5731: ccache gcc  -c -march=nocona -mtune=core-avx2 -pipe -O2 -fno-strict-aliasing -fwrapv -mfpmath=sse                         -Wno-error=incompatible-pointer-types -Wno-error=implicit-function-declaration -Wno-error=int-conversion -w -static-libgcc -D_GNU_SOURCE -D_TIME_BITS=64 -D_FILE_OFFSET_BITS=64 -U_FORTIFY_SOURCE -D_FORTIFY_SOURCE=0 -DNDEBUG -D_NDEBUG -D_GNU_SOURCE -D_TIME_BITS=64 -D_FILE_OFFSET_BITS=64 -U_FORTIFY_SOURCE -D_FORTIFY_SOURCE=0 -DNDEBUG -D_NDEBUG conftest.c >&5
configure:5731: $? = 0
configure:5750: result: none needed
configure:5998: checking for C++ compiler version
configure:6007: ccache g++ --version >&5
g++ (Debian 14.2.0-19) 14.2.0
Copyright (C) 2024 Free Software Foundation, Inc.
This is free software; see the source for copying conditions.  There is NO
warranty; not even for MERCHANTABILITY or FITNESS FOR A PARTICULAR PURPOSE.

configure:6018: $? = 0
configure:6007: ccache g++ -v >&5
Using built-in specs.
COLLECT_GCC=/usr/bin/g++
COLLECT_LTO_WRAPPER=/usr/libexec/gcc/x86_64-linux-gnu/14/lto-wrapper
OFFLOAD_TARGET_NAMES=nvptx-none:amdgcn-amdhsa
OFFLOAD_TARGET_DEFAULT=1
Target: x86_64-linux-gnu
Configured with: ../src/configure -v --with-pkgversion='Debian 14.2.0-19' --with-bugurl=file:///usr/share/doc/gcc-14/README.Bugs --enable-languages=c,ada,c++,go,d,fortran,objc,obj-c++,m2,rust --prefix=/usr --with-gcc-major-version-only --program-suffix=-14 --program-prefix=x86_64-linux-gnu- --enable-shared --enable-linker-build-id --libexecdir=/usr/libexec --without-included-gettext --enable-threads=posix --libdir=/usr/lib --enable-nls --enable-bootstrap --enable-clocale=gnu --enable-libstdcxx-debug --enable-libstdcxx-time=yes --with-default-libstdcxx-abi=new --enable-libstdcxx-backtrace --enable-gnu-unique-object --disable-vtable-verify --enable-plugin --enable-default-pie --with-system-zlib --enable-libphobos-checking=release --with-target-system-zlib=auto --enable-objc-gc=auto --enable-multiarch --disable-werror --enable-cet --with-arch-32=i686 --with-abi=m64 --with-multilib-list=m32,m64,mx32 --enable-multilib --with-tune=generic --enable-offload-targets=nvptx-none=/build/reproducible-path/gcc-14-14.2.0/debian/tmp-nvptx/usr,amdgcn-amdhsa=/build/reproducible-path/gcc-14-14.2.0/debian/tmp-gcn/usr --enable-offload-defaulted --without-cuda-driver --enable-checking=release --build=x86_64-linux-gnu --host=x86_64-linux-gnu --target=x86_64-linux-gnu --with-build-config=bootstrap-lto-lean --enable-link-serialization=3
Thread model: posix
Supported LTO compression algorithms: zlib zstd
gcc version 14.2.0 (Debian 14.2.0-19) 
... rest of stderr output deleted ...
configure:6018: $? = 0
configure:6007: ccache g++ -V >&5
g++: error: unrecognized command-line option '-V'
g++: fatal error: no input files
compilation terminated.
configure:6018: $? = 1
configure:6007: ccache g++ -qversion >&5
g++: error: unrecognized command-line option '-qversion'; did you mean '--version'?
g++: fatal error: no input files
compilation terminated.
configure:6018: $? = 1
configure:6022: checking whether the compiler supports GNU C++
configure:6042: ccache g++ -c -march=nocona -mtune=core-avx2 -pipe -O2 -fno-strict-aliasing -fwrapv -mfpmath=sse                         -Wno-error=incompatible-pointer-types -Wno-error=implicit-function-declaration -Wno-error=int-conversion -w -static-libgcc -D_GNU_SOURCE -D_TIME_BITS=64 -D_FILE_OFFSET_BITS=64 -U_FORTIFY_SOURCE -D_FORTIFY_SOURCE=0 -DNDEBUG -D_NDEBUG -D_GNU_SOURCE -D_TIME_BITS=64 -D_FILE_OFFSET_BITS=64 -U_FORTIFY_SOURCE -D_FORTIFY_SOURCE=0 -DNDEBUG -D_NDEBUG conftest.cpp >&5
configure:6042: $? = 0
configure:6054: result: yes
configure:6065: checking whether ccache g++ accepts -g
configure:6086: ccache g++ -c -g -D_GNU_SOURCE -D_TIME_BITS=64 -D_FILE_OFFSET_BITS=64 -U_FORTIFY_SOURCE -D_FORTIFY_SOURCE=0 -DNDEBUG -D_NDEBUG conftest.cpp >&5
configure:6086: $? = 0
configure:6133: result: yes
configure:6153: checking for ccache g++ option to enable C++11 features
configure:6168: ccache g++  -c -march=nocona -mtune=core-avx2 -pipe -O2 -fno-strict-aliasing -fwrapv -mfpmath=sse                         -Wno-error=incompatible-pointer-types -Wno-error=implicit-function-declaration -Wno-error=int-conversion -w -static-libgcc -D_GNU_SOURCE -D_TIME_BITS=64 -D_FILE_OFFSET_BITS=64 -U_FORTIFY_SOURCE -D_FORTIFY_SOURCE=0 -DNDEBUG -D_NDEBUG -D_GNU_SOURCE -D_TIME_BITS=64 -D_FILE_OFFSET_BITS=64 -U_FORTIFY_SOURCE -D_FORTIFY_SOURCE=0 -DNDEBUG -D_NDEBUG conftest.cpp >&5
configure:6168: $? = 0
configure:6187: result: none needed
configure:6305: checking for cpp
configure:6326: found /usr/bin/cpp
configure:6338: result: cpp
configure:6412: checking for ld
configure:6433: found /usr/bin/ld
configure:6445: result: ld
configure:6643: checking for the directory containing the Wine tools
configure:6661: result: none needed
configure:6679: checking for flex
configure:6700: found /usr/bin/flex
configure:6712: result: flex
configure:6728: checking whether flex is recent enough
configure:6748: result: yes
configure:6756: checking for bison
configure:6777: found /usr/bin/bison
configure:6789: result: bison
configure:6805: checking whether bison is recent enough
configure:6824: result: yes
configure:6877: checking for strip
configure:6898: found /usr/bin/strip
configure:6910: result: strip
configure:6932: checking whether ln -s works
configure:6936: result: yes
configure:6947: checking for pkg-config
configure:6980: result: pkg-config
configure:7320: checking for msgfmt
configure:7341: found /usr/bin/msgfmt
configure:7353: result: msgfmt
configure:7367: checking whether msgfmt supports contexts
configure:7387: result: yes
configure:7798: checking whether ccache x86_64-w64-mingw32-gcc supports -fuse-ld=lld -target x86_64-w64-mingw32 --no-default-config
configure:7817: ccache x86_64-w64-mingw32-gcc -o conftest.exe -march=nocona -mtune=core-avx2 -pipe -O2 -fno-strict-aliasing -fwrapv -mfpmath=sse                         -Wno-error=incompatible-pointer-types -Wno-error=implicit-function-declaration -Wno-error=int-conversion -w -D_GNU_SOURCE -D_TIME_BITS=64 -D_FILE_OFFSET_BITS=64 -U_FORTIFY_SOURCE -D_FORTIFY_SOURCE=0 -DNDEBUG -D_NDEBUG -nostdlib -nodefaultlibs -fuse-ld=lld -target x86_64-w64-mingw32 --no-default-config  -march=nocona -mtune=core-avx2 -pipe -O2 -fno-strict-aliasing -fwrapv -mfpmath=sse                         -Wno-error=incompatible-pointer-types -Wno-error=implicit-function-declaration -Wno-error=int-conversion -w -D_GNU_SOURCE -D_TIME_BITS=64 -D_FILE_OFFSET_BITS=64 -U_FORTIFY_SOURCE -D_FORTIFY_SOURCE=0 -DNDEBUG -D_NDEBUG -Wl,-O1,--sort-common,--as-needed,--file-alignment=4096 conftest.c  >&5
x86_64-w64-mingw32-gcc: error: unrecognized command-line option '-target'
x86_64-w64-mingw32-gcc: error: unrecognized command-line option '--no-default-config'; did you mean '--no-default-inline'?
configure:7817: $? = 1
configure: failed program was:
| /* confdefs.h */
| #define PACKAGE_NAME "Wine"
| #define PACKAGE_TARNAME "wine"
| #define PACKAGE_VERSION "11.8"
| #define PACKAGE_STRING "Wine 11.8"
| #define PACKAGE_BUGREPORT "wine-devel@winehq.org"
| #define PACKAGE_URL "https://www.winehq.org"
| #define EXEEXT ""
| /* end confdefs.h.  */
| void *__os_arm64x_dispatch_ret = 0;
| const unsigned int _load_config_used[0x50] = { sizeof(_load_config_used) };
| #if defined(__clang_major__) && defined(MIN_CLANG_VERSION) && __clang_major__ < MIN_CLANG_VERSION
| #error Too old clang version
| #endif
| int __cdecl mainCRTStartup(void) { return 0; }
configure:7831: result: no
configure:7839: checking whether ccache x86_64-w64-mingw32-gcc supports -fuse-ld=lld -target x86_64-w64-mingw32
configure:7858: ccache x86_64-w64-mingw32-gcc -o conftest.exe -march=nocona -mtune=core-avx2 -pipe -O2 -fno-strict-aliasing -fwrapv -mfpmath=sse                         -Wno-error=incompatible-pointer-types -Wno-error=implicit-function-declaration -Wno-error=int-conversion -w -D_GNU_SOURCE -D_TIME_BITS=64 -D_FILE_OFFSET_BITS=64 -U_FORTIFY_SOURCE -D_FORTIFY_SOURCE=0 -DNDEBUG -D_NDEBUG -nostdlib -nodefaultlibs -fuse-ld=lld -target x86_64-w64-mingw32  -march=nocona -mtune=core-avx2 -pipe -O2 -fno-strict-aliasing -fwrapv -mfpmath=sse                         -Wno-error=incompatible-pointer-types -Wno-error=implicit-function-declaration -Wno-error=int-conversion -w -D_GNU_SOURCE -D_TIME_BITS=64 -D_FILE_OFFSET_BITS=64 -U_FORTIFY_SOURCE -D_FORTIFY_SOURCE=0 -DNDEBUG -D_NDEBUG -Wl,-O1,--sort-common,--as-needed,--file-alignment=4096 conftest.c  >&5
x86_64-w64-mingw32-gcc: error: unrecognized command-line option '-target'
configure:7858: $? = 1
configure: failed program was:
| /* confdefs.h */
| #define PACKAGE_NAME "Wine"
| #define PACKAGE_TARNAME "wine"
| #define PACKAGE_VERSION "11.8"
| #define PACKAGE_STRING "Wine 11.8"
| #define PACKAGE_BUGREPORT "wine-devel@winehq.org"
| #define PACKAGE_URL "https://www.winehq.org"
| #define EXEEXT ""
| /* end confdefs.h.  */
| void *__os_arm64x_dispatch_ret = 0;
| const unsigned int _load_config_used[0x50] = { sizeof(_load_config_used) };
| #if defined(__clang_major__) && defined(MIN_CLANG_VERSION) && __clang_major__ < MIN_CLANG_VERSION
| #error Too old clang version
| #endif
| int __cdecl mainCRTStartup(void) { return 0; }
configure:7872: result: no
configure:7894: checking whether ccache x86_64-w64-mingw32-gcc works
configure:7911: ccache x86_64-w64-mingw32-gcc -c -march=nocona -mtune=core-avx2 -pipe -O2 -fno-strict-aliasing -fwrapv -mfpmath=sse                         -Wno-error=incompatible-pointer-types -Wno-error=implicit-function-declaration -Wno-error=int-conversion -w -D_GNU_SOURCE -D_TIME_BITS=64 -D_FILE_OFFSET_BITS=64 -U_FORTIFY_SOURCE -D_FORTIFY_SOURCE=0 -DNDEBUG -D_NDEBUG  conftest.c >&5
configure:7911: $? = 0
configure:7922: result: yes
configure:7945: checking for ccache x86_64-w64-mingw32-gcc option to enable C99 features
configure:7959: ccache x86_64-w64-mingw32-gcc -c -march=nocona -mtune=core-avx2 -pipe -O2 -fno-strict-aliasing -fwrapv -mfpmath=sse                         -Wno-error=incompatible-pointer-types -Wno-error=implicit-function-declaration -Wno-error=int-conversion -w -D_GNU_SOURCE -D_TIME_BITS=64 -D_FILE_OFFSET_BITS=64 -U_FORTIFY_SOURCE -D_FORTIFY_SOURCE=0 -DNDEBUG -D_NDEBUG  conftest.c >&5
configure:7959: $? = 0
configure:7982: result: none needed
configure:8004: checking whether ccache x86_64-w64-mingw32-gcc supports SEH directives
configure:8021: ccache x86_64-w64-mingw32-gcc -c -march=nocona -mtune=core-avx2 -pipe -O2 -fno-strict-aliasing -fwrapv -mfpmath=sse                         -Wno-error=incompatible-pointer-types -Wno-error=implicit-function-declaration -Wno-error=int-conversion -w -D_GNU_SOURCE -D_TIME_BITS=64 -D_FILE_OFFSET_BITS=64 -U_FORTIFY_SOURCE -D_FORTIFY_SOURCE=0 -DNDEBUG -D_NDEBUG  conftest.c >&5
configure:8021: $? = 0
configure:8032: result: yes
configure:8061: checking for ccache x86_64-w64-mingw32-gcc option to enable C++17 features
configure:8830: ccache x86_64-w64-mingw32-gcc -c -march=nocona -mtune=core-avx2 -pipe -O2 -fno-strict-aliasing -fwrapv -mfpmath=sse                         -Wno-error=incompatible-pointer-types -Wno-error=implicit-function-declaration -Wno-error=int-conversion -w -D_GNU_SOURCE -D_TIME_BITS=64 -D_FILE_OFFSET_BITS=64 -U_FORTIFY_SOURCE -D_FORTIFY_SOURCE=0 -DNDEBUG -D_NDEBUG  conftest.cpp >&5
configure:8830: $? = 0
configure:8859: result: none needed
configure:8882: checking whether ccache x86_64-w64-mingw32-gcc supports -fno-strict-aliasing
configure:8901: ccache x86_64-w64-mingw32-gcc -o conftest.exe -march=nocona -mtune=core-avx2 -pipe -O2 -fno-strict-aliasing -fwrapv -mfpmath=sse                         -Wno-error=incompatible-pointer-types -Wno-error=implicit-function-declaration -Wno-error=int-conversion -w -D_GNU_SOURCE -D_TIME_BITS=64 -D_FILE_OFFSET_BITS=64 -U_FORTIFY_SOURCE -D_FORTIFY_SOURCE=0 -DNDEBUG -D_NDEBUG -nostdlib -nodefaultlibs -fno-strict-aliasing  -march=nocona -mtune=core-avx2 -pipe -O2 -fno-strict-aliasing -fwrapv -mfpmath=sse                         -Wno-error=incompatible-pointer-types -Wno-error=implicit-function-declaration -Wno-error=int-conversion -w -D_GNU_SOURCE -D_TIME_BITS=64 -D_FILE_OFFSET_BITS=64 -U_FORTIFY_SOURCE -D_FORTIFY_SOURCE=0 -DNDEBUG -D_NDEBUG -Wl,-O1,--sort-common,--as-needed,--file-alignment=4096 conftest.c  >&5
configure:8901: $? = 0
configure:8915: result: yes
configure:8922: checking whether ccache x86_64-w64-mingw32-gcc supports -Werror=unknown-warning-option
configure:8941: ccache x86_64-w64-mingw32-gcc -o conftest.exe -march=nocona -mtune=core-avx2 -pipe -O2 -fno-strict-aliasing -fwrapv -mfpmath=sse                         -Wno-error=incompatible-pointer-types -Wno-error=implicit-function-declaration -Wno-error=int-conversion -w -D_GNU_SOURCE -D_TIME_BITS=64 -D_FILE_OFFSET_BITS=64 -U_FORTIFY_SOURCE -D_FORTIFY_SOURCE=0 -DNDEBUG -D_NDEBUG -nostdlib -nodefaultlibs -Werror=unknown-warning-option  -march=nocona -mtune=core-avx2 -pipe -O2 -fno-strict-aliasing -fwrapv -mfpmath=sse                         -Wno-error=incompatible-pointer-types -Wno-error=implicit-function-declaration -Wno-error=int-conversion -w -D_GNU_SOURCE -D_TIME_BITS=64 -D_FILE_OFFSET_BITS=64 -U_FORTIFY_SOURCE -D_FORTIFY_SOURCE=0 -DNDEBUG -D_NDEBUG -Wl,-O1,--sort-common,--as-needed,--file-alignment=4096 conftest.c  >&5
cc1: error: '-Werror=unknown-warning-option': no option '-Wunknown-warning-option'
configure:8941: $? = 1
configure: failed program was:
| /* confdefs.h */
| #define PACKAGE_NAME "Wine"
| #define PACKAGE_TARNAME "wine"
| #define PACKAGE_VERSION "11.8"
| #define PACKAGE_STRING "Wine 11.8"
| #define PACKAGE_BUGREPORT "wine-devel@winehq.org"
| #define PACKAGE_URL "https://www.winehq.org"
| #define EXEEXT ""
| /* end confdefs.h.  */
| void *__os_arm64x_dispatch_ret = 0;
| const unsigned int _load_config_used[0x50] = { sizeof(_load_config_used) };
| #if defined(__clang_major__) && defined(MIN_CLANG_VERSION) && __clang_major__ < MIN_CLANG_VERSION
| #error Too old clang version
| #endif
| int __cdecl mainCRTStartup(void) { return 0; }
configure:8955: result: no
configure:8962: checking whether ccache x86_64-w64-mingw32-gcc supports -Werror=unused-command-line-argument
configure:8981: ccache x86_64-w64-mingw32-gcc -o conftest.exe -march=nocona -mtune=core-avx2 -pipe -O2 -fno-strict-aliasing -fwrapv -mfpmath=sse                         -Wno-error=incompatible-pointer-types -Wno-error=implicit-function-declaration -Wno-error=int-conversion -w -D_GNU_SOURCE -D_TIME_BITS=64 -D_FILE_OFFSET_BITS=64 -U_FORTIFY_SOURCE -D_FORTIFY_SOURCE=0 -DNDEBUG -D_NDEBUG -nostdlib -nodefaultlibs -Werror=unused-command-line-argument  -march=nocona -mtune=core-avx2 -pipe -O2 -fno-strict-aliasing -fwrapv -mfpmath=sse                         -Wno-error=incompatible-pointer-types -Wno-error=implicit-function-declaration -Wno-error=int-conversion -w -D_GNU_SOURCE -D_TIME_BITS=64 -D_FILE_OFFSET_BITS=64 -U_FORTIFY_SOURCE -D_FORTIFY_SOURCE=0 -DNDEBUG -D_NDEBUG -Wl,-O1,--sort-common,--as-needed,--file-alignment=4096 conftest.c  >&5
cc1: error: '-Werror=unused-command-line-argument': no option '-Wunused-command-line-argument'; did you mean '-Wunused-dummy-argument'?
configure:8981: $? = 1
configure: failed program was:
| /* confdefs.h */
| #define PACKAGE_NAME "Wine"
| #define PACKAGE_TARNAME "wine"
| #define PACKAGE_VERSION "11.8"
| #define PACKAGE_STRING "Wine 11.8"
| #define PACKAGE_BUGREPORT "wine-devel@winehq.org"
| #define PACKAGE_URL "https://www.winehq.org"
| #define EXEEXT ""
| /* end confdefs.h.  */
| void *__os_arm64x_dispatch_ret = 0;
| const unsigned int _load_config_used[0x50] = { sizeof(_load_config_used) };
| #if defined(__clang_major__) && defined(MIN_CLANG_VERSION) && __clang_major__ < MIN_CLANG_VERSION
| #error Too old clang version
| #endif
| int __cdecl mainCRTStartup(void) { return 0; }
configure:8995: result: no
configure:9002: checking whether ccache x86_64-w64-mingw32-gcc supports -Werror=ignored-optimization-argument
configure:9021: ccache x86_64-w64-mingw32-gcc -o conftest.exe -march=nocona -mtune=core-avx2 -pipe -O2 -fno-strict-aliasing -fwrapv -mfpmath=sse                         -Wno-error=incompatible-pointer-types -Wno-error=implicit-function-declaration -Wno-error=int-conversion -w -D_GNU_SOURCE -D_TIME_BITS=64 -D_FILE_OFFSET_BITS=64 -U_FORTIFY_SOURCE -D_FORTIFY_SOURCE=0 -DNDEBUG -D_NDEBUG -nostdlib -nodefaultlibs -Werror=ignored-optimization-argument  -march=nocona -mtune=core-avx2 -pipe -O2 -fno-strict-aliasing -fwrapv -mfpmath=sse                         -Wno-error=incompatible-pointer-types -Wno-error=implicit-function-declaration -Wno-error=int-conversion -w -D_GNU_SOURCE -D_TIME_BITS=64 -D_FILE_OFFSET_BITS=64 -U_FORTIFY_SOURCE -D_FORTIFY_SOURCE=0 -DNDEBUG -D_NDEBUG -Wl,-O1,--sort-common,--as-needed,--file-alignment=4096 conftest.c  >&5
cc1: error: '-Werror=ignored-optimization-argument': no option '-Wignored-optimization-argument'
configure:9021: $? = 1
configure: failed program was:
| /* confdefs.h */
| #define PACKAGE_NAME "Wine"
| #define PACKAGE_TARNAME "wine"
| #define PACKAGE_VERSION "11.8"
| #define PACKAGE_STRING "Wine 11.8"
| #define PACKAGE_BUGREPORT "wine-devel@winehq.org"
| #define PACKAGE_URL "https://www.winehq.org"
| #define EXEEXT ""
| /* end confdefs.h.  */
| void *__os_arm64x_dispatch_ret = 0;
| const unsigned int _load_config_used[0x50] = { sizeof(_load_config_used) };
| #if defined(__clang_major__) && defined(MIN_CLANG_VERSION) && __clang_major__ < MIN_CLANG_VERSION
| #error Too old clang version
| #endif
| int __cdecl mainCRTStartup(void) { return 0; }
configure:9035: result: no
configure:9042: checking whether ccache x86_64-w64-mingw32-gcc supports -Werror=unsupported-floating-point-opt
configure:9061: ccache x86_64-w64-mingw32-gcc -o conftest.exe -march=nocona -mtune=core-avx2 -pipe -O2 -fno-strict-aliasing -fwrapv -mfpmath=sse                         -Wno-error=incompatible-pointer-types -Wno-error=implicit-function-declaration -Wno-error=int-conversion -w -D_GNU_SOURCE -D_TIME_BITS=64 -D_FILE_OFFSET_BITS=64 -U_FORTIFY_SOURCE -D_FORTIFY_SOURCE=0 -DNDEBUG -D_NDEBUG -nostdlib -nodefaultlibs -Werror=unsupported-floating-point-opt  -march=nocona -mtune=core-avx2 -pipe -O2 -fno-strict-aliasing -fwrapv -mfpmath=sse                         -Wno-error=incompatible-pointer-types -Wno-error=implicit-function-declaration -Wno-error=int-conversion -w -D_GNU_SOURCE -D_TIME_BITS=64 -D_FILE_OFFSET_BITS=64 -U_FORTIFY_SOURCE -D_FORTIFY_SOURCE=0 -DNDEBUG -D_NDEBUG -Wl,-O1,--sort-common,--as-needed,--file-alignment=4096 conftest.c  >&5
cc1: error: '-Werror=unsupported-floating-point-opt': no option '-Wunsupported-floating-point-opt'
configure:9061: $? = 1
configure: failed program was:
| /* confdefs.h */
| #define PACKAGE_NAME "Wine"
| #define PACKAGE_TARNAME "wine"
| #define PACKAGE_VERSION "11.8"
| #define PACKAGE_STRING "Wine 11.8"
| #define PACKAGE_BUGREPORT "wine-devel@winehq.org"
| #define PACKAGE_URL "https://www.winehq.org"
| #define EXEEXT ""
| /* end confdefs.h.  */
| void *__os_arm64x_dispatch_ret = 0;
| const unsigned int _load_config_used[0x50] = { sizeof(_load_config_used) };
| #if defined(__clang_major__) && defined(MIN_CLANG_VERSION) && __clang_major__ < MIN_CLANG_VERSION
| #error Too old clang version
| #endif
| int __cdecl mainCRTStartup(void) { return 0; }
configure:9075: result: no
configure:9082: checking whether ccache x86_64-w64-mingw32-gcc supports -Wempty-body
configure:9101: ccache x86_64-w64-mingw32-gcc -o conftest.exe -march=nocona -mtune=core-avx2 -pipe -O2 -fno-strict-aliasing -fwrapv -mfpmath=sse                         -Wno-error=incompatible-pointer-types -Wno-error=implicit-function-declaration -Wno-error=int-conversion -w -D_GNU_SOURCE -D_TIME_BITS=64 -D_FILE_OFFSET_BITS=64 -U_FORTIFY_SOURCE -D_FORTIFY_SOURCE=0 -DNDEBUG -D_NDEBUG -nostdlib -nodefaultlibs -Wempty-body  -march=nocona -mtune=core-avx2 -pipe -O2 -fno-strict-aliasing -fwrapv -mfpmath=sse                         -Wno-error=incompatible-pointer-types -Wno-error=implicit-function-declaration -Wno-error=int-conversion -w -D_GNU_SOURCE -D_TIME_BITS=64 -D_FILE_OFFSET_BITS=64 -U_FORTIFY_SOURCE -D_FORTIFY_SOURCE=0 -DNDEBUG -D_NDEBUG -Wl,-O1,--sort-common,--as-needed,--file-alignment=4096 conftest.c  >&5
configure:9101: $? = 0
configure:9115: result: yes
configure:9122: checking whether ccache x86_64-w64-mingw32-gcc supports -Wignored-qualifiers
configure:9141: ccache x86_64-w64-mingw32-gcc -o conftest.exe -march=nocona -mtune=core-avx2 -pipe -O2 -fno-strict-aliasing -fwrapv -mfpmath=sse                         -Wno-error=incompatible-pointer-types -Wno-error=implicit-function-declaration -Wno-error=int-conversion -w -D_GNU_SOURCE -D_TIME_BITS=64 -D_FILE_OFFSET_BITS=64 -U_FORTIFY_SOURCE -D_FORTIFY_SOURCE=0 -DNDEBUG -D_NDEBUG -nostdlib -nodefaultlibs -Wignored-qualifiers  -march=nocona -mtune=core-avx2 -pipe -O2 -fno-strict-aliasing -fwrapv -mfpmath=sse                         -Wno-error=incompatible-pointer-types -Wno-error=implicit-function-declaration -Wno-error=int-conversion -w -D_GNU_SOURCE -D_TIME_BITS=64 -D_FILE_OFFSET_BITS=64 -U_FORTIFY_SOURCE -D_FORTIFY_SOURCE=0 -DNDEBUG -D_NDEBUG -Wl,-O1,--sort-common,--as-needed,--file-alignment=4096 conftest.c  >&5
configure:9141: $? = 0
configure:9155: result: yes
configure:9162: checking whether ccache x86_64-w64-mingw32-gcc supports -Winit-self
configure:9181: ccache x86_64-w64-mingw32-gcc -o conftest.exe -march=nocona -mtune=core-avx2 -pipe -O2 -fno-strict-aliasing -fwrapv -mfpmath=sse                         -Wno-error=incompatible-pointer-types -Wno-error=implicit-function-declaration -Wno-error=int-conversion -w -D_GNU_SOURCE -D_TIME_BITS=64 -D_FILE_OFFSET_BITS=64 -U_FORTIFY_SOURCE -D_FORTIFY_SOURCE=0 -DNDEBUG -D_NDEBUG -nostdlib -nodefaultlibs -Winit-self  -march=nocona -mtune=core-avx2 -pipe -O2 -fno-strict-aliasing -fwrapv -mfpmath=sse                         -Wno-error=incompatible-pointer-types -Wno-error=implicit-function-declaration -Wno-error=int-conversion -w -D_GNU_SOURCE -D_TIME_BITS=64 -D_FILE_OFFSET_BITS=64 -U_FORTIFY_SOURCE -D_FORTIFY_SOURCE=0 -DNDEBUG -D_NDEBUG -Wl,-O1,--sort-common,--as-needed,--file-alignment=4096 conftest.c  >&5
configure:9181: $? = 0
configure:9195: result: yes
configure:9202: checking whether ccache x86_64-w64-mingw32-gcc supports -Wpacked-not-aligned
configure:9221: ccache x86_64-w64-mingw32-gcc -o conftest.exe -march=nocona -mtune=core-avx2 -pipe -O2 -fno-strict-aliasing -fwrapv -mfpmath=sse                         -Wno-error=incompatible-pointer-types -Wno-error=implicit-function-declaration -Wno-error=int-conversion -w -D_GNU_SOURCE -D_TIME_BITS=64 -D_FILE_OFFSET_BITS=64 -U_FORTIFY_SOURCE -D_FORTIFY_SOURCE=0 -DNDEBUG -D_NDEBUG -nostdlib -nodefaultlibs -Wpacked-not-aligned  -march=nocona -mtune=core-avx2 -pipe -O2 -fno-strict-aliasing -fwrapv -mfpmath=sse                         -Wno-error=incompatible-pointer-types -Wno-error=implicit-function-declaration -Wno-error=int-conversion -w -D_GNU_SOURCE -D_TIME_BITS=64 -D_FILE_OFFSET_BITS=64 -U_FORTIFY_SOURCE -D_FORTIFY_SOURCE=0 -DNDEBUG -D_NDEBUG -Wl,-O1,--sort-common,--as-needed,--file-alignment=4096 conftest.c  >&5
configure:9221: $? = 0
configure:9235: result: yes
configure:9242: checking whether ccache x86_64-w64-mingw32-gcc supports -Wmicrosoft-enum-forward-reference
configure:9261: ccache x86_64-w64-mingw32-gcc -o conftest.exe -march=nocona -mtune=core-avx2 -pipe -O2 -fno-strict-aliasing -fwrapv -mfpmath=sse                         -Wno-error=incompatible-pointer-types -Wno-error=implicit-function-declaration -Wno-error=int-conversion -w -D_GNU_SOURCE -D_TIME_BITS=64 -D_FILE_OFFSET_BITS=64 -U_FORTIFY_SOURCE -D_FORTIFY_SOURCE=0 -DNDEBUG -D_NDEBUG -nostdlib -nodefaultlibs -Wmicrosoft-enum-forward-reference  -march=nocona -mtune=core-avx2 -pipe -O2 -fno-strict-aliasing -fwrapv -mfpmath=sse                         -Wno-error=incompatible-pointer-types -Wno-error=implicit-function-declaration -Wno-error=int-conversion -w -D_GNU_SOURCE -D_TIME_BITS=64 -D_FILE_OFFSET_BITS=64 -U_FORTIFY_SOURCE -D_FORTIFY_SOURCE=0 -DNDEBUG -D_NDEBUG -Wl,-O1,--sort-common,--as-needed,--file-alignment=4096 conftest.c  >&5
x86_64-w64-mingw32-gcc: error: unrecognized command-line option '-Wmicrosoft-enum-forward-reference'
configure:9261: $? = 1
configure: failed program was:
| /* confdefs.h */
| #define PACKAGE_NAME "Wine"
| #define PACKAGE_TARNAME "wine"
| #define PACKAGE_VERSION "11.8"
| #define PACKAGE_STRING "Wine 11.8"
| #define PACKAGE_BUGREPORT "wine-devel@winehq.org"
| #define PACKAGE_URL "https://www.winehq.org"
| #define EXEEXT ""
| /* end confdefs.h.  */
| void *__os_arm64x_dispatch_ret = 0;
| const unsigned int _load_config_used[0x50] = { sizeof(_load_config_used) };
| #if defined(__clang_major__) && defined(MIN_CLANG_VERSION) && __clang_major__ < MIN_CLANG_VERSION
| #error Too old clang version
| #endif
| int __cdecl mainCRTStartup(void) { return 0; }
configure:9275: result: no
configure:9282: checking whether ccache x86_64-w64-mingw32-gcc supports -Wshift-overflow=2
configure:9301: ccache x86_64-w64-mingw32-gcc -o conftest.exe -march=nocona -mtune=core-avx2 -pipe -O2 -fno-strict-aliasing -fwrapv -mfpmath=sse                         -Wno-error=incompatible-pointer-types -Wno-error=implicit-function-declaration -Wno-error=int-conversion -w -D_GNU_SOURCE -D_TIME_BITS=64 -D_FILE_OFFSET_BITS=64 -U_FORTIFY_SOURCE -D_FORTIFY_SOURCE=0 -DNDEBUG -D_NDEBUG -nostdlib -nodefaultlibs -Wshift-overflow=2  -march=nocona -mtune=core-avx2 -pipe -O2 -fno-strict-aliasing -fwrapv -mfpmath=sse                         -Wno-error=incompatible-pointer-types -Wno-error=implicit-function-declaration -Wno-error=int-conversion -w -D_GNU_SOURCE -D_TIME_BITS=64 -D_FILE_OFFSET_BITS=64 -U_FORTIFY_SOURCE -D_FORTIFY_SOURCE=0 -DNDEBUG -D_NDEBUG -Wl,-O1,--sort-common,--as-needed,--file-alignment=4096 conftest.c  >&5
configure:9301: $? = 0
configure:9315: result: yes
configure:9322: checking whether ccache x86_64-w64-mingw32-gcc supports -Wtype-limits
configure:9341: ccache x86_64-w64-mingw32-gcc -o conftest.exe -march=nocona -mtune=core-avx2 -pipe -O2 -fno-strict-aliasing -fwrapv -mfpmath=sse                         -Wno-error=incompatible-pointer-types -Wno-error=implicit-function-declaration -Wno-error=int-conversion -w -D_GNU_SOURCE -D_TIME_BITS=64 -D_FILE_OFFSET_BITS=64 -U_FORTIFY_SOURCE -D_FORTIFY_SOURCE=0 -DNDEBUG -D_NDEBUG -nostdlib -nodefaultlibs -Wtype-limits  -march=nocona -mtune=core-avx2 -pipe -O2 -fno-strict-aliasing -fwrapv -mfpmath=sse                         -Wno-error=incompatible-pointer-types -Wno-error=implicit-function-declaration -Wno-error=int-conversion -w -D_GNU_SOURCE -D_TIME_BITS=64 -D_FILE_OFFSET_BITS=64 -U_FORTIFY_SOURCE -D_FORTIFY_SOURCE=0 -DNDEBUG -D_NDEBUG -Wl,-O1,--sort-common,--as-needed,--file-alignment=4096 conftest.c  >&5
configure:9341: $? = 0
configure:9355: result: yes
configure:9362: checking whether ccache x86_64-w64-mingw32-gcc supports -Wunused-but-set-parameter
configure:9381: ccache x86_64-w64-mingw32-gcc -o conftest.exe -march=nocona -mtune=core-avx2 -pipe -O2 -fno-strict-aliasing -fwrapv -mfpmath=sse                         -Wno-error=incompatible-pointer-types -Wno-error=implicit-function-declaration -Wno-error=int-conversion -w -D_GNU_SOURCE -D_TIME_BITS=64 -D_FILE_OFFSET_BITS=64 -U_FORTIFY_SOURCE -D_FORTIFY_SOURCE=0 -DNDEBUG -D_NDEBUG -nostdlib -nodefaultlibs -Wunused-but-set-parameter  -march=nocona -mtune=core-avx2 -pipe -O2 -fno-strict-aliasing -fwrapv -mfpmath=sse                         -Wno-error=incompatible-pointer-types -Wno-error=implicit-function-declaration -Wno-error=int-conversion -w -D_GNU_SOURCE -D_TIME_BITS=64 -D_FILE_OFFSET_BITS=64 -U_FORTIFY_SOURCE -D_FORTIFY_SOURCE=0 -DNDEBUG -D_NDEBUG -Wl,-O1,--sort-common,--as-needed,--file-alignment=4096 conftest.c  >&5
configure:9381: $? = 0
configure:9395: result: yes
configure:9402: checking whether ccache x86_64-w64-mingw32-gcc supports -Wvla
configure:9421: ccache x86_64-w64-mingw32-gcc -o conftest.exe -march=nocona -mtune=core-avx2 -pipe -O2 -fno-strict-aliasing -fwrapv -mfpmath=sse                         -Wno-error=incompatible-pointer-types -Wno-error=implicit-function-declaration -Wno-error=int-conversion -w -D_GNU_SOURCE -D_TIME_BITS=64 -D_FILE_OFFSET_BITS=64 -U_FORTIFY_SOURCE -D_FORTIFY_SOURCE=0 -DNDEBUG -D_NDEBUG -nostdlib -nodefaultlibs -Wvla  -march=nocona -mtune=core-avx2 -pipe -O2 -fno-strict-aliasing -fwrapv -mfpmath=sse                         -Wno-error=incompatible-pointer-types -Wno-error=implicit-function-declaration -Wno-error=int-conversion -w -D_GNU_SOURCE -D_TIME_BITS=64 -D_FILE_OFFSET_BITS=64 -U_FORTIFY_SOURCE -D_FORTIFY_SOURCE=0 -DNDEBUG -D_NDEBUG -Wl,-O1,--sort-common,--as-needed,--file-alignment=4096 conftest.c  >&5
configure:9421: $? = 0
configure:9435: result: yes
configure:9442: checking whether ccache x86_64-w64-mingw32-gcc supports -Wwrite-strings
configure:9461: ccache x86_64-w64-mingw32-gcc -o conftest.exe -march=nocona -mtune=core-avx2 -pipe -O2 -fno-strict-aliasing -fwrapv -mfpmath=sse                         -Wno-error=incompatible-pointer-types -Wno-error=implicit-function-declaration -Wno-error=int-conversion -w -D_GNU_SOURCE -D_TIME_BITS=64 -D_FILE_OFFSET_BITS=64 -U_FORTIFY_SOURCE -D_FORTIFY_SOURCE=0 -DNDEBUG -D_NDEBUG -nostdlib -nodefaultlibs -Wwrite-strings  -march=nocona -mtune=core-avx2 -pipe -O2 -fno-strict-aliasing -fwrapv -mfpmath=sse                         -Wno-error=incompatible-pointer-types -Wno-error=implicit-function-declaration -Wno-error=int-conversion -w -D_GNU_SOURCE -D_TIME_BITS=64 -D_FILE_OFFSET_BITS=64 -U_FORTIFY_SOURCE -D_FORTIFY_SOURCE=0 -DNDEBUG -D_NDEBUG -Wl,-O1,--sort-common,--as-needed,--file-alignment=4096 conftest.c  >&5
configure:9461: $? = 0
configure:9475: result: yes
configure:9482: checking whether ccache x86_64-w64-mingw32-gcc supports -Wpointer-arith
configure:9501: ccache x86_64-w64-mingw32-gcc -o conftest.exe -march=nocona -mtune=core-avx2 -pipe -O2 -fno-strict-aliasing -fwrapv -mfpmath=sse                         -Wno-error=incompatible-pointer-types -Wno-error=implicit-function-declaration -Wno-error=int-conversion -w -D_GNU_SOURCE -D_TIME_BITS=64 -D_FILE_OFFSET_BITS=64 -U_FORTIFY_SOURCE -D_FORTIFY_SOURCE=0 -DNDEBUG -D_NDEBUG -nostdlib -nodefaultlibs -Wpointer-arith  -march=nocona -mtune=core-avx2 -pipe -O2 -fno-strict-aliasing -fwrapv -mfpmath=sse                         -Wno-error=incompatible-pointer-types -Wno-error=implicit-function-declaration -Wno-error=int-conversion -w -D_GNU_SOURCE -D_TIME_BITS=64 -D_FILE_OFFSET_BITS=64 -U_FORTIFY_SOURCE -D_FORTIFY_SOURCE=0 -DNDEBUG -D_NDEBUG -Wl,-O1,--sort-common,--as-needed,--file-alignment=4096 conftest.c  >&5
configure:9501: $? = 0
configure:9515: result: yes
configure:9522: checking whether ccache x86_64-w64-mingw32-gcc supports -Wlogical-op
configure:9541: ccache x86_64-w64-mingw32-gcc -o conftest.exe -march=nocona -mtune=core-avx2 -pipe -O2 -fno-strict-aliasing -fwrapv -mfpmath=sse                         -Wno-error=incompatible-pointer-types -Wno-error=implicit-function-declaration -Wno-error=int-conversion -w -D_GNU_SOURCE -D_TIME_BITS=64 -D_FILE_OFFSET_BITS=64 -U_FORTIFY_SOURCE -D_FORTIFY_SOURCE=0 -DNDEBUG -D_NDEBUG -nostdlib -nodefaultlibs -Wlogical-op  -march=nocona -mtune=core-avx2 -pipe -O2 -fno-strict-aliasing -fwrapv -mfpmath=sse                         -Wno-error=incompatible-pointer-types -Wno-error=implicit-function-declaration -Wno-error=int-conversion -w -D_GNU_SOURCE -D_TIME_BITS=64 -D_FILE_OFFSET_BITS=64 -U_FORTIFY_SOURCE -D_FORTIFY_SOURCE=0 -DNDEBUG -D_NDEBUG -Wl,-O1,--sort-common,--as-needed,--file-alignment=4096 conftest.c  >&5
configure:9541: $? = 0
configure:9555: result: yes
configure:9562: checking whether ccache x86_64-w64-mingw32-gcc supports -Wenum-enum-conversion
configure:9581: ccache x86_64-w64-mingw32-gcc -o conftest.exe -march=nocona -mtune=core-avx2 -pipe -O2 -fno-strict-aliasing -fwrapv -mfpmath=sse                         -Wno-error=incompatible-pointer-types -Wno-error=implicit-function-declaration -Wno-error=int-conversion -w -D_GNU_SOURCE -D_TIME_BITS=64 -D_FILE_OFFSET_BITS=64 -U_FORTIFY_SOURCE -D_FORTIFY_SOURCE=0 -DNDEBUG -D_NDEBUG -nostdlib -nodefaultlibs -Wenum-enum-conversion  -march=nocona -mtune=core-avx2 -pipe -O2 -fno-strict-aliasing -fwrapv -mfpmath=sse                         -Wno-error=incompatible-pointer-types -Wno-error=implicit-function-declaration -Wno-error=int-conversion -w -D_GNU_SOURCE -D_TIME_BITS=64 -D_FILE_OFFSET_BITS=64 -U_FORTIFY_SOURCE -D_FORTIFY_SOURCE=0 -DNDEBUG -D_NDEBUG -Wl,-O1,--sort-common,--as-needed,--file-alignment=4096 conftest.c  >&5
x86_64-w64-mingw32-gcc: error: unrecognized command-line option '-Wenum-enum-conversion'; did you mean '-Wno-enum-conversion'?
configure:9581: $? = 1
configure: failed program was:
| /* confdefs.h */
| #define PACKAGE_NAME "Wine"
| #define PACKAGE_TARNAME "wine"
| #define PACKAGE_VERSION "11.8"
| #define PACKAGE_STRING "Wine 11.8"
| #define PACKAGE_BUGREPORT "wine-devel@winehq.org"
| #define PACKAGE_URL "https://www.winehq.org"
| #define EXEEXT ""
| /* end confdefs.h.  */
| void *__os_arm64x_dispatch_ret = 0;
| const unsigned int _load_config_used[0x50] = { sizeof(_load_config_used) };
| #if defined(__clang_major__) && defined(MIN_CLANG_VERSION) && __clang_major__ < MIN_CLANG_VERSION
| #error Too old clang version
| #endif
| int __cdecl mainCRTStartup(void) { return 0; }
configure:9595: result: no
configure:9602: checking whether ccache x86_64-w64-mingw32-gcc supports -Wenum-conversion
configure:9621: ccache x86_64-w64-mingw32-gcc -o conftest.exe -march=nocona -mtune=core-avx2 -pipe -O2 -fno-strict-aliasing -fwrapv -mfpmath=sse                         -Wno-error=incompatible-pointer-types -Wno-error=implicit-function-declaration -Wno-error=int-conversion -w -D_GNU_SOURCE -D_TIME_BITS=64 -D_FILE_OFFSET_BITS=64 -U_FORTIFY_SOURCE -D_FORTIFY_SOURCE=0 -DNDEBUG -D_NDEBUG -nostdlib -nodefaultlibs -Wenum-conversion  -march=nocona -mtune=core-avx2 -pipe -O2 -fno-strict-aliasing -fwrapv -mfpmath=sse                         -Wno-error=incompatible-pointer-types -Wno-error=implicit-function-declaration -Wno-error=int-conversion -w -D_GNU_SOURCE -D_TIME_BITS=64 -D_FILE_OFFSET_BITS=64 -U_FORTIFY_SOURCE -D_FORTIFY_SOURCE=0 -DNDEBUG -D_NDEBUG -Wl,-O1,--sort-common,--as-needed,--file-alignment=4096 conftest.c  >&5
conftest.c:11:53: error: '_load_config_used' undeclared here (not in a function); did you mean '_load_config_used0x50'?
   11 | const unsigned int _load_config_used0x50 = { sizeof(_load_config_used) };
      |                                                     ^~~~~~~~~~~~~~~~~
      |                                                     _load_config_used0x50
configure:9621: $? = 1
configure: failed program was:
| /* confdefs.h */
| #define PACKAGE_NAME "Wine"
| #define PACKAGE_TARNAME "wine"
| #define PACKAGE_VERSION "11.8"
| #define PACKAGE_STRING "Wine 11.8"
| #define PACKAGE_BUGREPORT "wine-devel@winehq.org"
| #define PACKAGE_URL "https://www.winehq.org"
| #define EXEEXT ""
| /* end confdefs.h.  */
| void *__os_arm64x_dispatch_ret = 0;
| const unsigned int _load_config_used0x50 = { sizeof(_load_config_used) };
| #if defined(__clang_major__) && defined(MIN_CLANG_VERSION) && __clang_major__ < MIN_CLANG_VERSION
| #error Too old clang version
| #endif
| int __cdecl mainCRTStartup(void) { return 0; }
configure:9635: result: no
configure:9644: checking whether ccache x86_64-w64-mingw32-gcc supports -ffunction-sections
configure:9663: ccache x86_64-w64-mingw32-gcc -o conftest.exe -march=nocona -mtune=core-avx2 -pipe -O2 -fno-strict-aliasing -fwrapv -mfpmath=sse                         -Wno-error=incompatible-pointer-types -Wno-error=implicit-function-declaration -Wno-error=int-conversion -w -D_GNU_SOURCE -D_TIME_BITS=64 -D_FILE_OFFSET_BITS=64 -U_FORTIFY_SOURCE -D_FORTIFY_SOURCE=0 -DNDEBUG -D_NDEBUG -nostdlib -nodefaultlibs -ffunction-sections  -march=nocona -mtune=core-avx2 -pipe -O2 -fno-strict-aliasing -fwrapv -mfpmath=sse                         -Wno-error=incompatible-pointer-types -Wno-error=implicit-function-declaration -Wno-error=int-conversion -w -D_GNU_SOURCE -D_TIME_BITS=64 -D_FILE_OFFSET_BITS=64 -U_FORTIFY_SOURCE -D_FORTIFY_SOURCE=0 -DNDEBUG -D_NDEBUG -Wl,-O1,--sort-common,--as-needed,--file-alignment=4096 conftest.c  >&5
configure:9663: $? = 0
configure:9677: result: yes
configure:9684: checking whether ccache x86_64-w64-mingw32-gcc supports -ffp-exception-behavior=maytrap
configure:9703: ccache x86_64-w64-mingw32-gcc -o conftest.exe -march=nocona -mtune=core-avx2 -pipe -O2 -fno-strict-aliasing -fwrapv -mfpmath=sse                         -Wno-error=incompatible-pointer-types -Wno-error=implicit-function-declaration -Wno-error=int-conversion -w -D_GNU_SOURCE -D_TIME_BITS=64 -D_FILE_OFFSET_BITS=64 -U_FORTIFY_SOURCE -D_FORTIFY_SOURCE=0 -DNDEBUG -D_NDEBUG -nostdlib -nodefaultlibs -ffp-exception-behavior=maytrap  -march=nocona -mtune=core-avx2 -pipe -O2 -fno-strict-aliasing -fwrapv -mfpmath=sse                         -Wno-error=incompatible-pointer-types -Wno-error=implicit-function-declaration -Wno-error=int-conversion -w -D_GNU_SOURCE -D_TIME_BITS=64 -D_FILE_OFFSET_BITS=64 -U_FORTIFY_SOURCE -D_FORTIFY_SOURCE=0 -DNDEBUG -D_NDEBUG -Wl,-O1,--sort-common,--as-needed,--file-alignment=4096 conftest.c  >&5
x86_64-w64-mingw32-gcc: error: unrecognized command-line option '-ffp-exception-behavior=maytrap'
configure:9703: $? = 1
configure: failed program was:
| /* confdefs.h */
| #define PACKAGE_NAME "Wine"
| #define PACKAGE_TARNAME "wine"
| #define PACKAGE_VERSION "11.8"
| #define PACKAGE_STRING "Wine 11.8"
| #define PACKAGE_BUGREPORT "wine-devel@winehq.org"
| #define PACKAGE_URL "https://www.winehq.org"
| #define EXEEXT ""
| /* end confdefs.h.  */
| void *__os_arm64x_dispatch_ret = 0;
| const unsigned int _load_config_used[0x50] = { sizeof(_load_config_used) };
| #if defined(__clang_major__) && defined(MIN_CLANG_VERSION) && __clang_major__ < MIN_CLANG_VERSION
| #error Too old clang version
| #endif
| int __cdecl mainCRTStartup(void) { return 0; }
configure:9717: result: no
configure:9725: checking whether ccache x86_64-w64-mingw32-gcc supports -fms-hotpatch -DMIN_CLANG_VERSION=18
configure:9744: ccache x86_64-w64-mingw32-gcc -o conftest.exe -march=nocona -mtune=core-avx2 -pipe -O2 -fno-strict-aliasing -fwrapv -mfpmath=sse                         -Wno-error=incompatible-pointer-types -Wno-error=implicit-function-declaration -Wno-error=int-conversion -w -D_GNU_SOURCE -D_TIME_BITS=64 -D_FILE_OFFSET_BITS=64 -U_FORTIFY_SOURCE -D_FORTIFY_SOURCE=0 -DNDEBUG -D_NDEBUG -nostdlib -nodefaultlibs -fms-hotpatch -DMIN_CLANG_VERSION=18  -march=nocona -mtune=core-avx2 -pipe -O2 -fno-strict-aliasing -fwrapv -mfpmath=sse                         -Wno-error=incompatible-pointer-types -Wno-error=implicit-function-declaration -Wno-error=int-conversion -w -D_GNU_SOURCE -D_TIME_BITS=64 -D_FILE_OFFSET_BITS=64 -U_FORTIFY_SOURCE -D_FORTIFY_SOURCE=0 -DNDEBUG -D_NDEBUG -Wl,-O1,--sort-common,--as-needed,--file-alignment=4096 conftest.c  >&5
x86_64-w64-mingw32-gcc: error: unrecognized command-line option '-fms-hotpatch'
configure:9744: $? = 1
configure: failed program was:
| /* confdefs.h */
| #define PACKAGE_NAME "Wine"
| #define PACKAGE_TARNAME "wine"
| #define PACKAGE_VERSION "11.8"
| #define PACKAGE_STRING "Wine 11.8"
| #define PACKAGE_BUGREPORT "wine-devel@winehq.org"
| #define PACKAGE_URL "https://www.winehq.org"
| #define EXEEXT ""
| /* end confdefs.h.  */
| void *__os_arm64x_dispatch_ret = 0;
| const unsigned int _load_config_used[0x50] = { sizeof(_load_config_used) };
| #if defined(__clang_major__) && defined(MIN_CLANG_VERSION) && __clang_major__ < MIN_CLANG_VERSION
| #error Too old clang version
| #endif
| int __cdecl mainCRTStartup(void) { return 0; }
configure:9758: result: no
configure:9767: checking whether ccache x86_64-w64-mingw32-gcc supports -flarge-source-files -Wmisleading-indentation
configure:9786: ccache x86_64-w64-mingw32-gcc -o conftest.exe -march=nocona -mtune=core-avx2 -pipe -O2 -fno-strict-aliasing -fwrapv -mfpmath=sse                         -Wno-error=incompatible-pointer-types -Wno-error=implicit-function-declaration -Wno-error=int-conversion -w -D_GNU_SOURCE -D_TIME_BITS=64 -D_FILE_OFFSET_BITS=64 -U_FORTIFY_SOURCE -D_FORTIFY_SOURCE=0 -DNDEBUG -D_NDEBUG -nostdlib -nodefaultlibs -flarge-source-files -Wmisleading-indentation  -march=nocona -mtune=core-avx2 -pipe -O2 -fno-strict-aliasing -fwrapv -mfpmath=sse                         -Wno-error=incompatible-pointer-types -Wno-error=implicit-function-declaration -Wno-error=int-conversion -w -D_GNU_SOURCE -D_TIME_BITS=64 -D_FILE_OFFSET_BITS=64 -U_FORTIFY_SOURCE -D_FORTIFY_SOURCE=0 -DNDEBUG -D_NDEBUG -Wl,-O1,--sort-common,--as-needed,--file-alignment=4096 conftest.c  >&5
configure:9786: $? = 0
configure:9800: result: yes
configure:9969: checking whether ccache x86_64-w64-mingw32-gcc supports -Wformat-overflow
configure:9988: ccache x86_64-w64-mingw32-gcc -o conftest.exe -march=nocona -mtune=core-avx2 -pipe -O2 -fno-strict-aliasing -fwrapv -mfpmath=sse                         -Wno-error=incompatible-pointer-types -Wno-error=implicit-function-declaration -Wno-error=int-conversion -w -D_GNU_SOURCE -D_TIME_BITS=64 -D_FILE_OFFSET_BITS=64 -U_FORTIFY_SOURCE -D_FORTIFY_SOURCE=0 -DNDEBUG -D_NDEBUG -nostdlib -nodefaultlibs -Wformat-overflow  -march=nocona -mtune=core-avx2 -pipe -O2 -fno-strict-aliasing -fwrapv -mfpmath=sse                         -Wno-error=incompatible-pointer-types -Wno-error=implicit-function-declaration -Wno-error=int-conversion -w -D_GNU_SOURCE -D_TIME_BITS=64 -D_FILE_OFFSET_BITS=64 -U_FORTIFY_SOURCE -D_FORTIFY_SOURCE=0 -DNDEBUG -D_NDEBUG -Wl,-O1,--sort-common,--as-needed,--file-alignment=4096 conftest.c  >&5
configure:9988: $? = 0
configure:10002: result: yes
configure:10009: checking whether ccache x86_64-w64-mingw32-gcc supports -Wnonnull
configure:10028: ccache x86_64-w64-mingw32-gcc -o conftest.exe -march=nocona -mtune=core-avx2 -pipe -O2 -fno-strict-aliasing -fwrapv -mfpmath=sse                         -Wno-error=incompatible-pointer-types -Wno-error=implicit-function-declaration -Wno-error=int-conversion -w -D_GNU_SOURCE -D_TIME_BITS=64 -D_FILE_OFFSET_BITS=64 -U_FORTIFY_SOURCE -D_FORTIFY_SOURCE=0 -DNDEBUG -D_NDEBUG -nostdlib -nodefaultlibs -Wnonnull  -march=nocona -mtune=core-avx2 -pipe -O2 -fno-strict-aliasing -fwrapv -mfpmath=sse                         -Wno-error=incompatible-pointer-types -Wno-error=implicit-function-declaration -Wno-error=int-conversion -w -D_GNU_SOURCE -D_TIME_BITS=64 -D_FILE_OFFSET_BITS=64 -U_FORTIFY_SOURCE -D_FORTIFY_SOURCE=0 -DNDEBUG -D_NDEBUG -Wl,-O1,--sort-common,--as-needed,--file-alignment=4096 conftest.c  >&5
configure:10028: $? = 0
configure:10042: result: yes
configure:10049: checking whether ccache x86_64-w64-mingw32-gcc supports -mlong-double-64
configure:10068: ccache x86_64-w64-mingw32-gcc -o conftest.exe -march=nocona -mtune=core-avx2 -pipe -O2 -fno-strict-aliasing -fwrapv -mfpmath=sse                         -Wno-error=incompatible-pointer-types -Wno-error=implicit-function-declaration -Wno-error=int-conversion -w -D_GNU_SOURCE -D_TIME_BITS=64 -D_FILE_OFFSET_BITS=64 -U_FORTIFY_SOURCE -D_FORTIFY_SOURCE=0 -DNDEBUG -D_NDEBUG -nostdlib -nodefaultlibs -mlong-double-64  -march=nocona -mtune=core-avx2 -pipe -O2 -fno-strict-aliasing -fwrapv -mfpmath=sse                         -Wno-error=incompatible-pointer-types -Wno-error=implicit-function-declaration -Wno-error=int-conversion -w -D_GNU_SOURCE -D_TIME_BITS=64 -D_FILE_OFFSET_BITS=64 -U_FORTIFY_SOURCE -D_FORTIFY_SOURCE=0 -DNDEBUG -D_NDEBUG -Wl,-O1,--sort-common,--as-needed,--file-alignment=4096 conftest.c  >&5
configure:10068: $? = 0
configure:10082: result: yes
configure:10089: checking whether ccache x86_64-w64-mingw32-gcc supports -mcx16
configure:10108: ccache x86_64-w64-mingw32-gcc -o conftest.exe -march=nocona -mtune=core-avx2 -pipe -O2 -fno-strict-aliasing -fwrapv -mfpmath=sse                         -Wno-error=incompatible-pointer-types -Wno-error=implicit-function-declaration -Wno-error=int-conversion -w -D_GNU_SOURCE -D_TIME_BITS=64 -D_FILE_OFFSET_BITS=64 -U_FORTIFY_SOURCE -D_FORTIFY_SOURCE=0 -DNDEBUG -D_NDEBUG -nostdlib -nodefaultlibs -mcx16  -march=nocona -mtune=core-avx2 -pipe -O2 -fno-strict-aliasing -fwrapv -mfpmath=sse                         -Wno-error=incompatible-pointer-types -Wno-error=implicit-function-declaration -Wno-error=int-conversion -w -D_GNU_SOURCE -D_TIME_BITS=64 -D_FILE_OFFSET_BITS=64 -U_FORTIFY_SOURCE -D_FORTIFY_SOURCE=0 -DNDEBUG -D_NDEBUG -Wl,-O1,--sort-common,--as-needed,--file-alignment=4096 conftest.c  >&5
configure:10108: $? = 0
configure:10122: result: yes
configure:10129: checking whether ccache x86_64-w64-mingw32-gcc supports -mcmodel=small
configure:10148: ccache x86_64-w64-mingw32-gcc -o conftest.exe -march=nocona -mtune=core-avx2 -pipe -O2 -fno-strict-aliasing -fwrapv -mfpmath=sse                         -Wno-error=incompatible-pointer-types -Wno-error=implicit-function-declaration -Wno-error=int-conversion -w -D_GNU_SOURCE -D_TIME_BITS=64 -D_FILE_OFFSET_BITS=64 -U_FORTIFY_SOURCE -D_FORTIFY_SOURCE=0 -DNDEBUG -D_NDEBUG -nostdlib -nodefaultlibs -mcmodel=small  -march=nocona -mtune=core-avx2 -pipe -O2 -fno-strict-aliasing -fwrapv -mfpmath=sse                         -Wno-error=incompatible-pointer-types -Wno-error=implicit-function-declaration -Wno-error=int-conversion -w -D_GNU_SOURCE -D_TIME_BITS=64 -D_FILE_OFFSET_BITS=64 -U_FORTIFY_SOURCE -D_FORTIFY_SOURCE=0 -DNDEBUG -D_NDEBUG -Wl,-O1,--sort-common,--as-needed,--file-alignment=4096 conftest.c  >&5
configure:10148: $? = 0
configure:10162: result: yes
configure:10368: checking whether ccache x86_64-w64-mingw32-gcc supports -Wdeclaration-after-statement
configure:10387: ccache x86_64-w64-mingw32-gcc -o conftest.exe -march=nocona -mtune=core-avx2 -pipe -O2 -fno-strict-aliasing -fwrapv -mfpmath=sse                         -Wno-error=incompatible-pointer-types -Wno-error=implicit-function-declaration -Wno-error=int-conversion -w -D_GNU_SOURCE -D_TIME_BITS=64 -D_FILE_OFFSET_BITS=64 -U_FORTIFY_SOURCE -D_FORTIFY_SOURCE=0 -DNDEBUG -D_NDEBUG -nostdlib -nodefaultlibs -Wdeclaration-after-statement  -march=nocona -mtune=core-avx2 -pipe -O2 -fno-strict-aliasing -fwrapv -mfpmath=sse                         -Wno-error=incompatible-pointer-types -Wno-error=implicit-function-declaration -Wno-error=int-conversion -w -D_GNU_SOURCE -D_TIME_BITS=64 -D_FILE_OFFSET_BITS=64 -U_FORTIFY_SOURCE -D_FORTIFY_SOURCE=0 -DNDEBUG -D_NDEBUG -Wl,-O1,--sort-common,--as-needed,--file-alignment=4096 conftest.c  >&5
configure:10387: $? = 0
configure:10401: result: yes
configure:10408: checking whether ccache x86_64-w64-mingw32-gcc supports -Wstrict-prototypes
configure:10427: ccache x86_64-w64-mingw32-gcc -o conftest.exe -march=nocona -mtune=core-avx2 -pipe -O2 -fno-strict-aliasing -fwrapv -mfpmath=sse                         -Wno-error=incompatible-pointer-types -Wno-error=implicit-function-declaration -Wno-error=int-conversion -w -D_GNU_SOURCE -D_TIME_BITS=64 -D_FILE_OFFSET_BITS=64 -U_FORTIFY_SOURCE -D_FORTIFY_SOURCE=0 -DNDEBUG -D_NDEBUG -nostdlib -nodefaultlibs -Wstrict-prototypes  -march=nocona -mtune=core-avx2 -pipe -O2 -fno-strict-aliasing -fwrapv -mfpmath=sse                         -Wno-error=incompatible-pointer-types -Wno-error=implicit-function-declaration -Wno-error=int-conversion -w -D_GNU_SOURCE -D_TIME_BITS=64 -D_FILE_OFFSET_BITS=64 -U_FORTIFY_SOURCE -D_FORTIFY_SOURCE=0 -DNDEBUG -D_NDEBUG -Wl,-O1,--sort-common,--as-needed,--file-alignment=4096 conftest.c  >&5
configure:10427: $? = 0
configure:10441: result: yes
configure:10448: checking whether ccache x86_64-w64-mingw32-gcc supports -Wabsolute-value
configure:10467: ccache x86_64-w64-mingw32-gcc -o conftest.exe -march=nocona -mtune=core-avx2 -pipe -O2 -fno-strict-aliasing -fwrapv -mfpmath=sse                         -Wno-error=incompatible-pointer-types -Wno-error=implicit-function-declaration -Wno-error=int-conversion -w -D_GNU_SOURCE -D_TIME_BITS=64 -D_FILE_OFFSET_BITS=64 -U_FORTIFY_SOURCE -D_FORTIFY_SOURCE=0 -DNDEBUG -D_NDEBUG -nostdlib -nodefaultlibs -Wabsolute-value  -march=nocona -mtune=core-avx2 -pipe -O2 -fno-strict-aliasing -fwrapv -mfpmath=sse                         -Wno-error=incompatible-pointer-types -Wno-error=implicit-function-declaration -Wno-error=int-conversion -w -D_GNU_SOURCE -D_TIME_BITS=64 -D_FILE_OFFSET_BITS=64 -U_FORTIFY_SOURCE -D_FORTIFY_SOURCE=0 -DNDEBUG -D_NDEBUG -Wl,-O1,--sort-common,--as-needed,--file-alignment=4096 conftest.c  >&5
configure:10467: $? = 0
configure:10481: result: yes
configure:10488: checking whether ccache x86_64-w64-mingw32-gcc supports -fasync-exceptions -DMIN_CLANG_VERSION=19
configure:10507: ccache x86_64-w64-mingw32-gcc -o conftest.exe -march=nocona -mtune=core-avx2 -pipe -O2 -fno-strict-aliasing -fwrapv -mfpmath=sse                         -Wno-error=incompatible-pointer-types -Wno-error=implicit-function-declaration -Wno-error=int-conversion -w -D_GNU_SOURCE -D_TIME_BITS=64 -D_FILE_OFFSET_BITS=64 -U_FORTIFY_SOURCE -D_FORTIFY_SOURCE=0 -DNDEBUG -D_NDEBUG -nostdlib -nodefaultlibs -fasync-exceptions -DMIN_CLANG_VERSION=19  -march=nocona -mtune=core-avx2 -pipe -O2 -fno-strict-aliasing -fwrapv -mfpmath=sse                         -Wno-error=incompatible-pointer-types -Wno-error=implicit-function-declaration -Wno-error=int-conversion -w -D_GNU_SOURCE -D_TIME_BITS=64 -D_FILE_OFFSET_BITS=64 -U_FORTIFY_SOURCE -D_FORTIFY_SOURCE=0 -DNDEBUG -D_NDEBUG -Wl,-O1,--sort-common,--as-needed,--file-alignment=4096 conftest.c  >&5
x86_64-w64-mingw32-gcc: error: unrecognized command-line option '-fasync-exceptions'; did you mean '-fno-exceptions'?
configure:10507: $? = 1
configure: failed program was:
| /* confdefs.h */
| #define PACKAGE_NAME "Wine"
| #define PACKAGE_TARNAME "wine"
| #define PACKAGE_VERSION "11.8"
| #define PACKAGE_STRING "Wine 11.8"
| #define PACKAGE_BUGREPORT "wine-devel@winehq.org"
| #define PACKAGE_URL "https://www.winehq.org"
| #define EXEEXT ""
| /* end confdefs.h.  */
| void *__os_arm64x_dispatch_ret = 0;
| const unsigned int _load_config_used[0x50] = { sizeof(_load_config_used) };
| #if defined(__clang_major__) && defined(MIN_CLANG_VERSION) && __clang_major__ < MIN_CLANG_VERSION
| #error Too old clang version
| #endif
| int __cdecl mainCRTStartup(void) { return 0; }
configure:10521: result: no
configure:7798: checking whether ccache i686-w64-mingw32-gcc supports -fuse-ld=lld -target i686-w64-mingw32 --no-default-config
configure:7817: ccache i686-w64-mingw32-gcc -o conftest.exe -march=nocona -mtune=core-avx2 -pipe -O2 -fno-strict-aliasing -fwrapv -mfpmath=sse                         -Wno-error=incompatible-pointer-types -Wno-error=implicit-function-declaration -Wno-error=int-conversion -w -D_GNU_SOURCE -D_TIME_BITS=64 -D_FILE_OFFSET_BITS=64 -U_FORTIFY_SOURCE -D_FORTIFY_SOURCE=0 -DNDEBUG -D_NDEBUG -nostdlib -nodefaultlibs -fuse-ld=lld -target i686-w64-mingw32 --no-default-config  -march=nocona -mtune=core-avx2 -pipe -O2 -fno-strict-aliasing -fwrapv -mfpmath=sse                         -Wno-error=incompatible-pointer-types -Wno-error=implicit-function-declaration -Wno-error=int-conversion -w -D_GNU_SOURCE -D_TIME_BITS=64 -D_FILE_OFFSET_BITS=64 -U_FORTIFY_SOURCE -D_FORTIFY_SOURCE=0 -DNDEBUG -D_NDEBUG -Wl,-O1,--sort-common,--as-needed,--file-alignment=4096 conftest.c  >&5
i686-w64-mingw32-gcc: error: unrecognized command-line option '-target'
i686-w64-mingw32-gcc: error: unrecognized command-line option '--no-default-config'; did you mean '--no-default-inline'?
configure:7817: $? = 1
configure: failed program was:
| /* confdefs.h */
| #define PACKAGE_NAME "Wine"
| #define PACKAGE_TARNAME "wine"
| #define PACKAGE_VERSION "11.8"
| #define PACKAGE_STRING "Wine 11.8"
| #define PACKAGE_BUGREPORT "wine-devel@winehq.org"
| #define PACKAGE_URL "https://www.winehq.org"
| #define EXEEXT ""
| /* end confdefs.h.  */
| void *__os_arm64x_dispatch_ret = 0;
| const unsigned int _load_config_used[0x50] = { sizeof(_load_config_used) };
| #if defined(__clang_major__) && defined(MIN_CLANG_VERSION) && __clang_major__ < MIN_CLANG_VERSION
| #error Too old clang version
| #endif
| int __cdecl mainCRTStartup(void) { return 0; }
configure:7831: result: no
configure:7839: checking whether ccache i686-w64-mingw32-gcc supports -fuse-ld=lld -target i686-w64-mingw32
configure:7858: ccache i686-w64-mingw32-gcc -o conftest.exe -march=nocona -mtune=core-avx2 -pipe -O2 -fno-strict-aliasing -fwrapv -mfpmath=sse                         -Wno-error=incompatible-pointer-types -Wno-error=implicit-function-declaration -Wno-error=int-conversion -w -D_GNU_SOURCE -D_TIME_BITS=64 -D_FILE_OFFSET_BITS=64 -U_FORTIFY_SOURCE -D_FORTIFY_SOURCE=0 -DNDEBUG -D_NDEBUG -nostdlib -nodefaultlibs -fuse-ld=lld -target i686-w64-mingw32  -march=nocona -mtune=core-avx2 -pipe -O2 -fno-strict-aliasing -fwrapv -mfpmath=sse                         -Wno-error=incompatible-pointer-types -Wno-error=implicit-function-declaration -Wno-error=int-conversion -w -D_GNU_SOURCE -D_TIME_BITS=64 -D_FILE_OFFSET_BITS=64 -U_FORTIFY_SOURCE -D_FORTIFY_SOURCE=0 -DNDEBUG -D_NDEBUG -Wl,-O1,--sort-common,--as-needed,--file-alignment=4096 conftest.c  >&5
i686-w64-mingw32-gcc: error: unrecognized command-line option '-target'
configure:7858: $? = 1
configure: failed program was:
| /* confdefs.h */
| #define PACKAGE_NAME "Wine"
| #define PACKAGE_TARNAME "wine"
| #define PACKAGE_VERSION "11.8"
| #define PACKAGE_STRING "Wine 11.8"
| #define PACKAGE_BUGREPORT "wine-devel@winehq.org"
| #define PACKAGE_URL "https://www.winehq.org"
| #define EXEEXT ""
| /* end confdefs.h.  */
| void *__os_arm64x_dispatch_ret = 0;
| const unsigned int _load_config_used[0x50] = { sizeof(_load_config_used) };
| #if defined(__clang_major__) && defined(MIN_CLANG_VERSION) && __clang_major__ < MIN_CLANG_VERSION
| #error Too old clang version
| #endif
| int __cdecl mainCRTStartup(void) { return 0; }
configure:7872: result: no
configure:7894: checking whether ccache i686-w64-mingw32-gcc works
configure:7911: ccache i686-w64-mingw32-gcc -c -march=nocona -mtune=core-avx2 -pipe -O2 -fno-strict-aliasing -fwrapv -mfpmath=sse                         -Wno-error=incompatible-pointer-types -Wno-error=implicit-function-declaration -Wno-error=int-conversion -w -D_GNU_SOURCE -D_TIME_BITS=64 -D_FILE_OFFSET_BITS=64 -U_FORTIFY_SOURCE -D_FORTIFY_SOURCE=0 -DNDEBUG -D_NDEBUG  conftest.c >&5
configure:7911: $? = 0
configure:7922: result: yes
configure:7945: checking for ccache i686-w64-mingw32-gcc option to enable C99 features
configure:7959: ccache i686-w64-mingw32-gcc -c -march=nocona -mtune=core-avx2 -pipe -O2 -fno-strict-aliasing -fwrapv -mfpmath=sse                         -Wno-error=incompatible-pointer-types -Wno-error=implicit-function-declaration -Wno-error=int-conversion -w -D_GNU_SOURCE -D_TIME_BITS=64 -D_FILE_OFFSET_BITS=64 -U_FORTIFY_SOURCE -D_FORTIFY_SOURCE=0 -DNDEBUG -D_NDEBUG  conftest.c >&5
configure:7959: $? = 0
configure:7982: result: none needed
configure:8061: checking for ccache i686-w64-mingw32-gcc option to enable C++17 features
configure:8830: ccache i686-w64-mingw32-gcc -c -march=nocona -mtune=core-avx2 -pipe -O2 -fno-strict-aliasing -fwrapv -mfpmath=sse                         -Wno-error=incompatible-pointer-types -Wno-error=implicit-function-declaration -Wno-error=int-conversion -w -D_GNU_SOURCE -D_TIME_BITS=64 -D_FILE_OFFSET_BITS=64 -U_FORTIFY_SOURCE -D_FORTIFY_SOURCE=0 -DNDEBUG -D_NDEBUG  conftest.cpp >&5
configure:8830: $? = 0
configure:8859: result: none needed
configure:8882: checking whether ccache i686-w64-mingw32-gcc supports -fno-strict-aliasing
configure:8901: ccache i686-w64-mingw32-gcc -o conftest.exe -march=nocona -mtune=core-avx2 -pipe -O2 -fno-strict-aliasing -fwrapv -mfpmath=sse                         -Wno-error=incompatible-pointer-types -Wno-error=implicit-function-declaration -Wno-error=int-conversion -w -D_GNU_SOURCE -D_TIME_BITS=64 -D_FILE_OFFSET_BITS=64 -U_FORTIFY_SOURCE -D_FORTIFY_SOURCE=0 -DNDEBUG -D_NDEBUG -nostdlib -nodefaultlibs -fno-strict-aliasing  -march=nocona -mtune=core-avx2 -pipe -O2 -fno-strict-aliasing -fwrapv -mfpmath=sse                         -Wno-error=incompatible-pointer-types -Wno-error=implicit-function-declaration -Wno-error=int-conversion -w -D_GNU_SOURCE -D_TIME_BITS=64 -D_FILE_OFFSET_BITS=64 -U_FORTIFY_SOURCE -D_FORTIFY_SOURCE=0 -DNDEBUG -D_NDEBUG -Wl,-O1,--sort-common,--as-needed,--file-alignment=4096 conftest.c  >&5
configure:8901: $? = 0
configure:8915: result: yes
configure:8922: checking whether ccache i686-w64-mingw32-gcc supports -Werror=unknown-warning-option
configure:8941: ccache i686-w64-mingw32-gcc -o conftest.exe -march=nocona -mtune=core-avx2 -pipe -O2 -fno-strict-aliasing -fwrapv -mfpmath=sse                         -Wno-error=incompatible-pointer-types -Wno-error=implicit-function-declaration -Wno-error=int-conversion -w -D_GNU_SOURCE -D_TIME_BITS=64 -D_FILE_OFFSET_BITS=64 -U_FORTIFY_SOURCE -D_FORTIFY_SOURCE=0 -DNDEBUG -D_NDEBUG -nostdlib -nodefaultlibs -Werror=unknown-warning-option  -march=nocona -mtune=core-avx2 -pipe -O2 -fno-strict-aliasing -fwrapv -mfpmath=sse                         -Wno-error=incompatible-pointer-types -Wno-error=implicit-function-declaration -Wno-error=int-conversion -w -D_GNU_SOURCE -D_TIME_BITS=64 -D_FILE_OFFSET_BITS=64 -U_FORTIFY_SOURCE -D_FORTIFY_SOURCE=0 -DNDEBUG -D_NDEBUG -Wl,-O1,--sort-common,--as-needed,--file-alignment=4096 conftest.c  >&5
cc1: error: '-Werror=unknown-warning-option': no option '-Wunknown-warning-option'
configure:8941: $? = 1
configure: failed program was:
| /* confdefs.h */
| #define PACKAGE_NAME "Wine"
| #define PACKAGE_TARNAME "wine"
| #define PACKAGE_VERSION "11.8"
| #define PACKAGE_STRING "Wine 11.8"
| #define PACKAGE_BUGREPORT "wine-devel@winehq.org"
| #define PACKAGE_URL "https://www.winehq.org"
| #define EXEEXT ""
| /* end confdefs.h.  */
| void *__os_arm64x_dispatch_ret = 0;
| const unsigned int _load_config_used[0x50] = { sizeof(_load_config_used) };
| #if defined(__clang_major__) && defined(MIN_CLANG_VERSION) && __clang_major__ < MIN_CLANG_VERSION
| #error Too old clang version
| #endif
| int __cdecl mainCRTStartup(void) { return 0; }
configure:8955: result: no
configure:8962: checking whether ccache i686-w64-mingw32-gcc supports -Werror=unused-command-line-argument
configure:8981: ccache i686-w64-mingw32-gcc -o conftest.exe -march=nocona -mtune=core-avx2 -pipe -O2 -fno-strict-aliasing -fwrapv -mfpmath=sse                         -Wno-error=incompatible-pointer-types -Wno-error=implicit-function-declaration -Wno-error=int-conversion -w -D_GNU_SOURCE -D_TIME_BITS=64 -D_FILE_OFFSET_BITS=64 -U_FORTIFY_SOURCE -D_FORTIFY_SOURCE=0 -DNDEBUG -D_NDEBUG -nostdlib -nodefaultlibs -Werror=unused-command-line-argument  -march=nocona -mtune=core-avx2 -pipe -O2 -fno-strict-aliasing -fwrapv -mfpmath=sse                         -Wno-error=incompatible-pointer-types -Wno-error=implicit-function-declaration -Wno-error=int-conversion -w -D_GNU_SOURCE -D_TIME_BITS=64 -D_FILE_OFFSET_BITS=64 -U_FORTIFY_SOURCE -D_FORTIFY_SOURCE=0 -DNDEBUG -D_NDEBUG -Wl,-O1,--sort-common,--as-needed,--file-alignment=4096 conftest.c  >&5
cc1: error: '-Werror=unused-command-line-argument': no option '-Wunused-command-line-argument'; did you mean '-Wunused-dummy-argument'?
configure:8981: $? = 1
configure: failed program was:
| /* confdefs.h */
| #define PACKAGE_NAME "Wine"
| #define PACKAGE_TARNAME "wine"
| #define PACKAGE_VERSION "11.8"
| #define PACKAGE_STRING "Wine 11.8"
| #define PACKAGE_BUGREPORT "wine-devel@winehq.org"
| #define PACKAGE_URL "https://www.winehq.org"
| #define EXEEXT ""
| /* end confdefs.h.  */
| void *__os_arm64x_dispatch_ret = 0;
| const unsigned int _load_config_used[0x50] = { sizeof(_load_config_used) };
| #if defined(__clang_major__) && defined(MIN_CLANG_VERSION) && __clang_major__ < MIN_CLANG_VERSION
| #error Too old clang version
| #endif
| int __cdecl mainCRTStartup(void) { return 0; }
configure:8995: result: no
configure:9002: checking whether ccache i686-w64-mingw32-gcc supports -Werror=ignored-optimization-argument
configure:9021: ccache i686-w64-mingw32-gcc -o conftest.exe -march=nocona -mtune=core-avx2 -pipe -O2 -fno-strict-aliasing -fwrapv -mfpmath=sse                         -Wno-error=incompatible-pointer-types -Wno-error=implicit-function-declaration -Wno-error=int-conversion -w -D_GNU_SOURCE -D_TIME_BITS=64 -D_FILE_OFFSET_BITS=64 -U_FORTIFY_SOURCE -D_FORTIFY_SOURCE=0 -DNDEBUG -D_NDEBUG -nostdlib -nodefaultlibs -Werror=ignored-optimization-argument  -march=nocona -mtune=core-avx2 -pipe -O2 -fno-strict-aliasing -fwrapv -mfpmath=sse                         -Wno-error=incompatible-pointer-types -Wno-error=implicit-function-declaration -Wno-error=int-conversion -w -D_GNU_SOURCE -D_TIME_BITS=64 -D_FILE_OFFSET_BITS=64 -U_FORTIFY_SOURCE -D_FORTIFY_SOURCE=0 -DNDEBUG -D_NDEBUG -Wl,-O1,--sort-common,--as-needed,--file-alignment=4096 conftest.c  >&5
cc1: error: '-Werror=ignored-optimization-argument': no option '-Wignored-optimization-argument'
configure:9021: $? = 1
configure: failed program was:
| /* confdefs.h */
| #define PACKAGE_NAME "Wine"
| #define PACKAGE_TARNAME "wine"
| #define PACKAGE_VERSION "11.8"
| #define PACKAGE_STRING "Wine 11.8"
| #define PACKAGE_BUGREPORT "wine-devel@winehq.org"
| #define PACKAGE_URL "https://www.winehq.org"
| #define EXEEXT ""
| /* end confdefs.h.  */
| void *__os_arm64x_dispatch_ret = 0;
| const unsigned int _load_config_used[0x50] = { sizeof(_load_config_used) };
| #if defined(__clang_major__) && defined(MIN_CLANG_VERSION) && __clang_major__ < MIN_CLANG_VERSION
| #error Too old clang version
| #endif
| int __cdecl mainCRTStartup(void) { return 0; }
configure:9035: result: no
configure:9042: checking whether ccache i686-w64-mingw32-gcc supports -Werror=unsupported-floating-point-opt
configure:9061: ccache i686-w64-mingw32-gcc -o conftest.exe -march=nocona -mtune=core-avx2 -pipe -O2 -fno-strict-aliasing -fwrapv -mfpmath=sse                         -Wno-error=incompatible-pointer-types -Wno-error=implicit-function-declaration -Wno-error=int-conversion -w -D_GNU_SOURCE -D_TIME_BITS=64 -D_FILE_OFFSET_BITS=64 -U_FORTIFY_SOURCE -D_FORTIFY_SOURCE=0 -DNDEBUG -D_NDEBUG -nostdlib -nodefaultlibs -Werror=unsupported-floating-point-opt  -march=nocona -mtune=core-avx2 -pipe -O2 -fno-strict-aliasing -fwrapv -mfpmath=sse                         -Wno-error=incompatible-pointer-types -Wno-error=implicit-function-declaration -Wno-error=int-conversion -w -D_GNU_SOURCE -D_TIME_BITS=64 -D_FILE_OFFSET_BITS=64 -U_FORTIFY_SOURCE -D_FORTIFY_SOURCE=0 -DNDEBUG -D_NDEBUG -Wl,-O1,--sort-common,--as-needed,--file-alignment=4096 conftest.c  >&5
cc1: error: '-Werror=unsupported-floating-point-opt': no option '-Wunsupported-floating-point-opt'
configure:9061: $? = 1
configure: failed program was:
| /* confdefs.h */
| #define PACKAGE_NAME "Wine"
| #define PACKAGE_TARNAME "wine"
| #define PACKAGE_VERSION "11.8"
| #define PACKAGE_STRING "Wine 11.8"
| #define PACKAGE_BUGREPORT "wine-devel@winehq.org"
| #define PACKAGE_URL "https://www.winehq.org"
| #define EXEEXT ""
| /* end confdefs.h.  */
| void *__os_arm64x_dispatch_ret = 0;
| const unsigned int _load_config_used[0x50] = { sizeof(_load_config_used) };
| #if defined(__clang_major__) && defined(MIN_CLANG_VERSION) && __clang_major__ < MIN_CLANG_VERSION
| #error Too old clang version
| #endif
| int __cdecl mainCRTStartup(void) { return 0; }
configure:9075: result: no
configure:9082: checking whether ccache i686-w64-mingw32-gcc supports -Wempty-body
configure:9101: ccache i686-w64-mingw32-gcc -o conftest.exe -march=nocona -mtune=core-avx2 -pipe -O2 -fno-strict-aliasing -fwrapv -mfpmath=sse                         -Wno-error=incompatible-pointer-types -Wno-error=implicit-function-declaration -Wno-error=int-conversion -w -D_GNU_SOURCE -D_TIME_BITS=64 -D_FILE_OFFSET_BITS=64 -U_FORTIFY_SOURCE -D_FORTIFY_SOURCE=0 -DNDEBUG -D_NDEBUG -nostdlib -nodefaultlibs -Wempty-body  -march=nocona -mtune=core-avx2 -pipe -O2 -fno-strict-aliasing -fwrapv -mfpmath=sse                         -Wno-error=incompatible-pointer-types -Wno-error=implicit-function-declaration -Wno-error=int-conversion -w -D_GNU_SOURCE -D_TIME_BITS=64 -D_FILE_OFFSET_BITS=64 -U_FORTIFY_SOURCE -D_FORTIFY_SOURCE=0 -DNDEBUG -D_NDEBUG -Wl,-O1,--sort-common,--as-needed,--file-alignment=4096 conftest.c  >&5
configure:9101: $? = 0
configure:9115: result: yes
configure:9122: checking whether ccache i686-w64-mingw32-gcc supports -Wignored-qualifiers
configure:9141: ccache i686-w64-mingw32-gcc -o conftest.exe -march=nocona -mtune=core-avx2 -pipe -O2 -fno-strict-aliasing -fwrapv -mfpmath=sse                         -Wno-error=incompatible-pointer-types -Wno-error=implicit-function-declaration -Wno-error=int-conversion -w -D_GNU_SOURCE -D_TIME_BITS=64 -D_FILE_OFFSET_BITS=64 -U_FORTIFY_SOURCE -D_FORTIFY_SOURCE=0 -DNDEBUG -D_NDEBUG -nostdlib -nodefaultlibs -Wignored-qualifiers  -march=nocona -mtune=core-avx2 -pipe -O2 -fno-strict-aliasing -fwrapv -mfpmath=sse                         -Wno-error=incompatible-pointer-types -Wno-error=implicit-function-declaration -Wno-error=int-conversion -w -D_GNU_SOURCE -D_TIME_BITS=64 -D_FILE_OFFSET_BITS=64 -U_FORTIFY_SOURCE -D_FORTIFY_SOURCE=0 -DNDEBUG -D_NDEBUG -Wl,-O1,--sort-common,--as-needed,--file-alignment=4096 conftest.c  >&5
configure:9141: $? = 0
configure:9155: result: yes
configure:9162: checking whether ccache i686-w64-mingw32-gcc supports -Winit-self
configure:9181: ccache i686-w64-mingw32-gcc -o conftest.exe -march=nocona -mtune=core-avx2 -pipe -O2 -fno-strict-aliasing -fwrapv -mfpmath=sse                         -Wno-error=incompatible-pointer-types -Wno-error=implicit-function-declaration -Wno-error=int-conversion -w -D_GNU_SOURCE -D_TIME_BITS=64 -D_FILE_OFFSET_BITS=64 -U_FORTIFY_SOURCE -D_FORTIFY_SOURCE=0 -DNDEBUG -D_NDEBUG -nostdlib -nodefaultlibs -Winit-self  -march=nocona -mtune=core-avx2 -pipe -O2 -fno-strict-aliasing -fwrapv -mfpmath=sse                         -Wno-error=incompatible-pointer-types -Wno-error=implicit-function-declaration -Wno-error=int-conversion -w -D_GNU_SOURCE -D_TIME_BITS=64 -D_FILE_OFFSET_BITS=64 -U_FORTIFY_SOURCE -D_FORTIFY_SOURCE=0 -DNDEBUG -D_NDEBUG -Wl,-O1,--sort-common,--as-needed,--file-alignment=4096 conftest.c  >&5
configure:9181: $? = 0
configure:9195: result: yes
configure:9202: checking whether ccache i686-w64-mingw32-gcc supports -Wpacked-not-aligned
configure:9221: ccache i686-w64-mingw32-gcc -o conftest.exe -march=nocona -mtune=core-avx2 -pipe -O2 -fno-strict-aliasing -fwrapv -mfpmath=sse                         -Wno-error=incompatible-pointer-types -Wno-error=implicit-function-declaration -Wno-error=int-conversion -w -D_GNU_SOURCE -D_TIME_BITS=64 -D_FILE_OFFSET_BITS=64 -U_FORTIFY_SOURCE -D_FORTIFY_SOURCE=0 -DNDEBUG -D_NDEBUG -nostdlib -nodefaultlibs -Wpacked-not-aligned  -march=nocona -mtune=core-avx2 -pipe -O2 -fno-strict-aliasing -fwrapv -mfpmath=sse                         -Wno-error=incompatible-pointer-types -Wno-error=implicit-function-declaration -Wno-error=int-conversion -w -D_GNU_SOURCE -D_TIME_BITS=64 -D_FILE_OFFSET_BITS=64 -U_FORTIFY_SOURCE -D_FORTIFY_SOURCE=0 -DNDEBUG -D_NDEBUG -Wl,-O1,--sort-common,--as-needed,--file-alignment=4096 conftest.c  >&5
configure:9221: $? = 0
configure:9235: result: yes
configure:9242: checking whether ccache i686-w64-mingw32-gcc supports -Wmicrosoft-enum-forward-reference
configure:9261: ccache i686-w64-mingw32-gcc -o conftest.exe -march=nocona -mtune=core-avx2 -pipe -O2 -fno-strict-aliasing -fwrapv -mfpmath=sse                         -Wno-error=incompatible-pointer-types -Wno-error=implicit-function-declaration -Wno-error=int-conversion -w -D_GNU_SOURCE -D_TIME_BITS=64 -D_FILE_OFFSET_BITS=64 -U_FORTIFY_SOURCE -D_FORTIFY_SOURCE=0 -DNDEBUG -D_NDEBUG -nostdlib -nodefaultlibs -Wmicrosoft-enum-forward-reference  -march=nocona -mtune=core-avx2 -pipe -O2 -fno-strict-aliasing -fwrapv -mfpmath=sse                         -Wno-error=incompatible-pointer-types -Wno-error=implicit-function-declaration -Wno-error=int-conversion -w -D_GNU_SOURCE -D_TIME_BITS=64 -D_FILE_OFFSET_BITS=64 -U_FORTIFY_SOURCE -D_FORTIFY_SOURCE=0 -DNDEBUG -D_NDEBUG -Wl,-O1,--sort-common,--as-needed,--file-alignment=4096 conftest.c  >&5
i686-w64-mingw32-gcc: error: unrecognized command-line option '-Wmicrosoft-enum-forward-reference'
configure:9261: $? = 1
configure: failed program was:
| /* confdefs.h */
| #define PACKAGE_NAME "Wine"
| #define PACKAGE_TARNAME "wine"
| #define PACKAGE_VERSION "11.8"
| #define PACKAGE_STRING "Wine 11.8"
| #define PACKAGE_BUGREPORT "wine-devel@winehq.org"
| #define PACKAGE_URL "https://www.winehq.org"
| #define EXEEXT ""
| /* end confdefs.h.  */
| void *__os_arm64x_dispatch_ret = 0;
| const unsigned int _load_config_used[0x50] = { sizeof(_load_config_used) };
| #if defined(__clang_major__) && defined(MIN_CLANG_VERSION) && __clang_major__ < MIN_CLANG_VERSION
| #error Too old clang version
| #endif
| int __cdecl mainCRTStartup(void) { return 0; }
configure:9275: result: no
configure:9282: checking whether ccache i686-w64-mingw32-gcc supports -Wshift-overflow=2
configure:9301: ccache i686-w64-mingw32-gcc -o conftest.exe -march=nocona -mtune=core-avx2 -pipe -O2 -fno-strict-aliasing -fwrapv -mfpmath=sse                         -Wno-error=incompatible-pointer-types -Wno-error=implicit-function-declaration -Wno-error=int-conversion -w -D_GNU_SOURCE -D_TIME_BITS=64 -D_FILE_OFFSET_BITS=64 -U_FORTIFY_SOURCE -D_FORTIFY_SOURCE=0 -DNDEBUG -D_NDEBUG -nostdlib -nodefaultlibs -Wshift-overflow=2  -march=nocona -mtune=core-avx2 -pipe -O2 -fno-strict-aliasing -fwrapv -mfpmath=sse                         -Wno-error=incompatible-pointer-types -Wno-error=implicit-function-declaration -Wno-error=int-conversion -w -D_GNU_SOURCE -D_TIME_BITS=64 -D_FILE_OFFSET_BITS=64 -U_FORTIFY_SOURCE -D_FORTIFY_SOURCE=0 -DNDEBUG -D_NDEBUG -Wl,-O1,--sort-common,--as-needed,--file-alignment=4096 conftest.c  >&5
configure:9301: $? = 0
configure:9315: result: yes
configure:9322: checking whether ccache i686-w64-mingw32-gcc supports -Wtype-limits
configure:9341: ccache i686-w64-mingw32-gcc -o conftest.exe -march=nocona -mtune=core-avx2 -pipe -O2 -fno-strict-aliasing -fwrapv -mfpmath=sse                         -Wno-error=incompatible-pointer-types -Wno-error=implicit-function-declaration -Wno-error=int-conversion -w -D_GNU_SOURCE -D_TIME_BITS=64 -D_FILE_OFFSET_BITS=64 -U_FORTIFY_SOURCE -D_FORTIFY_SOURCE=0 -DNDEBUG -D_NDEBUG -nostdlib -nodefaultlibs -Wtype-limits  -march=nocona -mtune=core-avx2 -pipe -O2 -fno-strict-aliasing -fwrapv -mfpmath=sse                         -Wno-error=incompatible-pointer-types -Wno-error=implicit-function-declaration -Wno-error=int-conversion -w -D_GNU_SOURCE -D_TIME_BITS=64 -D_FILE_OFFSET_BITS=64 -U_FORTIFY_SOURCE -D_FORTIFY_SOURCE=0 -DNDEBUG -D_NDEBUG -Wl,-O1,--sort-common,--as-needed,--file-alignment=4096 conftest.c  >&5
configure:9341: $? = 0
configure:9355: result: yes
configure:9362: checking whether ccache i686-w64-mingw32-gcc supports -Wunused-but-set-parameter
configure:9381: ccache i686-w64-mingw32-gcc -o conftest.exe -march=nocona -mtune=core-avx2 -pipe -O2 -fno-strict-aliasing -fwrapv -mfpmath=sse                         -Wno-error=incompatible-pointer-types -Wno-error=implicit-function-declaration -Wno-error=int-conversion -w -D_GNU_SOURCE -D_TIME_BITS=64 -D_FILE_OFFSET_BITS=64 -U_FORTIFY_SOURCE -D_FORTIFY_SOURCE=0 -DNDEBUG -D_NDEBUG -nostdlib -nodefaultlibs -Wunused-but-set-parameter  -march=nocona -mtune=core-avx2 -pipe -O2 -fno-strict-aliasing -fwrapv -mfpmath=sse                         -Wno-error=incompatible-pointer-types -Wno-error=implicit-function-declaration -Wno-error=int-conversion -w -D_GNU_SOURCE -D_TIME_BITS=64 -D_FILE_OFFSET_BITS=64 -U_FORTIFY_SOURCE -D_FORTIFY_SOURCE=0 -DNDEBUG -D_NDEBUG -Wl,-O1,--sort-common,--as-needed,--file-alignment=4096 conftest.c  >&5
configure:9381: $? = 0
configure:9395: result: yes
configure:9402: checking whether ccache i686-w64-mingw32-gcc supports -Wvla
configure:9421: ccache i686-w64-mingw32-gcc -o conftest.exe -march=nocona -mtune=core-avx2 -pipe -O2 -fno-strict-aliasing -fwrapv -mfpmath=sse                         -Wno-error=incompatible-pointer-types -Wno-error=implicit-function-declaration -Wno-error=int-conversion -w -D_GNU_SOURCE -D_TIME_BITS=64 -D_FILE_OFFSET_BITS=64 -U_FORTIFY_SOURCE -D_FORTIFY_SOURCE=0 -DNDEBUG -D_NDEBUG -nostdlib -nodefaultlibs -Wvla  -march=nocona -mtune=core-avx2 -pipe -O2 -fno-strict-aliasing -fwrapv -mfpmath=sse                         -Wno-error=incompatible-pointer-types -Wno-error=implicit-function-declaration -Wno-error=int-conversion -w -D_GNU_SOURCE -D_TIME_BITS=64 -D_FILE_OFFSET_BITS=64 -U_FORTIFY_SOURCE -D_FORTIFY_SOURCE=0 -DNDEBUG -D_NDEBUG -Wl,-O1,--sort-common,--as-needed,--file-alignment=4096 conftest.c  >&5
configure:9421: $? = 0
configure:9435: result: yes
configure:9442: checking whether ccache i686-w64-mingw32-gcc supports -Wwrite-strings
configure:9461: ccache i686-w64-mingw32-gcc -o conftest.exe -march=nocona -mtune=core-avx2 -pipe -O2 -fno-strict-aliasing -fwrapv -mfpmath=sse                         -Wno-error=incompatible-pointer-types -Wno-error=implicit-function-declaration -Wno-error=int-conversion -w -D_GNU_SOURCE -D_TIME_BITS=64 -D_FILE_OFFSET_BITS=64 -U_FORTIFY_SOURCE -D_FORTIFY_SOURCE=0 -DNDEBUG -D_NDEBUG -nostdlib -nodefaultlibs -Wwrite-strings  -march=nocona -mtune=core-avx2 -pipe -O2 -fno-strict-aliasing -fwrapv -mfpmath=sse                         -Wno-error=incompatible-pointer-types -Wno-error=implicit-function-declaration -Wno-error=int-conversion -w -D_GNU_SOURCE -D_TIME_BITS=64 -D_FILE_OFFSET_BITS=64 -U_FORTIFY_SOURCE -D_FORTIFY_SOURCE=0 -DNDEBUG -D_NDEBUG -Wl,-O1,--sort-common,--as-needed,--file-alignment=4096 conftest.c  >&5
configure:9461: $? = 0
configure:9475: result: yes
configure:9482: checking whether ccache i686-w64-mingw32-gcc supports -Wpointer-arith
configure:9501: ccache i686-w64-mingw32-gcc -o conftest.exe -march=nocona -mtune=core-avx2 -pipe -O2 -fno-strict-aliasing -fwrapv -mfpmath=sse                         -Wno-error=incompatible-pointer-types -Wno-error=implicit-function-declaration -Wno-error=int-conversion -w -D_GNU_SOURCE -D_TIME_BITS=64 -D_FILE_OFFSET_BITS=64 -U_FORTIFY_SOURCE -D_FORTIFY_SOURCE=0 -DNDEBUG -D_NDEBUG -nostdlib -nodefaultlibs -Wpointer-arith  -march=nocona -mtune=core-avx2 -pipe -O2 -fno-strict-aliasing -fwrapv -mfpmath=sse                         -Wno-error=incompatible-pointer-types -Wno-error=implicit-function-declaration -Wno-error=int-conversion -w -D_GNU_SOURCE -D_TIME_BITS=64 -D_FILE_OFFSET_BITS=64 -U_FORTIFY_SOURCE -D_FORTIFY_SOURCE=0 -DNDEBUG -D_NDEBUG -Wl,-O1,--sort-common,--as-needed,--file-alignment=4096 conftest.c  >&5
configure:9501: $? = 0
configure:9515: result: yes
configure:9522: checking whether ccache i686-w64-mingw32-gcc supports -Wlogical-op
configure:9541: ccache i686-w64-mingw32-gcc -o conftest.exe -march=nocona -mtune=core-avx2 -pipe -O2 -fno-strict-aliasing -fwrapv -mfpmath=sse                         -Wno-error=incompatible-pointer-types -Wno-error=implicit-function-declaration -Wno-error=int-conversion -w -D_GNU_SOURCE -D_TIME_BITS=64 -D_FILE_OFFSET_BITS=64 -U_FORTIFY_SOURCE -D_FORTIFY_SOURCE=0 -DNDEBUG -D_NDEBUG -nostdlib -nodefaultlibs -Wlogical-op  -march=nocona -mtune=core-avx2 -pipe -O2 -fno-strict-aliasing -fwrapv -mfpmath=sse                         -Wno-error=incompatible-pointer-types -Wno-error=implicit-function-declaration -Wno-error=int-conversion -w -D_GNU_SOURCE -D_TIME_BITS=64 -D_FILE_OFFSET_BITS=64 -U_FORTIFY_SOURCE -D_FORTIFY_SOURCE=0 -DNDEBUG -D_NDEBUG -Wl,-O1,--sort-common,--as-needed,--file-alignment=4096 conftest.c  >&5
configure:9541: $? = 0
configure:9555: result: yes
configure:9562: checking whether ccache i686-w64-mingw32-gcc supports -Wenum-enum-conversion
configure:9581: ccache i686-w64-mingw32-gcc -o conftest.exe -march=nocona -mtune=core-avx2 -pipe -O2 -fno-strict-aliasing -fwrapv -mfpmath=sse                         -Wno-error=incompatible-pointer-types -Wno-error=implicit-function-declaration -Wno-error=int-conversion -w -D_GNU_SOURCE -D_TIME_BITS=64 -D_FILE_OFFSET_BITS=64 -U_FORTIFY_SOURCE -D_FORTIFY_SOURCE=0 -DNDEBUG -D_NDEBUG -nostdlib -nodefaultlibs -Wenum-enum-conversion  -march=nocona -mtune=core-avx2 -pipe -O2 -fno-strict-aliasing -fwrapv -mfpmath=sse                         -Wno-error=incompatible-pointer-types -Wno-error=implicit-function-declaration -Wno-error=int-conversion -w -D_GNU_SOURCE -D_TIME_BITS=64 -D_FILE_OFFSET_BITS=64 -U_FORTIFY_SOURCE -D_FORTIFY_SOURCE=0 -DNDEBUG -D_NDEBUG -Wl,-O1,--sort-common,--as-needed,--file-alignment=4096 conftest.c  >&5
i686-w64-mingw32-gcc: error: unrecognized command-line option '-Wenum-enum-conversion'; did you mean '-Wno-enum-conversion'?
configure:9581: $? = 1
configure: failed program was:
| /* confdefs.h */
| #define PACKAGE_NAME "Wine"
| #define PACKAGE_TARNAME "wine"
| #define PACKAGE_VERSION "11.8"
| #define PACKAGE_STRING "Wine 11.8"
| #define PACKAGE_BUGREPORT "wine-devel@winehq.org"
| #define PACKAGE_URL "https://www.winehq.org"
| #define EXEEXT ""
| /* end confdefs.h.  */
| void *__os_arm64x_dispatch_ret = 0;
| const unsigned int _load_config_used[0x50] = { sizeof(_load_config_used) };
| #if defined(__clang_major__) && defined(MIN_CLANG_VERSION) && __clang_major__ < MIN_CLANG_VERSION
| #error Too old clang version
| #endif
| int __cdecl mainCRTStartup(void) { return 0; }
configure:9595: result: no
configure:9602: checking whether ccache i686-w64-mingw32-gcc supports -Wenum-conversion
configure:9621: ccache i686-w64-mingw32-gcc -o conftest.exe -march=nocona -mtune=core-avx2 -pipe -O2 -fno-strict-aliasing -fwrapv -mfpmath=sse                         -Wno-error=incompatible-pointer-types -Wno-error=implicit-function-declaration -Wno-error=int-conversion -w -D_GNU_SOURCE -D_TIME_BITS=64 -D_FILE_OFFSET_BITS=64 -U_FORTIFY_SOURCE -D_FORTIFY_SOURCE=0 -DNDEBUG -D_NDEBUG -nostdlib -nodefaultlibs -Wenum-conversion  -march=nocona -mtune=core-avx2 -pipe -O2 -fno-strict-aliasing -fwrapv -mfpmath=sse                         -Wno-error=incompatible-pointer-types -Wno-error=implicit-function-declaration -Wno-error=int-conversion -w -D_GNU_SOURCE -D_TIME_BITS=64 -D_FILE_OFFSET_BITS=64 -U_FORTIFY_SOURCE -D_FORTIFY_SOURCE=0 -DNDEBUG -D_NDEBUG -Wl,-O1,--sort-common,--as-needed,--file-alignment=4096 conftest.c  >&5
conftest.c:11:53: error: '_load_config_used' undeclared here (not in a function); did you mean '_load_config_used0x50'?
   11 | const unsigned int _load_config_used0x50 = { sizeof(_load_config_used) };
      |                                                     ^~~~~~~~~~~~~~~~~
      |                                                     _load_config_used0x50
configure:9621: $? = 1
configure: failed program was:
| /* confdefs.h */
| #define PACKAGE_NAME "Wine"
| #define PACKAGE_TARNAME "wine"
| #define PACKAGE_VERSION "11.8"
| #define PACKAGE_STRING "Wine 11.8"
| #define PACKAGE_BUGREPORT "wine-devel@winehq.org"
| #define PACKAGE_URL "https://www.winehq.org"
| #define EXEEXT ""
| /* end confdefs.h.  */
| void *__os_arm64x_dispatch_ret = 0;
| const unsigned int _load_config_used0x50 = { sizeof(_load_config_used) };
| #if defined(__clang_major__) && defined(MIN_CLANG_VERSION) && __clang_major__ < MIN_CLANG_VERSION
| #error Too old clang version
| #endif
| int __cdecl mainCRTStartup(void) { return 0; }
configure:9635: result: no
configure:9644: checking whether ccache i686-w64-mingw32-gcc supports -ffunction-sections
configure:9663: ccache i686-w64-mingw32-gcc -o conftest.exe -march=nocona -mtune=core-avx2 -pipe -O2 -fno-strict-aliasing -fwrapv -mfpmath=sse                         -Wno-error=incompatible-pointer-types -Wno-error=implicit-function-declaration -Wno-error=int-conversion -w -D_GNU_SOURCE -D_TIME_BITS=64 -D_FILE_OFFSET_BITS=64 -U_FORTIFY_SOURCE -D_FORTIFY_SOURCE=0 -DNDEBUG -D_NDEBUG -nostdlib -nodefaultlibs -ffunction-sections  -march=nocona -mtune=core-avx2 -pipe -O2 -fno-strict-aliasing -fwrapv -mfpmath=sse                         -Wno-error=incompatible-pointer-types -Wno-error=implicit-function-declaration -Wno-error=int-conversion -w -D_GNU_SOURCE -D_TIME_BITS=64 -D_FILE_OFFSET_BITS=64 -U_FORTIFY_SOURCE -D_FORTIFY_SOURCE=0 -DNDEBUG -D_NDEBUG -Wl,-O1,--sort-common,--as-needed,--file-alignment=4096 conftest.c  >&5
configure:9663: $? = 0
configure:9677: result: yes
configure:9684: checking whether ccache i686-w64-mingw32-gcc supports -ffp-exception-behavior=maytrap
configure:9703: ccache i686-w64-mingw32-gcc -o conftest.exe -march=nocona -mtune=core-avx2 -pipe -O2 -fno-strict-aliasing -fwrapv -mfpmath=sse                         -Wno-error=incompatible-pointer-types -Wno-error=implicit-function-declaration -Wno-error=int-conversion -w -D_GNU_SOURCE -D_TIME_BITS=64 -D_FILE_OFFSET_BITS=64 -U_FORTIFY_SOURCE -D_FORTIFY_SOURCE=0 -DNDEBUG -D_NDEBUG -nostdlib -nodefaultlibs -ffp-exception-behavior=maytrap  -march=nocona -mtune=core-avx2 -pipe -O2 -fno-strict-aliasing -fwrapv -mfpmath=sse                         -Wno-error=incompatible-pointer-types -Wno-error=implicit-function-declaration -Wno-error=int-conversion -w -D_GNU_SOURCE -D_TIME_BITS=64 -D_FILE_OFFSET_BITS=64 -U_FORTIFY_SOURCE -D_FORTIFY_SOURCE=0 -DNDEBUG -D_NDEBUG -Wl,-O1,--sort-common,--as-needed,--file-alignment=4096 conftest.c  >&5
i686-w64-mingw32-gcc: error: unrecognized command-line option '-ffp-exception-behavior=maytrap'
configure:9703: $? = 1
configure: failed program was:
| /* confdefs.h */
| #define PACKAGE_NAME "Wine"
| #define PACKAGE_TARNAME "wine"
| #define PACKAGE_VERSION "11.8"
| #define PACKAGE_STRING "Wine 11.8"
| #define PACKAGE_BUGREPORT "wine-devel@winehq.org"
| #define PACKAGE_URL "https://www.winehq.org"
| #define EXEEXT ""
| /* end confdefs.h.  */
| void *__os_arm64x_dispatch_ret = 0;
| const unsigned int _load_config_used[0x50] = { sizeof(_load_config_used) };
| #if defined(__clang_major__) && defined(MIN_CLANG_VERSION) && __clang_major__ < MIN_CLANG_VERSION
| #error Too old clang version
| #endif
| int __cdecl mainCRTStartup(void) { return 0; }
configure:9717: result: no
configure:9725: checking whether ccache i686-w64-mingw32-gcc supports -fms-hotpatch -DMIN_CLANG_VERSION=18
configure:9744: ccache i686-w64-mingw32-gcc -o conftest.exe -march=nocona -mtune=core-avx2 -pipe -O2 -fno-strict-aliasing -fwrapv -mfpmath=sse                         -Wno-error=incompatible-pointer-types -Wno-error=implicit-function-declaration -Wno-error=int-conversion -w -D_GNU_SOURCE -D_TIME_BITS=64 -D_FILE_OFFSET_BITS=64 -U_FORTIFY_SOURCE -D_FORTIFY_SOURCE=0 -DNDEBUG -D_NDEBUG -nostdlib -nodefaultlibs -fms-hotpatch -DMIN_CLANG_VERSION=18  -march=nocona -mtune=core-avx2 -pipe -O2 -fno-strict-aliasing -fwrapv -mfpmath=sse                         -Wno-error=incompatible-pointer-types -Wno-error=implicit-function-declaration -Wno-error=int-conversion -w -D_GNU_SOURCE -D_TIME_BITS=64 -D_FILE_OFFSET_BITS=64 -U_FORTIFY_SOURCE -D_FORTIFY_SOURCE=0 -DNDEBUG -D_NDEBUG -Wl,-O1,--sort-common,--as-needed,--file-alignment=4096 conftest.c  >&5
i686-w64-mingw32-gcc: error: unrecognized command-line option '-fms-hotpatch'
configure:9744: $? = 1
configure: failed program was:
| /* confdefs.h */
| #define PACKAGE_NAME "Wine"
| #define PACKAGE_TARNAME "wine"
| #define PACKAGE_VERSION "11.8"
| #define PACKAGE_STRING "Wine 11.8"
| #define PACKAGE_BUGREPORT "wine-devel@winehq.org"
| #define PACKAGE_URL "https://www.winehq.org"
| #define EXEEXT ""
| /* end confdefs.h.  */
| void *__os_arm64x_dispatch_ret = 0;
| const unsigned int _load_config_used[0x50] = { sizeof(_load_config_used) };
| #if defined(__clang_major__) && defined(MIN_CLANG_VERSION) && __clang_major__ < MIN_CLANG_VERSION
| #error Too old clang version
| #endif
| int __cdecl mainCRTStartup(void) { return 0; }
configure:9758: result: no
configure:9767: checking whether ccache i686-w64-mingw32-gcc supports -flarge-source-files -Wmisleading-indentation
configure:9786: ccache i686-w64-mingw32-gcc -o conftest.exe -march=nocona -mtune=core-avx2 -pipe -O2 -fno-strict-aliasing -fwrapv -mfpmath=sse                         -Wno-error=incompatible-pointer-types -Wno-error=implicit-function-declaration -Wno-error=int-conversion -w -D_GNU_SOURCE -D_TIME_BITS=64 -D_FILE_OFFSET_BITS=64 -U_FORTIFY_SOURCE -D_FORTIFY_SOURCE=0 -DNDEBUG -D_NDEBUG -nostdlib -nodefaultlibs -flarge-source-files -Wmisleading-indentation  -march=nocona -mtune=core-avx2 -pipe -O2 -fno-strict-aliasing -fwrapv -mfpmath=sse                         -Wno-error=incompatible-pointer-types -Wno-error=implicit-function-declaration -Wno-error=int-conversion -w -D_GNU_SOURCE -D_TIME_BITS=64 -D_FILE_OFFSET_BITS=64 -U_FORTIFY_SOURCE -D_FORTIFY_SOURCE=0 -DNDEBUG -D_NDEBUG -Wl,-O1,--sort-common,--as-needed,--file-alignment=4096 conftest.c  >&5
configure:9786: $? = 0
configure:9800: result: yes
configure:9809: checking whether ccache i686-w64-mingw32-gcc supports -fno-omit-frame-pointer
configure:9828: ccache i686-w64-mingw32-gcc -o conftest.exe -march=nocona -mtune=core-avx2 -pipe -O2 -fno-strict-aliasing -fwrapv -mfpmath=sse                         -Wno-error=incompatible-pointer-types -Wno-error=implicit-function-declaration -Wno-error=int-conversion -w -D_GNU_SOURCE -D_TIME_BITS=64 -D_FILE_OFFSET_BITS=64 -U_FORTIFY_SOURCE -D_FORTIFY_SOURCE=0 -DNDEBUG -D_NDEBUG -nostdlib -nodefaultlibs -fno-omit-frame-pointer  -march=nocona -mtune=core-avx2 -pipe -O2 -fno-strict-aliasing -fwrapv -mfpmath=sse                         -Wno-error=incompatible-pointer-types -Wno-error=implicit-function-declaration -Wno-error=int-conversion -w -D_GNU_SOURCE -D_TIME_BITS=64 -D_FILE_OFFSET_BITS=64 -U_FORTIFY_SOURCE -D_FORTIFY_SOURCE=0 -DNDEBUG -D_NDEBUG -Wl,-O1,--sort-common,--as-needed,--file-alignment=4096 conftest.c  >&5
configure:9828: $? = 0
configure:9842: result: yes
configure:9849: checking whether ccache i686-w64-mingw32-gcc supports -mpreferred-stack-boundary=2
configure:9868: ccache i686-w64-mingw32-gcc -o conftest.exe -march=nocona -mtune=core-avx2 -pipe -O2 -fno-strict-aliasing -fwrapv -mfpmath=sse                         -Wno-error=incompatible-pointer-types -Wno-error=implicit-function-declaration -Wno-error=int-conversion -w -D_GNU_SOURCE -D_TIME_BITS=64 -D_FILE_OFFSET_BITS=64 -U_FORTIFY_SOURCE -D_FORTIFY_SOURCE=0 -DNDEBUG -D_NDEBUG -nostdlib -nodefaultlibs -mpreferred-stack-boundary=2  -march=nocona -mtune=core-avx2 -pipe -O2 -fno-strict-aliasing -fwrapv -mfpmath=sse                         -Wno-error=incompatible-pointer-types -Wno-error=implicit-function-declaration -Wno-error=int-conversion -w -D_GNU_SOURCE -D_TIME_BITS=64 -D_FILE_OFFSET_BITS=64 -U_FORTIFY_SOURCE -D_FORTIFY_SOURCE=0 -DNDEBUG -D_NDEBUG -Wl,-O1,--sort-common,--as-needed,--file-alignment=4096 conftest.c  >&5
configure:9868: $? = 0
configure:9882: result: yes
configure:9889: checking whether ccache i686-w64-mingw32-gcc supports -mlong-double-64
configure:9908: ccache i686-w64-mingw32-gcc -o conftest.exe -march=nocona -mtune=core-avx2 -pipe -O2 -fno-strict-aliasing -fwrapv -mfpmath=sse                         -Wno-error=incompatible-pointer-types -Wno-error=implicit-function-declaration -Wno-error=int-conversion -w -D_GNU_SOURCE -D_TIME_BITS=64 -D_FILE_OFFSET_BITS=64 -U_FORTIFY_SOURCE -D_FORTIFY_SOURCE=0 -DNDEBUG -D_NDEBUG -nostdlib -nodefaultlibs -mlong-double-64  -march=nocona -mtune=core-avx2 -pipe -O2 -fno-strict-aliasing -fwrapv -mfpmath=sse                         -Wno-error=incompatible-pointer-types -Wno-error=implicit-function-declaration -Wno-error=int-conversion -w -D_GNU_SOURCE -D_TIME_BITS=64 -D_FILE_OFFSET_BITS=64 -U_FORTIFY_SOURCE -D_FORTIFY_SOURCE=0 -DNDEBUG -D_NDEBUG -Wl,-O1,--sort-common,--as-needed,--file-alignment=4096 conftest.c  >&5
configure:9908: $? = 0
configure:9922: result: yes
configure:9929: checking whether ccache i686-w64-mingw32-gcc supports -Wl,--disable-stdcall-fixup
configure:9948: ccache i686-w64-mingw32-gcc -o conftest.exe -march=nocona -mtune=core-avx2 -pipe -O2 -fno-strict-aliasing -fwrapv -mfpmath=sse                         -Wno-error=incompatible-pointer-types -Wno-error=implicit-function-declaration -Wno-error=int-conversion -w -D_GNU_SOURCE -D_TIME_BITS=64 -D_FILE_OFFSET_BITS=64 -U_FORTIFY_SOURCE -D_FORTIFY_SOURCE=0 -DNDEBUG -D_NDEBUG -nostdlib -nodefaultlibs -Wl,--disable-stdcall-fixup  -march=nocona -mtune=core-avx2 -pipe -O2 -fno-strict-aliasing -fwrapv -mfpmath=sse                         -Wno-error=incompatible-pointer-types -Wno-error=implicit-function-declaration -Wno-error=int-conversion -w -D_GNU_SOURCE -D_TIME_BITS=64 -D_FILE_OFFSET_BITS=64 -U_FORTIFY_SOURCE -D_FORTIFY_SOURCE=0 -DNDEBUG -D_NDEBUG -Wl,-O1,--sort-common,--as-needed,--file-alignment=4096 conftest.c  >&5
configure:9948: $? = 0
configure:9962: result: yes
configure:10368: checking whether ccache i686-w64-mingw32-gcc supports -Wdeclaration-after-statement
configure:10387: ccache i686-w64-mingw32-gcc -o conftest.exe -march=nocona -mtune=core-avx2 -pipe -O2 -fno-strict-aliasing -fwrapv -mfpmath=sse                         -Wno-error=incompatible-pointer-types -Wno-error=implicit-function-declaration -Wno-error=int-conversion -w -D_GNU_SOURCE -D_TIME_BITS=64 -D_FILE_OFFSET_BITS=64 -U_FORTIFY_SOURCE -D_FORTIFY_SOURCE=0 -DNDEBUG -D_NDEBUG -nostdlib -nodefaultlibs -Wdeclaration-after-statement  -march=nocona -mtune=core-avx2 -pipe -O2 -fno-strict-aliasing -fwrapv -mfpmath=sse                         -Wno-error=incompatible-pointer-types -Wno-error=implicit-function-declaration -Wno-error=int-conversion -w -D_GNU_SOURCE -D_TIME_BITS=64 -D_FILE_OFFSET_BITS=64 -U_FORTIFY_SOURCE -D_FORTIFY_SOURCE=0 -DNDEBUG -D_NDEBUG -Wl,-O1,--sort-common,--as-needed,--file-alignment=4096 conftest.c  >&5
configure:10387: $? = 0
configure:10401: result: yes
configure:10408: checking whether ccache i686-w64-mingw32-gcc supports -Wstrict-prototypes
configure:10427: ccache i686-w64-mingw32-gcc -o conftest.exe -march=nocona -mtune=core-avx2 -pipe -O2 -fno-strict-aliasing -fwrapv -mfpmath=sse                         -Wno-error=incompatible-pointer-types -Wno-error=implicit-function-declaration -Wno-error=int-conversion -w -D_GNU_SOURCE -D_TIME_BITS=64 -D_FILE_OFFSET_BITS=64 -U_FORTIFY_SOURCE -D_FORTIFY_SOURCE=0 -DNDEBUG -D_NDEBUG -nostdlib -nodefaultlibs -Wstrict-prototypes  -march=nocona -mtune=core-avx2 -pipe -O2 -fno-strict-aliasing -fwrapv -mfpmath=sse                         -Wno-error=incompatible-pointer-types -Wno-error=implicit-function-declaration -Wno-error=int-conversion -w -D_GNU_SOURCE -D_TIME_BITS=64 -D_FILE_OFFSET_BITS=64 -U_FORTIFY_SOURCE -D_FORTIFY_SOURCE=0 -DNDEBUG -D_NDEBUG -Wl,-O1,--sort-common,--as-needed,--file-alignment=4096 conftest.c  >&5
configure:10427: $? = 0
configure:10441: result: yes
configure:10448: checking whether ccache i686-w64-mingw32-gcc supports -Wabsolute-value
configure:10467: ccache i686-w64-mingw32-gcc -o conftest.exe -march=nocona -mtune=core-avx2 -pipe -O2 -fno-strict-aliasing -fwrapv -mfpmath=sse                         -Wno-error=incompatible-pointer-types -Wno-error=implicit-function-declaration -Wno-error=int-conversion -w -D_GNU_SOURCE -D_TIME_BITS=64 -D_FILE_OFFSET_BITS=64 -U_FORTIFY_SOURCE -D_FORTIFY_SOURCE=0 -DNDEBUG -D_NDEBUG -nostdlib -nodefaultlibs -Wabsolute-value  -march=nocona -mtune=core-avx2 -pipe -O2 -fno-strict-aliasing -fwrapv -mfpmath=sse                         -Wno-error=incompatible-pointer-types -Wno-error=implicit-function-declaration -Wno-error=int-conversion -w -D_GNU_SOURCE -D_TIME_BITS=64 -D_FILE_OFFSET_BITS=64 -U_FORTIFY_SOURCE -D_FORTIFY_SOURCE=0 -DNDEBUG -D_NDEBUG -Wl,-O1,--sort-common,--as-needed,--file-alignment=4096 conftest.c  >&5
configure:10467: $? = 0
configure:10481: result: yes
configure:10488: checking whether ccache i686-w64-mingw32-gcc supports -fasync-exceptions -DMIN_CLANG_VERSION=19
configure:10507: ccache i686-w64-mingw32-gcc -o conftest.exe -march=nocona -mtune=core-avx2 -pipe -O2 -fno-strict-aliasing -fwrapv -mfpmath=sse                         -Wno-error=incompatible-pointer-types -Wno-error=implicit-function-declaration -Wno-error=int-conversion -w -D_GNU_SOURCE -D_TIME_BITS=64 -D_FILE_OFFSET_BITS=64 -U_FORTIFY_SOURCE -D_FORTIFY_SOURCE=0 -DNDEBUG -D_NDEBUG -nostdlib -nodefaultlibs -fasync-exceptions -DMIN_CLANG_VERSION=19  -march=nocona -mtune=core-avx2 -pipe -O2 -fno-strict-aliasing -fwrapv -mfpmath=sse                         -Wno-error=incompatible-pointer-types -Wno-error=implicit-function-declaration -Wno-error=int-conversion -w -D_GNU_SOURCE -D_TIME_BITS=64 -D_FILE_OFFSET_BITS=64 -U_FORTIFY_SOURCE -D_FORTIFY_SOURCE=0 -DNDEBUG -D_NDEBUG -Wl,-O1,--sort-common,--as-needed,--file-alignment=4096 conftest.c  >&5
i686-w64-mingw32-gcc: error: unrecognized command-line option '-fasync-exceptions'; did you mean '-fno-exceptions'?
configure:10507: $? = 1
configure: failed program was:
| /* confdefs.h */
| #define PACKAGE_NAME "Wine"
| #define PACKAGE_TARNAME "wine"
| #define PACKAGE_VERSION "11.8"
| #define PACKAGE_STRING "Wine 11.8"
| #define PACKAGE_BUGREPORT "wine-devel@winehq.org"
| #define PACKAGE_URL "https://www.winehq.org"
| #define EXEEXT ""
| /* end confdefs.h.  */
| void *__os_arm64x_dispatch_ret = 0;
| const unsigned int _load_config_used[0x50] = { sizeof(_load_config_used) };
| #if defined(__clang_major__) && defined(MIN_CLANG_VERSION) && __clang_major__ < MIN_CLANG_VERSION
| #error Too old clang version
| #endif
| int __cdecl mainCRTStartup(void) { return 0; }
configure:10521: result: no
configure:10557: checking for i386_set_ldt in -li386
configure:10586: ccache gcc -m64 -o conftest -march=nocona -mtune=core-avx2 -pipe -O2 -fno-strict-aliasing -fwrapv -mfpmath=sse                         -Wno-error=incompatible-pointer-types -Wno-error=implicit-function-declaration -Wno-error=int-conversion -w -static-libgcc -D_GNU_SOURCE -D_TIME_BITS=64 -D_FILE_OFFSET_BITS=64 -U_FORTIFY_SOURCE -D_FORTIFY_SOURCE=0 -DNDEBUG -D_NDEBUG -D_GNU_SOURCE -D_TIME_BITS=64 -D_FILE_OFFSET_BITS=64 -U_FORTIFY_SOURCE -D_FORTIFY_SOURCE=0 -DNDEBUG -D_NDEBUG -march=nocona -mtune=core-avx2 -pipe -O2 -fno-strict-aliasing -fwrapv -mfpmath=sse                         -Wno-error=incompatible-pointer-types -Wno-error=implicit-function-declaration -Wno-error=int-conversion -w -static-libgcc -D_GNU_SOURCE -D_TIME_BITS=64 -D_FILE_OFFSET_BITS=64 -U_FORTIFY_SOURCE -D_FORTIFY_SOURCE=0 -DNDEBUG -D_NDEBUG -Wl,-O1,--sort-common,--as-needed -L/usr/local/x86_64/lib/x86_64-linux-gnu -L/usr/local/lib conftest.c -li386   >&5
/usr/bin/ld: cannot find -li386: No such file or directory
collect2: error: ld returned 1 exit status
configure:10586: $? = 1
configure: failed program was:
| /* confdefs.h */
| #define PACKAGE_NAME "Wine"
| #define PACKAGE_TARNAME "wine"
| #define PACKAGE_VERSION "11.8"
| #define PACKAGE_STRING "Wine 11.8"
| #define PACKAGE_BUGREPORT "wine-devel@winehq.org"
| #define PACKAGE_URL "https://www.winehq.org"
| #define EXEEXT ""
| /* end confdefs.h.  */
| 
| /* Override any GCC internal prototype to avoid an error.
|    Use char because int might match the return type of a GCC
|    builtin and then its argument prototype would still apply.
|    The 'extern "C"' is for builds by C++ compilers;
|    although this is not generally supported in C code supporting it here
|    has little cost and some practical benefit (sr 110532).  */
| #ifdef __cplusplus
| extern "C"
| #endif
| char i386_set_ldt (void);
| int
| main (void)
| {
| return i386_set_ldt ();
|   ;
|   return 0;
| }
configure:10598: result: no
configure:10618: checking for -D_GNU_SOURCE -D_TIME_BITS=64 -D_FILE_OFFSET_BITS=64 -U_FORTIFY_SOURCE -D_FORTIFY_SOURCE=0 -DNDEBUG -D_NDEBUG option for large files
configure:10653: ccache gcc -m64 -c -march=nocona -mtune=core-avx2 -pipe -O2 -fno-strict-aliasing -fwrapv -mfpmath=sse                         -Wno-error=incompatible-pointer-types -Wno-error=implicit-function-declaration -Wno-error=int-conversion -w -static-libgcc -D_GNU_SOURCE -D_TIME_BITS=64 -D_FILE_OFFSET_BITS=64 -U_FORTIFY_SOURCE -D_FORTIFY_SOURCE=0 -DNDEBUG -D_NDEBUG -D_GNU_SOURCE -D_TIME_BITS=64 -D_FILE_OFFSET_BITS=64 -U_FORTIFY_SOURCE -D_FORTIFY_SOURCE=0 -DNDEBUG -D_NDEBUG conftest.c >&5
configure:10653: $? = 0
configure:10659: ccache gcc -m64 -c -march=nocona -mtune=core-avx2 -pipe -O2 -fno-strict-aliasing -fwrapv -mfpmath=sse                         -Wno-error=incompatible-pointer-types -Wno-error=implicit-function-declaration -Wno-error=int-conversion -w -static-libgcc -D_GNU_SOURCE -D_TIME_BITS=64 -D_FILE_OFFSET_BITS=64 -U_FORTIFY_SOURCE -D_FORTIFY_SOURCE=0 -DNDEBUG -D_NDEBUG -D_GNU_SOURCE -D_TIME_BITS=64 -D_FILE_OFFSET_BITS=64 -U_FORTIFY_SOURCE -D_FORTIFY_SOURCE=0 -DNDEBUG -D_NDEBUG -DFTYPE=ino_t conftest.c >&5
configure:10659: $? = 0
configure:10684: result: none needed
configure:10709: checking for -D_GNU_SOURCE -D_TIME_BITS=64 -D_FILE_OFFSET_BITS=64 -U_FORTIFY_SOURCE -D_FORTIFY_SOURCE=0 -DNDEBUG -D_NDEBUG option for timestamps after 2038
configure:10741: ccache gcc -m64 -c -march=nocona -mtune=core-avx2 -pipe -O2 -fno-strict-aliasing -fwrapv -mfpmath=sse                         -Wno-error=incompatible-pointer-types -Wno-error=implicit-function-declaration -Wno-error=int-conversion -w -static-libgcc -D_GNU_SOURCE -D_TIME_BITS=64 -D_FILE_OFFSET_BITS=64 -U_FORTIFY_SOURCE -D_FORTIFY_SOURCE=0 -DNDEBUG -D_NDEBUG -D_GNU_SOURCE -D_TIME_BITS=64 -D_FILE_OFFSET_BITS=64 -U_FORTIFY_SOURCE -D_FORTIFY_SOURCE=0 -DNDEBUG -D_NDEBUG conftest.c >&5
configure:10741: $? = 0
configure:10753: result: none needed
configure:10819: checking for stdio.h
configure:10819: ccache gcc -m64 -c -march=nocona -mtune=core-avx2 -pipe -O2 -fno-strict-aliasing -fwrapv -mfpmath=sse                         -Wno-error=incompatible-pointer-types -Wno-error=implicit-function-declaration -Wno-error=int-conversion -w -static-libgcc -D_GNU_SOURCE -D_TIME_BITS=64 -D_FILE_OFFSET_BITS=64 -U_FORTIFY_SOURCE -D_FORTIFY_SOURCE=0 -DNDEBUG -D_NDEBUG -D_GNU_SOURCE -D_TIME_BITS=64 -D_FILE_OFFSET_BITS=64 -U_FORTIFY_SOURCE -D_FORTIFY_SOURCE=0 -DNDEBUG -D_NDEBUG conftest.c >&5
configure:10819: $? = 0
configure:10819: result: yes
configure:10819: checking for stdlib.h
configure:10819: ccache gcc -m64 -c -march=nocona -mtune=core-avx2 -pipe -O2 -fno-strict-aliasing -fwrapv -mfpmath=sse                         -Wno-error=incompatible-pointer-types -Wno-error=implicit-function-declaration -Wno-error=int-conversion -w -static-libgcc -D_GNU_SOURCE -D_TIME_BITS=64 -D_FILE_OFFSET_BITS=64 -U_FORTIFY_SOURCE -D_FORTIFY_SOURCE=0 -DNDEBUG -D_NDEBUG -D_GNU_SOURCE -D_TIME_BITS=64 -D_FILE_OFFSET_BITS=64 -U_FORTIFY_SOURCE -D_FORTIFY_SOURCE=0 -DNDEBUG -D_NDEBUG conftest.c >&5
configure:10819: $? = 0
configure:10819: result: yes
configure:10819: checking for string.h
configure:10819: ccache gcc -m64 -c -march=nocona -mtune=core-avx2 -pipe -O2 -fno-strict-aliasing -fwrapv -mfpmath=sse                         -Wno-error=incompatible-pointer-types -Wno-error=implicit-function-declaration -Wno-error=int-conversion -w -static-libgcc -D_GNU_SOURCE -D_TIME_BITS=64 -D_FILE_OFFSET_BITS=64 -U_FORTIFY_SOURCE -D_FORTIFY_SOURCE=0 -DNDEBUG -D_NDEBUG -D_GNU_SOURCE -D_TIME_BITS=64 -D_FILE_OFFSET_BITS=64 -U_FORTIFY_SOURCE -D_FORTIFY_SOURCE=0 -DNDEBUG -D_NDEBUG conftest.c >&5
configure:10819: $? = 0
configure:10819: result: yes
configure:10819: checking for inttypes.h
configure:10819: ccache gcc -m64 -c -march=nocona -mtune=core-avx2 -pipe -O2 -fno-strict-aliasing -fwrapv -mfpmath=sse                         -Wno-error=incompatible-pointer-types -Wno-error=implicit-function-declaration -Wno-error=int-conversion -w -static-libgcc -D_GNU_SOURCE -D_TIME_BITS=64 -D_FILE_OFFSET_BITS=64 -U_FORTIFY_SOURCE -D_FORTIFY_SOURCE=0 -DNDEBUG -D_NDEBUG -D_GNU_SOURCE -D_TIME_BITS=64 -D_FILE_OFFSET_BITS=64 -U_FORTIFY_SOURCE -D_FORTIFY_SOURCE=0 -DNDEBUG -D_NDEBUG conftest.c >&5
configure:10819: $? = 0
configure:10819: result: yes
configure:10819: checking for stdint.h
configure:10819: ccache gcc -m64 -c -march=nocona -mtune=core-avx2 -pipe -O2 -fno-strict-aliasing -fwrapv -mfpmath=sse                         -Wno-error=incompatible-pointer-types -Wno-error=implicit-function-declaration -Wno-error=int-conversion -w -static-libgcc -D_GNU_SOURCE -D_TIME_BITS=64 -D_FILE_OFFSET_BITS=64 -U_FORTIFY_SOURCE -D_FORTIFY_SOURCE=0 -DNDEBUG -D_NDEBUG -D_GNU_SOURCE -D_TIME_BITS=64 -D_FILE_OFFSET_BITS=64 -U_FORTIFY_SOURCE -D_FORTIFY_SOURCE=0 -DNDEBUG -D_NDEBUG conftest.c >&5
configure:10819: $? = 0
configure:10819: result: yes
configure:10819: checking for strings.h
configure:10819: ccache gcc -m64 -c -march=nocona -mtune=core-avx2 -pipe -O2 -fno-strict-aliasing -fwrapv -mfpmath=sse                         -Wno-error=incompatible-pointer-types -Wno-error=implicit-function-declaration -Wno-error=int-conversion -w -static-libgcc -D_GNU_SOURCE -D_TIME_BITS=64 -D_FILE_OFFSET_BITS=64 -U_FORTIFY_SOURCE -D_FORTIFY_SOURCE=0 -DNDEBUG -D_NDEBUG -D_GNU_SOURCE -D_TIME_BITS=64 -D_FILE_OFFSET_BITS=64 -U_FORTIFY_SOURCE -D_FORTIFY_SOURCE=0 -DNDEBUG -D_NDEBUG conftest.c >&5
configure:10819: $? = 0
configure:10819: result: yes
configure:10819: checking for sys/stat.h
configure:10819: ccache gcc -m64 -c -march=nocona -mtune=core-avx2 -pipe -O2 -fno-strict-aliasing -fwrapv -mfpmath=sse                         -Wno-error=incompatible-pointer-types -Wno-error=implicit-function-declaration -Wno-error=int-conversion -w -static-libgcc -D_GNU_SOURCE -D_TIME_BITS=64 -D_FILE_OFFSET_BITS=64 -U_FORTIFY_SOURCE -D_FORTIFY_SOURCE=0 -DNDEBUG -D_NDEBUG -D_GNU_SOURCE -D_TIME_BITS=64 -D_FILE_OFFSET_BITS=64 -U_FORTIFY_SOURCE -D_FORTIFY_SOURCE=0 -DNDEBUG -D_NDEBUG conftest.c >&5
configure:10819: $? = 0
configure:10819: result: yes
configure:10819: checking for sys/types.h
configure:10819: ccache gcc -m64 -c -march=nocona -mtune=core-avx2 -pipe -O2 -fno-strict-aliasing -fwrapv -mfpmath=sse                         -Wno-error=incompatible-pointer-types -Wno-error=implicit-function-declaration -Wno-error=int-conversion -w -static-libgcc -D_GNU_SOURCE -D_TIME_BITS=64 -D_FILE_OFFSET_BITS=64 -U_FORTIFY_SOURCE -D_FORTIFY_SOURCE=0 -DNDEBUG -D_NDEBUG -D_GNU_SOURCE -D_TIME_BITS=64 -D_FILE_OFFSET_BITS=64 -U_FORTIFY_SOURCE -D_FORTIFY_SOURCE=0 -DNDEBUG -D_NDEBUG conftest.c >&5
configure:10819: $? = 0
configure:10819: result: yes
configure:10819: checking for unistd.h
configure:10819: ccache gcc -m64 -c -march=nocona -mtune=core-avx2 -pipe -O2 -fno-strict-aliasing -fwrapv -mfpmath=sse                         -Wno-error=incompatible-pointer-types -Wno-error=implicit-function-declaration -Wno-error=int-conversion -w -static-libgcc -D_GNU_SOURCE -D_TIME_BITS=64 -D_FILE_OFFSET_BITS=64 -U_FORTIFY_SOURCE -D_FORTIFY_SOURCE=0 -DNDEBUG -D_NDEBUG -D_GNU_SOURCE -D_TIME_BITS=64 -D_FILE_OFFSET_BITS=64 -U_FORTIFY_SOURCE -D_FORTIFY_SOURCE=0 -DNDEBUG -D_NDEBUG conftest.c >&5
configure:10819: $? = 0
configure:10819: result: yes
configure:10844: checking for CL/cl.h
configure:10844: ccache gcc -m64 -c -march=nocona -mtune=core-avx2 -pipe -O2 -fno-strict-aliasing -fwrapv -mfpmath=sse                         -Wno-error=incompatible-pointer-types -Wno-error=implicit-function-declaration -Wno-error=int-conversion -w -static-libgcc -D_GNU_SOURCE -D_TIME_BITS=64 -D_FILE_OFFSET_BITS=64 -U_FORTIFY_SOURCE -D_FORTIFY_SOURCE=0 -DNDEBUG -D_NDEBUG -D_GNU_SOURCE -D_TIME_BITS=64 -D_FILE_OFFSET_BITS=64 -U_FORTIFY_SOURCE -D_FORTIFY_SOURCE=0 -DNDEBUG -D_NDEBUG conftest.c >&5
conftest.c:48:10: fatal error: CL/cl.h: No such file or directory
   48 | #include <CL/cl.h>
      |          ^~~~~~~~~
compilation terminated.
configure:10844: $? = 1
configure: failed program was:
| /* confdefs.h */
| #define PACKAGE_NAME "Wine"
| #define PACKAGE_TARNAME "wine"
| #define PACKAGE_VERSION "11.8"
| #define PACKAGE_STRING "Wine 11.8"
| #define PACKAGE_BUGREPORT "wine-devel@winehq.org"
| #define PACKAGE_URL "https://www.winehq.org"
| #define EXEEXT ""
| #define HAVE_STDIO_H 1
| #define HAVE_STDLIB_H 1
| #define HAVE_STRING_H 1
| #define HAVE_INTTYPES_H 1
| #define HAVE_STDINT_H 1
| #define HAVE_STRINGS_H 1
| #define HAVE_SYS_STAT_H 1
| #define HAVE_SYS_TYPES_H 1
| #define HAVE_UNISTD_H 1
| #define STDC_HEADERS 1
| /* end confdefs.h.  */
| #include <stddef.h>
| #ifdef HAVE_STDIO_H
| # include <stdio.h>
| #endif
| #ifdef HAVE_STDLIB_H
| # include <stdlib.h>
| #endif
| #ifdef HAVE_STRING_H
| # include <string.h>
| #endif
| #ifdef HAVE_INTTYPES_H
| # include <inttypes.h>
| #endif
| #ifdef HAVE_STDINT_H
| # include <stdint.h>
| #endif
| #ifdef HAVE_STRINGS_H
| # include <strings.h>
| #endif
| #ifdef HAVE_SYS_TYPES_H
| # include <sys/types.h>
| #endif
| #ifdef HAVE_SYS_STAT_H
| # include <sys/stat.h>
| #endif
| #ifdef HAVE_UNISTD_H
| # include <unistd.h>
| #endif
| #include <CL/cl.h>
configure:10844: result: no
configure:10850: checking for OpenCL/opencl.h
configure:10850: ccache gcc -m64 -c -march=nocona -mtune=core-avx2 -pipe -O2 -fno-strict-aliasing -fwrapv -mfpmath=sse                         -Wno-error=incompatible-pointer-types -Wno-error=implicit-function-declaration -Wno-error=int-conversion -w -static-libgcc -D_GNU_SOURCE -D_TIME_BITS=64 -D_FILE_OFFSET_BITS=64 -U_FORTIFY_SOURCE -D_FORTIFY_SOURCE=0 -DNDEBUG -D_NDEBUG -D_GNU_SOURCE -D_TIME_BITS=64 -D_FILE_OFFSET_BITS=64 -U_FORTIFY_SOURCE -D_FORTIFY_SOURCE=0 -DNDEBUG -D_NDEBUG conftest.c >&5
conftest.c:48:10: fatal error: OpenCL/opencl.h: No such file or directory
   48 | #include <OpenCL/opencl.h>
      |          ^~~~~~~~~~~~~~~~~
compilation terminated.
configure:10850: $? = 1
configure: failed program was:
| /* confdefs.h */
| #define PACKAGE_NAME "Wine"
| #define PACKAGE_TARNAME "wine"
| #define PACKAGE_VERSION "11.8"
| #define PACKAGE_STRING "Wine 11.8"
| #define PACKAGE_BUGREPORT "wine-devel@winehq.org"
| #define PACKAGE_URL "https://www.winehq.org"
| #define EXEEXT ""
| #define HAVE_STDIO_H 1
| #define HAVE_STDLIB_H 1
| #define HAVE_STRING_H 1
| #define HAVE_INTTYPES_H 1
| #define HAVE_STDINT_H 1
| #define HAVE_STRINGS_H 1
| #define HAVE_SYS_STAT_H 1
| #define HAVE_SYS_TYPES_H 1
| #define HAVE_UNISTD_H 1
| #define STDC_HEADERS 1
| /* end confdefs.h.  */
| #include <stddef.h>
| #ifdef HAVE_STDIO_H
| # include <stdio.h>
| #endif
| #ifdef HAVE_STDLIB_H
| # include <stdlib.h>
| #endif
| #ifdef HAVE_STRING_H
| # include <string.h>
| #endif
| #ifdef HAVE_INTTYPES_H
| # include <inttypes.h>
| #endif
| #ifdef HAVE_STDINT_H
| # include <stdint.h>
| #endif
| #ifdef HAVE_STRINGS_H
| # include <strings.h>
| #endif
| #ifdef HAVE_SYS_TYPES_H
| # include <sys/types.h>
| #endif
| #ifdef HAVE_SYS_STAT_H
| # include <sys/stat.h>
| #endif
| #ifdef HAVE_UNISTD_H
| # include <unistd.h>
| #endif
| #include <OpenCL/opencl.h>
configure:10850: result: no
configure:10856: checking for arpa/inet.h
configure:10856: ccache gcc -m64 -c -march=nocona -mtune=core-avx2 -pipe -O2 -fno-strict-aliasing -fwrapv -mfpmath=sse                         -Wno-error=incompatible-pointer-types -Wno-error=implicit-function-declaration -Wno-error=int-conversion -w -static-libgcc -D_GNU_SOURCE -D_TIME_BITS=64 -D_FILE_OFFSET_BITS=64 -U_FORTIFY_SOURCE -D_FORTIFY_SOURCE=0 -DNDEBUG -D_NDEBUG -D_GNU_SOURCE -D_TIME_BITS=64 -D_FILE_OFFSET_BITS=64 -U_FORTIFY_SOURCE -D_FORTIFY_SOURCE=0 -DNDEBUG -D_NDEBUG conftest.c >&5
configure:10856: $? = 0
configure:10856: result: yes
configure:10862: checking for arpa/nameser.h
configure:10862: ccache gcc -m64 -c -march=nocona -mtune=core-avx2 -pipe -O2 -fno-strict-aliasing -fwrapv -mfpmath=sse                         -Wno-error=incompatible-pointer-types -Wno-error=implicit-function-declaration -Wno-error=int-conversion -w -static-libgcc -D_GNU_SOURCE -D_TIME_BITS=64 -D_FILE_OFFSET_BITS=64 -U_FORTIFY_SOURCE -D_FORTIFY_SOURCE=0 -DNDEBUG -D_NDEBUG -D_GNU_SOURCE -D_TIME_BITS=64 -D_FILE_OFFSET_BITS=64 -U_FORTIFY_SOURCE -D_FORTIFY_SOURCE=0 -DNDEBUG -D_NDEBUG conftest.c >&5
configure:10862: $? = 0
configure:10862: result: yes
configure:10868: checking for asm/termbits.h
configure:10868: ccache gcc -m64 -c -march=nocona -mtune=core-avx2 -pipe -O2 -fno-strict-aliasing -fwrapv -mfpmath=sse                         -Wno-error=incompatible-pointer-types -Wno-error=implicit-function-declaration -Wno-error=int-conversion -w -static-libgcc -D_GNU_SOURCE -D_TIME_BITS=64 -D_FILE_OFFSET_BITS=64 -U_FORTIFY_SOURCE -D_FORTIFY_SOURCE=0 -DNDEBUG -D_NDEBUG -D_GNU_SOURCE -D_TIME_BITS=64 -D_FILE_OFFSET_BITS=64 -U_FORTIFY_SOURCE -D_FORTIFY_SOURCE=0 -DNDEBUG -D_NDEBUG conftest.c >&5
configure:10868: $? = 0
configure:10868: result: yes
configure:10874: checking for asm/types.h
configure:10874: ccache gcc -m64 -c -march=nocona -mtune=core-avx2 -pipe -O2 -fno-strict-aliasing -fwrapv -mfpmath=sse                         -Wno-error=incompatible-pointer-types -Wno-error=implicit-function-declaration -Wno-error=int-conversion -w -static-libgcc -D_GNU_SOURCE -D_TIME_BITS=64 -D_FILE_OFFSET_BITS=64 -U_FORTIFY_SOURCE -D_FORTIFY_SOURCE=0 -DNDEBUG -D_NDEBUG -D_GNU_SOURCE -D_TIME_BITS=64 -D_FILE_OFFSET_BITS=64 -U_FORTIFY_SOURCE -D_FORTIFY_SOURCE=0 -DNDEBUG -D_NDEBUG conftest.c >&5
configure:10874: $? = 0
configure:10874: result: yes
configure:10880: checking for asm/user.h
configure:10880: ccache gcc -m64 -c -march=nocona -mtune=core-avx2 -pipe -O2 -fno-strict-aliasing -fwrapv -mfpmath=sse                         -Wno-error=incompatible-pointer-types -Wno-error=implicit-function-declaration -Wno-error=int-conversion -w -static-libgcc -D_GNU_SOURCE -D_TIME_BITS=64 -D_FILE_OFFSET_BITS=64 -U_FORTIFY_SOURCE -D_FORTIFY_SOURCE=0 -DNDEBUG -D_NDEBUG -D_GNU_SOURCE -D_TIME_BITS=64 -D_FILE_OFFSET_BITS=64 -U_FORTIFY_SOURCE -D_FORTIFY_SOURCE=0 -DNDEBUG -D_NDEBUG conftest.c >&5
conftest.c:52:10: fatal error: asm/user.h: No such file or directory
   52 | #include <asm/user.h>
      |          ^~~~~~~~~~~~
compilation terminated.
configure:10880: $? = 1
configure: failed program was:
| /* confdefs.h */
| #define PACKAGE_NAME "Wine"
| #define PACKAGE_TARNAME "wine"
| #define PACKAGE_VERSION "11.8"
| #define PACKAGE_STRING "Wine 11.8"
| #define PACKAGE_BUGREPORT "wine-devel@winehq.org"
| #define PACKAGE_URL "https://www.winehq.org"
| #define EXEEXT ""
| #define HAVE_STDIO_H 1
| #define HAVE_STDLIB_H 1
| #define HAVE_STRING_H 1
| #define HAVE_INTTYPES_H 1
| #define HAVE_STDINT_H 1
| #define HAVE_STRINGS_H 1
| #define HAVE_SYS_STAT_H 1
| #define HAVE_SYS_TYPES_H 1
| #define HAVE_UNISTD_H 1
| #define STDC_HEADERS 1
| #define HAVE_ARPA_INET_H 1
| #define HAVE_ARPA_NAMESER_H 1
| #define HAVE_ASM_TERMBITS_H 1
| #define HAVE_ASM_TYPES_H 1
| /* end confdefs.h.  */
| #include <stddef.h>
| #ifdef HAVE_STDIO_H
| # include <stdio.h>
| #endif
| #ifdef HAVE_STDLIB_H
| # include <stdlib.h>
| #endif
| #ifdef HAVE_STRING_H
| # include <string.h>
| #endif
| #ifdef HAVE_INTTYPES_H
| # include <inttypes.h>
| #endif
| #ifdef HAVE_STDINT_H
| # include <stdint.h>
| #endif
| #ifdef HAVE_STRINGS_H
| # include <strings.h>
| #endif
| #ifdef HAVE_SYS_TYPES_H
| # include <sys/types.h>
| #endif
| #ifdef HAVE_SYS_STAT_H
| # include <sys/stat.h>
| #endif
| #ifdef HAVE_UNISTD_H
| # include <unistd.h>
| #endif
| #include <asm/user.h>
configure:10880: result: no
configure:10886: checking for bluetooth/bluetooth.h
configure:10886: ccache gcc -m64 -c -march=nocona -mtune=core-avx2 -pipe -O2 -fno-strict-aliasing -fwrapv -mfpmath=sse                         -Wno-error=incompatible-pointer-types -Wno-error=implicit-function-declaration -Wno-error=int-conversion -w -static-libgcc -D_GNU_SOURCE -D_TIME_BITS=64 -D_FILE_OFFSET_BITS=64 -U_FORTIFY_SOURCE -D_FORTIFY_SOURCE=0 -DNDEBUG -D_NDEBUG -D_GNU_SOURCE -D_TIME_BITS=64 -D_FILE_OFFSET_BITS=64 -U_FORTIFY_SOURCE -D_FORTIFY_SOURCE=0 -DNDEBUG -D_NDEBUG conftest.c >&5
conftest.c:52:10: fatal error: bluetooth/bluetooth.h: No such file or directory
   52 | #include <bluetooth/bluetooth.h>
      |          ^~~~~~~~~~~~~~~~~~~~~~~
compilation terminated.
configure:10886: $? = 1
configure: failed program was:
| /* confdefs.h */
| #define PACKAGE_NAME "Wine"
| #define PACKAGE_TARNAME "wine"
| #define PACKAGE_VERSION "11.8"
| #define PACKAGE_STRING "Wine 11.8"
| #define PACKAGE_BUGREPORT "wine-devel@winehq.org"
| #define PACKAGE_URL "https://www.winehq.org"
| #define EXEEXT ""
| #define HAVE_STDIO_H 1
| #define HAVE_STDLIB_H 1
| #define HAVE_STRING_H 1
| #define HAVE_INTTYPES_H 1
| #define HAVE_STDINT_H 1
| #define HAVE_STRINGS_H 1
| #define HAVE_SYS_STAT_H 1
| #define HAVE_SYS_TYPES_H 1
| #define HAVE_UNISTD_H 1
| #define STDC_HEADERS 1
| #define HAVE_ARPA_INET_H 1
| #define HAVE_ARPA_NAMESER_H 1
| #define HAVE_ASM_TERMBITS_H 1
| #define HAVE_ASM_TYPES_H 1
| /* end confdefs.h.  */
| #include <stddef.h>
| #ifdef HAVE_STDIO_H
| # include <stdio.h>
| #endif
| #ifdef HAVE_STDLIB_H
| # include <stdlib.h>
| #endif
| #ifdef HAVE_STRING_H
| # include <string.h>
| #endif
| #ifdef HAVE_INTTYPES_H
| # include <inttypes.h>
| #endif
| #ifdef HAVE_STDINT_H
| # include <stdint.h>
| #endif
| #ifdef HAVE_STRINGS_H
| # include <strings.h>
| #endif
| #ifdef HAVE_SYS_TYPES_H
| # include <sys/types.h>
| #endif
| #ifdef HAVE_SYS_STAT_H
| # include <sys/stat.h>
| #endif
| #ifdef HAVE_UNISTD_H
| # include <unistd.h>
| #endif
| #include <bluetooth/bluetooth.h>
configure:10886: result: no
configure:10892: checking for elf.h
configure:10892: ccache gcc -m64 -c -march=nocona -mtune=core-avx2 -pipe -O2 -fno-strict-aliasing -fwrapv -mfpmath=sse                         -Wno-error=incompatible-pointer-types -Wno-error=implicit-function-declaration -Wno-error=int-conversion -w -static-libgcc -D_GNU_SOURCE -D_TIME_BITS=64 -D_FILE_OFFSET_BITS=64 -U_FORTIFY_SOURCE -D_FORTIFY_SOURCE=0 -DNDEBUG -D_NDEBUG -D_GNU_SOURCE -D_TIME_BITS=64 -D_FILE_OFFSET_BITS=64 -U_FORTIFY_SOURCE -D_FORTIFY_SOURCE=0 -DNDEBUG -D_NDEBUG conftest.c >&5
configure:10892: $? = 0
configure:10892: result: yes
configure:10898: checking for gettext-po.h
configure:10898: ccache gcc -m64 -c -march=nocona -mtune=core-avx2 -pipe -O2 -fno-strict-aliasing -fwrapv -mfpmath=sse                         -Wno-error=incompatible-pointer-types -Wno-error=implicit-function-declaration -Wno-error=int-conversion -w -static-libgcc -D_GNU_SOURCE -D_TIME_BITS=64 -D_FILE_OFFSET_BITS=64 -U_FORTIFY_SOURCE -D_FORTIFY_SOURCE=0 -DNDEBUG -D_NDEBUG -D_GNU_SOURCE -D_TIME_BITS=64 -D_FILE_OFFSET_BITS=64 -U_FORTIFY_SOURCE -D_FORTIFY_SOURCE=0 -DNDEBUG -D_NDEBUG conftest.c >&5
conftest.c:53:10: fatal error: gettext-po.h: No such file or directory
   53 | #include <gettext-po.h>
      |          ^~~~~~~~~~~~~~
compilation terminated.
configure:10898: $? = 1
configure: failed program was:
| /* confdefs.h */
| #define PACKAGE_NAME "Wine"
| #define PACKAGE_TARNAME "wine"
| #define PACKAGE_VERSION "11.8"
| #define PACKAGE_STRING "Wine 11.8"
| #define PACKAGE_BUGREPORT "wine-devel@winehq.org"
| #define PACKAGE_URL "https://www.winehq.org"
| #define EXEEXT ""
| #define HAVE_STDIO_H 1
| #define HAVE_STDLIB_H 1
| #define HAVE_STRING_H 1
| #define HAVE_INTTYPES_H 1
| #define HAVE_STDINT_H 1
| #define HAVE_STRINGS_H 1
| #define HAVE_SYS_STAT_H 1
| #define HAVE_SYS_TYPES_H 1
| #define HAVE_UNISTD_H 1
| #define STDC_HEADERS 1
| #define HAVE_ARPA_INET_H 1
| #define HAVE_ARPA_NAMESER_H 1
| #define HAVE_ASM_TERMBITS_H 1
| #define HAVE_ASM_TYPES_H 1
| #define HAVE_ELF_H 1
| /* end confdefs.h.  */
| #include <stddef.h>
| #ifdef HAVE_STDIO_H
| # include <stdio.h>
| #endif
| #ifdef HAVE_STDLIB_H
| # include <stdlib.h>
| #endif
| #ifdef HAVE_STRING_H
| # include <string.h>
| #endif
| #ifdef HAVE_INTTYPES_H
| # include <inttypes.h>
| #endif
| #ifdef HAVE_STDINT_H
| # include <stdint.h>
| #endif
| #ifdef HAVE_STRINGS_H
| # include <strings.h>
| #endif
| #ifdef HAVE_SYS_TYPES_H
| # include <sys/types.h>
| #endif
| #ifdef HAVE_SYS_STAT_H
| # include <sys/stat.h>
| #endif
| #ifdef HAVE_UNISTD_H
| # include <unistd.h>
| #endif
| #include <gettext-po.h>
configure:10898: result: no
configure:10904: checking for link.h
configure:10904: ccache gcc -m64 -c -march=nocona -mtune=core-avx2 -pipe -O2 -fno-strict-aliasing -fwrapv -mfpmath=sse                         -Wno-error=incompatible-pointer-types -Wno-error=implicit-function-declaration -Wno-error=int-conversion -w -static-libgcc -D_GNU_SOURCE -D_TIME_BITS=64 -D_FILE_OFFSET_BITS=64 -U_FORTIFY_SOURCE -D_FORTIFY_SOURCE=0 -DNDEBUG -D_NDEBUG -D_GNU_SOURCE -D_TIME_BITS=64 -D_FILE_OFFSET_BITS=64 -U_FORTIFY_SOURCE -D_FORTIFY_SOURCE=0 -DNDEBUG -D_NDEBUG conftest.c >&5
configure:10904: $? = 0
configure:10904: result: yes
configure:10910: checking for linux/cdrom.h
configure:10910: ccache gcc -m64 -c -march=nocona -mtune=core-avx2 -pipe -O2 -fno-strict-aliasing -fwrapv -mfpmath=sse                         -Wno-error=incompatible-pointer-types -Wno-error=implicit-function-declaration -Wno-error=int-conversion -w -static-libgcc -D_GNU_SOURCE -D_TIME_BITS=64 -D_FILE_OFFSET_BITS=64 -U_FORTIFY_SOURCE -D_FORTIFY_SOURCE=0 -DNDEBUG -D_NDEBUG -D_GNU_SOURCE -D_TIME_BITS=64 -D_FILE_OFFSET_BITS=64 -U_FORTIFY_SOURCE -D_FORTIFY_SOURCE=0 -DNDEBUG -D_NDEBUG conftest.c >&5
configure:10910: $? = 0
configure:10910: result: yes
configure:10916: checking for linux/filter.h
configure:10916: ccache gcc -m64 -c -march=nocona -mtune=core-avx2 -pipe -O2 -fno-strict-aliasing -fwrapv -mfpmath=sse                         -Wno-error=incompatible-pointer-types -Wno-error=implicit-function-declaration -Wno-error=int-conversion -w -static-libgcc -D_GNU_SOURCE -D_TIME_BITS=64 -D_FILE_OFFSET_BITS=64 -U_FORTIFY_SOURCE -D_FORTIFY_SOURCE=0 -DNDEBUG -D_NDEBUG -D_GNU_SOURCE -D_TIME_BITS=64 -D_FILE_OFFSET_BITS=64 -U_FORTIFY_SOURCE -D_FORTIFY_SOURCE=0 -DNDEBUG -D_NDEBUG conftest.c >&5
configure:10916: $? = 0
configure:10916: result: yes
configure:10922: checking for linux/fs.h
configure:10922: ccache gcc -m64 -c -march=nocona -mtune=core-avx2 -pipe -O2 -fno-strict-aliasing -fwrapv -mfpmath=sse                         -Wno-error=incompatible-pointer-types -Wno-error=implicit-function-declaration -Wno-error=int-conversion -w -static-libgcc -D_GNU_SOURCE -D_TIME_BITS=64 -D_FILE_OFFSET_BITS=64 -U_FORTIFY_SOURCE -D_FORTIFY_SOURCE=0 -DNDEBUG -D_NDEBUG -D_GNU_SOURCE -D_TIME_BITS=64 -D_FILE_OFFSET_BITS=64 -U_FORTIFY_SOURCE -D_FORTIFY_SOURCE=0 -DNDEBUG -D_NDEBUG conftest.c >&5
configure:10922: $? = 0
configure:10922: result: yes
configure:10928: checking for linux/hdreg.h
configure:10928: ccache gcc -m64 -c -march=nocona -mtune=core-avx2 -pipe -O2 -fno-strict-aliasing -fwrapv -mfpmath=sse                         -Wno-error=incompatible-pointer-types -Wno-error=implicit-function-declaration -Wno-error=int-conversion -w -static-libgcc -D_GNU_SOURCE -D_TIME_BITS=64 -D_FILE_OFFSET_BITS=64 -U_FORTIFY_SOURCE -D_FORTIFY_SOURCE=0 -DNDEBUG -D_NDEBUG -D_GNU_SOURCE -D_TIME_BITS=64 -D_FILE_OFFSET_BITS=64 -U_FORTIFY_SOURCE -D_FORTIFY_SOURCE=0 -DNDEBUG -D_NDEBUG conftest.c >&5
configure:10928: $? = 0
configure:10928: result: yes
configure:10934: checking for linux/hidraw.h
configure:10934: ccache gcc -m64 -c -march=nocona -mtune=core-avx2 -pipe -O2 -fno-strict-aliasing -fwrapv -mfpmath=sse                         -Wno-error=incompatible-pointer-types -Wno-error=implicit-function-declaration -Wno-error=int-conversion -w -static-libgcc -D_GNU_SOURCE -D_TIME_BITS=64 -D_FILE_OFFSET_BITS=64 -U_FORTIFY_SOURCE -D_FORTIFY_SOURCE=0 -DNDEBUG -D_NDEBUG -D_GNU_SOURCE -D_TIME_BITS=64 -D_FILE_OFFSET_BITS=64 -U_FORTIFY_SOURCE -D_FORTIFY_SOURCE=0 -DNDEBUG -D_NDEBUG conftest.c >&5
configure:10934: $? = 0
configure:10934: result: yes
configure:10940: checking for linux/input.h
configure:10940: ccache gcc -m64 -c -march=nocona -mtune=core-avx2 -pipe -O2 -fno-strict-aliasing -fwrapv -mfpmath=sse                         -Wno-error=incompatible-pointer-types -Wno-error=implicit-function-declaration -Wno-error=int-conversion -w -static-libgcc -D_GNU_SOURCE -D_TIME_BITS=64 -D_FILE_OFFSET_BITS=64 -U_FORTIFY_SOURCE -D_FORTIFY_SOURCE=0 -DNDEBUG -D_NDEBUG -D_GNU_SOURCE -D_TIME_BITS=64 -D_FILE_OFFSET_BITS=64 -U_FORTIFY_SOURCE -D_FORTIFY_SOURCE=0 -DNDEBUG -D_NDEBUG conftest.c >&5
configure:10940: $? = 0
configure:10940: result: yes
configure:10946: checking for linux/ioctl.h
configure:10946: ccache gcc -m64 -c -march=nocona -mtune=core-avx2 -pipe -O2 -fno-strict-aliasing -fwrapv -mfpmath=sse                         -Wno-error=incompatible-pointer-types -Wno-error=implicit-function-declaration -Wno-error=int-conversion -w -static-libgcc -D_GNU_SOURCE -D_TIME_BITS=64 -D_FILE_OFFSET_BITS=64 -U_FORTIFY_SOURCE -D_FORTIFY_SOURCE=0 -DNDEBUG -D_NDEBUG -D_GNU_SOURCE -D_TIME_BITS=64 -D_FILE_OFFSET_BITS=64 -U_FORTIFY_SOURCE -D_FORTIFY_SOURCE=0 -DNDEBUG -D_NDEBUG conftest.c >&5
configure:10946: $? = 0
configure:10946: result: yes
configure:10952: checking for linux/major.h
configure:10952: ccache gcc -m64 -c -march=nocona -mtune=core-avx2 -pipe -O2 -fno-strict-aliasing -fwrapv -mfpmath=sse                         -Wno-error=incompatible-pointer-types -Wno-error=implicit-function-declaration -Wno-error=int-conversion -w -static-libgcc -D_GNU_SOURCE -D_TIME_BITS=64 -D_FILE_OFFSET_BITS=64 -U_FORTIFY_SOURCE -D_FORTIFY_SOURCE=0 -DNDEBUG -D_NDEBUG -D_GNU_SOURCE -D_TIME_BITS=64 -D_FILE_OFFSET_BITS=64 -U_FORTIFY_SOURCE -D_FORTIFY_SOURCE=0 -DNDEBUG -D_NDEBUG conftest.c >&5
configure:10952: $? = 0
configure:10952: result: yes
configure:10958: checking for linux/memfd.h
configure:10958: ccache gcc -m64 -c -march=nocona -mtune=core-avx2 -pipe -O2 -fno-strict-aliasing -fwrapv -mfpmath=sse                         -Wno-error=incompatible-pointer-types -Wno-error=implicit-function-declaration -Wno-error=int-conversion -w -static-libgcc -D_GNU_SOURCE -D_TIME_BITS=64 -D_FILE_OFFSET_BITS=64 -U_FORTIFY_SOURCE -D_FORTIFY_SOURCE=0 -DNDEBUG -D_NDEBUG -D_GNU_SOURCE -D_TIME_BITS=64 -D_FILE_OFFSET_BITS=64 -U_FORTIFY_SOURCE -D_FORTIFY_SOURCE=0 -DNDEBUG -D_NDEBUG conftest.c >&5
configure:10958: $? = 0
configure:10958: result: yes
configure:10964: checking for linux/ntsync.h
configure:10964: ccache gcc -m64 -c -march=nocona -mtune=core-avx2 -pipe -O2 -fno-strict-aliasing -fwrapv -mfpmath=sse                         -Wno-error=incompatible-pointer-types -Wno-error=implicit-function-declaration -Wno-error=int-conversion -w -static-libgcc -D_GNU_SOURCE -D_TIME_BITS=64 -D_FILE_OFFSET_BITS=64 -U_FORTIFY_SOURCE -D_FORTIFY_SOURCE=0 -DNDEBUG -D_NDEBUG -D_GNU_SOURCE -D_TIME_BITS=64 -D_FILE_OFFSET_BITS=64 -U_FORTIFY_SOURCE -D_FORTIFY_SOURCE=0 -DNDEBUG -D_NDEBUG conftest.c >&5
configure:10964: $? = 0
configure:10964: result: yes
configure:10970: checking for linux/param.h
configure:10970: ccache gcc -m64 -c -march=nocona -mtune=core-avx2 -pipe -O2 -fno-strict-aliasing -fwrapv -mfpmath=sse                         -Wno-error=incompatible-pointer-types -Wno-error=implicit-function-declaration -Wno-error=int-conversion -w -static-libgcc -D_GNU_SOURCE -D_TIME_BITS=64 -D_FILE_OFFSET_BITS=64 -U_FORTIFY_SOURCE -D_FORTIFY_SOURCE=0 -DNDEBUG -D_NDEBUG -D_GNU_SOURCE -D_TIME_BITS=64 -D_FILE_OFFSET_BITS=64 -U_FORTIFY_SOURCE -D_FORTIFY_SOURCE=0 -DNDEBUG -D_NDEBUG conftest.c >&5
configure:10970: $? = 0
configure:10970: result: yes
configure:10976: checking for linux/serial.h
configure:10976: ccache gcc -m64 -c -march=nocona -mtune=core-avx2 -pipe -O2 -fno-strict-aliasing -fwrapv -mfpmath=sse                         -Wno-error=incompatible-pointer-types -Wno-error=implicit-function-declaration -Wno-error=int-conversion -w -static-libgcc -D_GNU_SOURCE -D_TIME_BITS=64 -D_FILE_OFFSET_BITS=64 -U_FORTIFY_SOURCE -D_FORTIFY_SOURCE=0 -DNDEBUG -D_NDEBUG -D_GNU_SOURCE -D_TIME_BITS=64 -D_FILE_OFFSET_BITS=64 -U_FORTIFY_SOURCE -D_FORTIFY_SOURCE=0 -DNDEBUG -D_NDEBUG conftest.c >&5
configure:10976: $? = 0
configure:10976: result: yes
configure:10982: checking for linux/types.h
configure:10982: ccache gcc -m64 -c -march=nocona -mtune=core-avx2 -pipe -O2 -fno-strict-aliasing -fwrapv -mfpmath=sse                         -Wno-error=incompatible-pointer-types -Wno-error=implicit-function-declaration -Wno-error=int-conversion -w -static-libgcc -D_GNU_SOURCE -D_TIME_BITS=64 -D_FILE_OFFSET_BITS=64 -U_FORTIFY_SOURCE -D_FORTIFY_SOURCE=0 -DNDEBUG -D_NDEBUG -D_GNU_SOURCE -D_TIME_BITS=64 -D_FILE_OFFSET_BITS=64 -U_FORTIFY_SOURCE -D_FORTIFY_SOURCE=0 -DNDEBUG -D_NDEBUG conftest.c >&5
configure:10982: $? = 0
configure:10982: result: yes
configure:10988: checking for linux/ucdrom.h
configure:10988: ccache gcc -m64 -c -march=nocona -mtune=core-avx2 -pipe -O2 -fno-strict-aliasing -fwrapv -mfpmath=sse                         -Wno-error=incompatible-pointer-types -Wno-error=implicit-function-declaration -Wno-error=int-conversion -w -static-libgcc -D_GNU_SOURCE -D_TIME_BITS=64 -D_FILE_OFFSET_BITS=64 -U_FORTIFY_SOURCE -D_FORTIFY_SOURCE=0 -DNDEBUG -D_NDEBUG -D_GNU_SOURCE -D_TIME_BITS=64 -D_FILE_OFFSET_BITS=64 -U_FORTIFY_SOURCE -D_FORTIFY_SOURCE=0 -DNDEBUG -D_NDEBUG conftest.c >&5
conftest.c:67:10: fatal error: linux/ucdrom.h: No such file or directory
   67 | #include <linux/ucdrom.h>
      |          ^~~~~~~~~~~~~~~~
compilation terminated.
configure:10988: $? = 1
configure: failed program was:
| /* confdefs.h */
| #define PACKAGE_NAME "Wine"
| #define PACKAGE_TARNAME "wine"
| #define PACKAGE_VERSION "11.8"
| #define PACKAGE_STRING "Wine 11.8"
| #define PACKAGE_BUGREPORT "wine-devel@winehq.org"
| #define PACKAGE_URL "https://www.winehq.org"
| #define EXEEXT ""
| #define HAVE_STDIO_H 1
| #define HAVE_STDLIB_H 1
| #define HAVE_STRING_H 1
| #define HAVE_INTTYPES_H 1
| #define HAVE_STDINT_H 1
| #define HAVE_STRINGS_H 1
| #define HAVE_SYS_STAT_H 1
| #define HAVE_SYS_TYPES_H 1
| #define HAVE_UNISTD_H 1
| #define STDC_HEADERS 1
| #define HAVE_ARPA_INET_H 1
| #define HAVE_ARPA_NAMESER_H 1
| #define HAVE_ASM_TERMBITS_H 1
| #define HAVE_ASM_TYPES_H 1
| #define HAVE_ELF_H 1
| #define HAVE_LINK_H 1
| #define HAVE_LINUX_CDROM_H 1
| #define HAVE_LINUX_FILTER_H 1
| #define HAVE_LINUX_FS_H 1
| #define HAVE_LINUX_HDREG_H 1
| #define HAVE_LINUX_HIDRAW_H 1
| #define HAVE_LINUX_INPUT_H 1
| #define HAVE_LINUX_IOCTL_H 1
| #define HAVE_LINUX_MAJOR_H 1
| #define HAVE_LINUX_MEMFD_H 1
| #define HAVE_LINUX_NTSYNC_H 1
| #define HAVE_LINUX_PARAM_H 1
| #define HAVE_LINUX_SERIAL_H 1
| #define HAVE_LINUX_TYPES_H 1
| /* end confdefs.h.  */
| #include <stddef.h>
| #ifdef HAVE_STDIO_H
| # include <stdio.h>
| #endif
| #ifdef HAVE_STDLIB_H
| # include <stdlib.h>
| #endif
| #ifdef HAVE_STRING_H
| # include <string.h>
| #endif
| #ifdef HAVE_INTTYPES_H
| # include <inttypes.h>
| #endif
| #ifdef HAVE_STDINT_H
| # include <stdint.h>
| #endif
| #ifdef HAVE_STRINGS_H
| # include <strings.h>
| #endif
| #ifdef HAVE_SYS_TYPES_H
| # include <sys/types.h>
| #endif
| #ifdef HAVE_SYS_STAT_H
| # include <sys/stat.h>
| #endif
| #ifdef HAVE_UNISTD_H
| # include <unistd.h>
| #endif
| #include <linux/ucdrom.h>
configure:10988: result: no
configure:10994: checking for linux/userfaultfd.h
configure:10994: ccache gcc -m64 -c -march=nocona -mtune=core-avx2 -pipe -O2 -fno-strict-aliasing -fwrapv -mfpmath=sse                         -Wno-error=incompatible-pointer-types -Wno-error=implicit-function-declaration -Wno-error=int-conversion -w -static-libgcc -D_GNU_SOURCE -D_TIME_BITS=64 -D_FILE_OFFSET_BITS=64 -U_FORTIFY_SOURCE -D_FORTIFY_SOURCE=0 -DNDEBUG -D_NDEBUG -D_GNU_SOURCE -D_TIME_BITS=64 -D_FILE_OFFSET_BITS=64 -U_FORTIFY_SOURCE -D_FORTIFY_SOURCE=0 -DNDEBUG -D_NDEBUG conftest.c >&5
configure:10994: $? = 0
configure:10994: result: yes
configure:11000: checking for linux/wireless.h
configure:11000: ccache gcc -m64 -c -march=nocona -mtune=core-avx2 -pipe -O2 -fno-strict-aliasing -fwrapv -mfpmath=sse                         -Wno-error=incompatible-pointer-types -Wno-error=implicit-function-declaration -Wno-error=int-conversion -w -static-libgcc -D_GNU_SOURCE -D_TIME_BITS=64 -D_FILE_OFFSET_BITS=64 -U_FORTIFY_SOURCE -D_FORTIFY_SOURCE=0 -DNDEBUG -D_NDEBUG -D_GNU_SOURCE -D_TIME_BITS=64 -D_FILE_OFFSET_BITS=64 -U_FORTIFY_SOURCE -D_FORTIFY_SOURCE=0 -DNDEBUG -D_NDEBUG conftest.c >&5
configure:11000: $? = 0
configure:11000: result: yes
configure:11006: checking for lwp.h
configure:11006: ccache gcc -m64 -c -march=nocona -mtune=core-avx2 -pipe -O2 -fno-strict-aliasing -fwrapv -mfpmath=sse                         -Wno-error=incompatible-pointer-types -Wno-error=implicit-function-declaration -Wno-error=int-conversion -w -static-libgcc -D_GNU_SOURCE -D_TIME_BITS=64 -D_FILE_OFFSET_BITS=64 -U_FORTIFY_SOURCE -D_FORTIFY_SOURCE=0 -DNDEBUG -D_NDEBUG -D_GNU_SOURCE -D_TIME_BITS=64 -D_FILE_OFFSET_BITS=64 -U_FORTIFY_SOURCE -D_FORTIFY_SOURCE=0 -DNDEBUG -D_NDEBUG conftest.c >&5
conftest.c:69:10: fatal error: lwp.h: No such file or directory
   69 | #include <lwp.h>
      |          ^~~~~~~
compilation terminated.
configure:11006: $? = 1
configure: failed program was:
| /* confdefs.h */
| #define PACKAGE_NAME "Wine"
| #define PACKAGE_TARNAME "wine"
| #define PACKAGE_VERSION "11.8"
| #define PACKAGE_STRING "Wine 11.8"
| #define PACKAGE_BUGREPORT "wine-devel@winehq.org"
| #define PACKAGE_URL "https://www.winehq.org"
| #define EXEEXT ""
| #define HAVE_STDIO_H 1
| #define HAVE_STDLIB_H 1
| #define HAVE_STRING_H 1
| #define HAVE_INTTYPES_H 1
| #define HAVE_STDINT_H 1
| #define HAVE_STRINGS_H 1
| #define HAVE_SYS_STAT_H 1
| #define HAVE_SYS_TYPES_H 1
| #define HAVE_UNISTD_H 1
| #define STDC_HEADERS 1
| #define HAVE_ARPA_INET_H 1
| #define HAVE_ARPA_NAMESER_H 1
| #define HAVE_ASM_TERMBITS_H 1
| #define HAVE_ASM_TYPES_H 1
| #define HAVE_ELF_H 1
| #define HAVE_LINK_H 1
| #define HAVE_LINUX_CDROM_H 1
| #define HAVE_LINUX_FILTER_H 1
| #define HAVE_LINUX_FS_H 1
| #define HAVE_LINUX_HDREG_H 1
| #define HAVE_LINUX_HIDRAW_H 1
| #define HAVE_LINUX_INPUT_H 1
| #define HAVE_LINUX_IOCTL_H 1
| #define HAVE_LINUX_MAJOR_H 1
| #define HAVE_LINUX_MEMFD_H 1
| #define HAVE_LINUX_NTSYNC_H 1
| #define HAVE_LINUX_PARAM_H 1
| #define HAVE_LINUX_SERIAL_H 1
| #define HAVE_LINUX_TYPES_H 1
| #define HAVE_LINUX_USERFAULTFD_H 1
| #define HAVE_LINUX_WIRELESS_H 1
| /* end confdefs.h.  */
| #include <stddef.h>
| #ifdef HAVE_STDIO_H
| # include <stdio.h>
| #endif
| #ifdef HAVE_STDLIB_H
| # include <stdlib.h>
| #endif
| #ifdef HAVE_STRING_H
| # include <string.h>
| #endif
| #ifdef HAVE_INTTYPES_H
| # include <inttypes.h>
| #endif
| #ifdef HAVE_STDINT_H
| # include <stdint.h>
| #endif
| #ifdef HAVE_STRINGS_H
| # include <strings.h>
| #endif
| #ifdef HAVE_SYS_TYPES_H
| # include <sys/types.h>
| #endif
| #ifdef HAVE_SYS_STAT_H
| # include <sys/stat.h>
| #endif
| #ifdef HAVE_UNISTD_H
| # include <unistd.h>
| #endif
| #include <lwp.h>
configure:11006: result: no
configure:11012: checking for mach-o/loader.h
configure:11012: ccache gcc -m64 -c -march=nocona -mtune=core-avx2 -pipe -O2 -fno-strict-aliasing -fwrapv -mfpmath=sse                         -Wno-error=incompatible-pointer-types -Wno-error=implicit-function-declaration -Wno-error=int-conversion -w -static-libgcc -D_GNU_SOURCE -D_TIME_BITS=64 -D_FILE_OFFSET_BITS=64 -U_FORTIFY_SOURCE -D_FORTIFY_SOURCE=0 -DNDEBUG -D_NDEBUG -D_GNU_SOURCE -D_TIME_BITS=64 -D_FILE_OFFSET_BITS=64 -U_FORTIFY_SOURCE -D_FORTIFY_SOURCE=0 -DNDEBUG -D_NDEBUG conftest.c >&5
conftest.c:69:10: fatal error: mach-o/loader.h: No such file or directory
   69 | #include <mach-o/loader.h>
      |          ^~~~~~~~~~~~~~~~~
compilation terminated.
configure:11012: $? = 1
configure: failed program was:
| /* confdefs.h */
| #define PACKAGE_NAME "Wine"
| #define PACKAGE_TARNAME "wine"
| #define PACKAGE_VERSION "11.8"
| #define PACKAGE_STRING "Wine 11.8"
| #define PACKAGE_BUGREPORT "wine-devel@winehq.org"
| #define PACKAGE_URL "https://www.winehq.org"
| #define EXEEXT ""
| #define HAVE_STDIO_H 1
| #define HAVE_STDLIB_H 1
| #define HAVE_STRING_H 1
| #define HAVE_INTTYPES_H 1
| #define HAVE_STDINT_H 1
| #define HAVE_STRINGS_H 1
| #define HAVE_SYS_STAT_H 1
| #define HAVE_SYS_TYPES_H 1
| #define HAVE_UNISTD_H 1
| #define STDC_HEADERS 1
| #define HAVE_ARPA_INET_H 1
| #define HAVE_ARPA_NAMESER_H 1
| #define HAVE_ASM_TERMBITS_H 1
| #define HAVE_ASM_TYPES_H 1
| #define HAVE_ELF_H 1
| #define HAVE_LINK_H 1
| #define HAVE_LINUX_CDROM_H 1
| #define HAVE_LINUX_FILTER_H 1
| #define HAVE_LINUX_FS_H 1
| #define HAVE_LINUX_HDREG_H 1
| #define HAVE_LINUX_HIDRAW_H 1
| #define HAVE_LINUX_INPUT_H 1
| #define HAVE_LINUX_IOCTL_H 1
| #define HAVE_LINUX_MAJOR_H 1
| #define HAVE_LINUX_MEMFD_H 1
| #define HAVE_LINUX_NTSYNC_H 1
| #define HAVE_LINUX_PARAM_H 1
| #define HAVE_LINUX_SERIAL_H 1
| #define HAVE_LINUX_TYPES_H 1
| #define HAVE_LINUX_USERFAULTFD_H 1
| #define HAVE_LINUX_WIRELESS_H 1
| /* end confdefs.h.  */
| #include <stddef.h>
| #ifdef HAVE_STDIO_H
| # include <stdio.h>
| #endif
| #ifdef HAVE_STDLIB_H
| # include <stdlib.h>
| #endif
| #ifdef HAVE_STRING_H
| # include <string.h>
| #endif
| #ifdef HAVE_INTTYPES_H
| # include <inttypes.h>
| #endif
| #ifdef HAVE_STDINT_H
| # include <stdint.h>
| #endif
| #ifdef HAVE_STRINGS_H
| # include <strings.h>
| #endif
| #ifdef HAVE_SYS_TYPES_H
| # include <sys/types.h>
| #endif
| #ifdef HAVE_SYS_STAT_H
| # include <sys/stat.h>
| #endif
| #ifdef HAVE_UNISTD_H
| # include <unistd.h>
| #endif
| #include <mach-o/loader.h>
configure:11012: result: no
configure:11018: checking for mach/mach.h
configure:11018: ccache gcc -m64 -c -march=nocona -mtune=core-avx2 -pipe -O2 -fno-strict-aliasing -fwrapv -mfpmath=sse                         -Wno-error=incompatible-pointer-types -Wno-error=implicit-function-declaration -Wno-error=int-conversion -w -static-libgcc -D_GNU_SOURCE -D_TIME_BITS=64 -D_FILE_OFFSET_BITS=64 -U_FORTIFY_SOURCE -D_FORTIFY_SOURCE=0 -DNDEBUG -D_NDEBUG -D_GNU_SOURCE -D_TIME_BITS=64 -D_FILE_OFFSET_BITS=64 -U_FORTIFY_SOURCE -D_FORTIFY_SOURCE=0 -DNDEBUG -D_NDEBUG conftest.c >&5
conftest.c:69:10: fatal error: mach/mach.h: No such file or directory
   69 | #include <mach/mach.h>
      |          ^~~~~~~~~~~~~
compilation terminated.
configure:11018: $? = 1
configure: failed program was:
| /* confdefs.h */
| #define PACKAGE_NAME "Wine"
| #define PACKAGE_TARNAME "wine"
| #define PACKAGE_VERSION "11.8"
| #define PACKAGE_STRING "Wine 11.8"
| #define PACKAGE_BUGREPORT "wine-devel@winehq.org"
| #define PACKAGE_URL "https://www.winehq.org"
| #define EXEEXT ""
| #define HAVE_STDIO_H 1
| #define HAVE_STDLIB_H 1
| #define HAVE_STRING_H 1
| #define HAVE_INTTYPES_H 1
| #define HAVE_STDINT_H 1
| #define HAVE_STRINGS_H 1
| #define HAVE_SYS_STAT_H 1
| #define HAVE_SYS_TYPES_H 1
| #define HAVE_UNISTD_H 1
| #define STDC_HEADERS 1
| #define HAVE_ARPA_INET_H 1
| #define HAVE_ARPA_NAMESER_H 1
| #define HAVE_ASM_TERMBITS_H 1
| #define HAVE_ASM_TYPES_H 1
| #define HAVE_ELF_H 1
| #define HAVE_LINK_H 1
| #define HAVE_LINUX_CDROM_H 1
| #define HAVE_LINUX_FILTER_H 1
| #define HAVE_LINUX_FS_H 1
| #define HAVE_LINUX_HDREG_H 1
| #define HAVE_LINUX_HIDRAW_H 1
| #define HAVE_LINUX_INPUT_H 1
| #define HAVE_LINUX_IOCTL_H 1
| #define HAVE_LINUX_MAJOR_H 1
| #define HAVE_LINUX_MEMFD_H 1
| #define HAVE_LINUX_NTSYNC_H 1
| #define HAVE_LINUX_PARAM_H 1
| #define HAVE_LINUX_SERIAL_H 1
| #define HAVE_LINUX_TYPES_H 1
| #define HAVE_LINUX_USERFAULTFD_H 1
| #define HAVE_LINUX_WIRELESS_H 1
| /* end confdefs.h.  */
| #include <stddef.h>
| #ifdef HAVE_STDIO_H
| # include <stdio.h>
| #endif
| #ifdef HAVE_STDLIB_H
| # include <stdlib.h>
| #endif
| #ifdef HAVE_STRING_H
| # include <string.h>
| #endif
| #ifdef HAVE_INTTYPES_H
| # include <inttypes.h>
| #endif
| #ifdef HAVE_STDINT_H
| # include <stdint.h>
| #endif
| #ifdef HAVE_STRINGS_H
| # include <strings.h>
| #endif
| #ifdef HAVE_SYS_TYPES_H
| # include <sys/types.h>
| #endif
| #ifdef HAVE_SYS_STAT_H
| # include <sys/stat.h>
| #endif
| #ifdef HAVE_UNISTD_H
| # include <unistd.h>
| #endif
| #include <mach/mach.h>
configure:11018: result: no
configure:11024: checking for machine/cpu.h
configure:11024: ccache gcc -m64 -c -march=nocona -mtune=core-avx2 -pipe -O2 -fno-strict-aliasing -fwrapv -mfpmath=sse                         -Wno-error=incompatible-pointer-types -Wno-error=implicit-function-declaration -Wno-error=int-conversion -w -static-libgcc -D_GNU_SOURCE -D_TIME_BITS=64 -D_FILE_OFFSET_BITS=64 -U_FORTIFY_SOURCE -D_FORTIFY_SOURCE=0 -DNDEBUG -D_NDEBUG -D_GNU_SOURCE -D_TIME_BITS=64 -D_FILE_OFFSET_BITS=64 -U_FORTIFY_SOURCE -D_FORTIFY_SOURCE=0 -DNDEBUG -D_NDEBUG conftest.c >&5
conftest.c:69:10: fatal error: machine/cpu.h: No such file or directory
   69 | #include <machine/cpu.h>
      |          ^~~~~~~~~~~~~~~
compilation terminated.
configure:11024: $? = 1
configure: failed program was:
| /* confdefs.h */
| #define PACKAGE_NAME "Wine"
| #define PACKAGE_TARNAME "wine"
| #define PACKAGE_VERSION "11.8"
| #define PACKAGE_STRING "Wine 11.8"
| #define PACKAGE_BUGREPORT "wine-devel@winehq.org"
| #define PACKAGE_URL "https://www.winehq.org"
| #define EXEEXT ""
| #define HAVE_STDIO_H 1
| #define HAVE_STDLIB_H 1
| #define HAVE_STRING_H 1
| #define HAVE_INTTYPES_H 1
| #define HAVE_STDINT_H 1
| #define HAVE_STRINGS_H 1
| #define HAVE_SYS_STAT_H 1
| #define HAVE_SYS_TYPES_H 1
| #define HAVE_UNISTD_H 1
| #define STDC_HEADERS 1
| #define HAVE_ARPA_INET_H 1
| #define HAVE_ARPA_NAMESER_H 1
| #define HAVE_ASM_TERMBITS_H 1
| #define HAVE_ASM_TYPES_H 1
| #define HAVE_ELF_H 1
| #define HAVE_LINK_H 1
| #define HAVE_LINUX_CDROM_H 1
| #define HAVE_LINUX_FILTER_H 1
| #define HAVE_LINUX_FS_H 1
| #define HAVE_LINUX_HDREG_H 1
| #define HAVE_LINUX_HIDRAW_H 1
| #define HAVE_LINUX_INPUT_H 1
| #define HAVE_LINUX_IOCTL_H 1
| #define HAVE_LINUX_MAJOR_H 1
| #define HAVE_LINUX_MEMFD_H 1
| #define HAVE_LINUX_NTSYNC_H 1
| #define HAVE_LINUX_PARAM_H 1
| #define HAVE_LINUX_SERIAL_H 1
| #define HAVE_LINUX_TYPES_H 1
| #define HAVE_LINUX_USERFAULTFD_H 1
| #define HAVE_LINUX_WIRELESS_H 1
| /* end confdefs.h.  */
| #include <stddef.h>
| #ifdef HAVE_STDIO_H
| # include <stdio.h>
| #endif
| #ifdef HAVE_STDLIB_H
| # include <stdlib.h>
| #endif
| #ifdef HAVE_STRING_H
| # include <string.h>
| #endif
| #ifdef HAVE_INTTYPES_H
| # include <inttypes.h>
| #endif
| #ifdef HAVE_STDINT_H
| # include <stdint.h>
| #endif
| #ifdef HAVE_STRINGS_H
| # include <strings.h>
| #endif
| #ifdef HAVE_SYS_TYPES_H
| # include <sys/types.h>
| #endif
| #ifdef HAVE_SYS_STAT_H
| # include <sys/stat.h>
| #endif
| #ifdef HAVE_UNISTD_H
| # include <unistd.h>
| #endif
| #include <machine/cpu.h>
configure:11024: result: no
configure:11030: checking for machine/sysarch.h
configure:11030: ccache gcc -m64 -c -march=nocona -mtune=core-avx2 -pipe -O2 -fno-strict-aliasing -fwrapv -mfpmath=sse                         -Wno-error=incompatible-pointer-types -Wno-error=implicit-function-declaration -Wno-error=int-conversion -w -static-libgcc -D_GNU_SOURCE -D_TIME_BITS=64 -D_FILE_OFFSET_BITS=64 -U_FORTIFY_SOURCE -D_FORTIFY_SOURCE=0 -DNDEBUG -D_NDEBUG -D_GNU_SOURCE -D_TIME_BITS=64 -D_FILE_OFFSET_BITS=64 -U_FORTIFY_SOURCE -D_FORTIFY_SOURCE=0 -DNDEBUG -D_NDEBUG conftest.c >&5
conftest.c:69:10: fatal error: machine/sysarch.h: No such file or directory
   69 | #include <machine/sysarch.h>
      |          ^~~~~~~~~~~~~~~~~~~
compilation terminated.
configure:11030: $? = 1
configure: failed program was:
| /* confdefs.h */
| #define PACKAGE_NAME "Wine"
| #define PACKAGE_TARNAME "wine"
| #define PACKAGE_VERSION "11.8"
| #define PACKAGE_STRING "Wine 11.8"
| #define PACKAGE_BUGREPORT "wine-devel@winehq.org"
| #define PACKAGE_URL "https://www.winehq.org"
| #define EXEEXT ""
| #define HAVE_STDIO_H 1
| #define HAVE_STDLIB_H 1
| #define HAVE_STRING_H 1
| #define HAVE_INTTYPES_H 1
| #define HAVE_STDINT_H 1
| #define HAVE_STRINGS_H 1
| #define HAVE_SYS_STAT_H 1
| #define HAVE_SYS_TYPES_H 1
| #define HAVE_UNISTD_H 1
| #define STDC_HEADERS 1
| #define HAVE_ARPA_INET_H 1
| #define HAVE_ARPA_NAMESER_H 1
| #define HAVE_ASM_TERMBITS_H 1
| #define HAVE_ASM_TYPES_H 1
| #define HAVE_ELF_H 1
| #define HAVE_LINK_H 1
| #define HAVE_LINUX_CDROM_H 1
| #define HAVE_LINUX_FILTER_H 1
| #define HAVE_LINUX_FS_H 1
| #define HAVE_LINUX_HDREG_H 1
| #define HAVE_LINUX_HIDRAW_H 1
| #define HAVE_LINUX_INPUT_H 1
| #define HAVE_LINUX_IOCTL_H 1
| #define HAVE_LINUX_MAJOR_H 1
| #define HAVE_LINUX_MEMFD_H 1
| #define HAVE_LINUX_NTSYNC_H 1
| #define HAVE_LINUX_PARAM_H 1
| #define HAVE_LINUX_SERIAL_H 1
| #define HAVE_LINUX_TYPES_H 1
| #define HAVE_LINUX_USERFAULTFD_H 1
| #define HAVE_LINUX_WIRELESS_H 1
| /* end confdefs.h.  */
| #include <stddef.h>
| #ifdef HAVE_STDIO_H
| # include <stdio.h>
| #endif
| #ifdef HAVE_STDLIB_H
| # include <stdlib.h>
| #endif
| #ifdef HAVE_STRING_H
| # include <string.h>
| #endif
| #ifdef HAVE_INTTYPES_H
| # include <inttypes.h>
| #endif
| #ifdef HAVE_STDINT_H
| # include <stdint.h>
| #endif
| #ifdef HAVE_STRINGS_H
| # include <strings.h>
| #endif
| #ifdef HAVE_SYS_TYPES_H
| # include <sys/types.h>
| #endif
| #ifdef HAVE_SYS_STAT_H
| # include <sys/stat.h>
| #endif
| #ifdef HAVE_UNISTD_H
| # include <unistd.h>
| #endif
| #include <machine/sysarch.h>
configure:11030: result: no
configure:11036: checking for mntent.h
configure:11036: ccache gcc -m64 -c -march=nocona -mtune=core-avx2 -pipe -O2 -fno-strict-aliasing -fwrapv -mfpmath=sse                         -Wno-error=incompatible-pointer-types -Wno-error=implicit-function-declaration -Wno-error=int-conversion -w -static-libgcc -D_GNU_SOURCE -D_TIME_BITS=64 -D_FILE_OFFSET_BITS=64 -U_FORTIFY_SOURCE -D_FORTIFY_SOURCE=0 -DNDEBUG -D_NDEBUG -D_GNU_SOURCE -D_TIME_BITS=64 -D_FILE_OFFSET_BITS=64 -U_FORTIFY_SOURCE -D_FORTIFY_SOURCE=0 -DNDEBUG -D_NDEBUG conftest.c >&5
configure:11036: $? = 0
configure:11036: result: yes
configure:11042: checking for netdb.h
configure:11042: ccache gcc -m64 -c -march=nocona -mtune=core-avx2 -pipe -O2 -fno-strict-aliasing -fwrapv -mfpmath=sse                         -Wno-error=incompatible-pointer-types -Wno-error=implicit-function-declaration -Wno-error=int-conversion -w -static-libgcc -D_GNU_SOURCE -D_TIME_BITS=64 -D_FILE_OFFSET_BITS=64 -U_FORTIFY_SOURCE -D_FORTIFY_SOURCE=0 -DNDEBUG -D_NDEBUG -D_GNU_SOURCE -D_TIME_BITS=64 -D_FILE_OFFSET_BITS=64 -U_FORTIFY_SOURCE -D_FORTIFY_SOURCE=0 -DNDEBUG -D_NDEBUG conftest.c >&5
configure:11042: $? = 0
configure:11042: result: yes
configure:11048: checking for netinet/in.h
configure:11048: ccache gcc -m64 -c -march=nocona -mtune=core-avx2 -pipe -O2 -fno-strict-aliasing -fwrapv -mfpmath=sse                         -Wno-error=incompatible-pointer-types -Wno-error=implicit-function-declaration -Wno-error=int-conversion -w -static-libgcc -D_GNU_SOURCE -D_TIME_BITS=64 -D_FILE_OFFSET_BITS=64 -U_FORTIFY_SOURCE -D_FORTIFY_SOURCE=0 -DNDEBUG -D_NDEBUG -D_GNU_SOURCE -D_TIME_BITS=64 -D_FILE_OFFSET_BITS=64 -U_FORTIFY_SOURCE -D_FORTIFY_SOURCE=0 -DNDEBUG -D_NDEBUG conftest.c >&5
configure:11048: $? = 0
configure:11048: result: yes
configure:11054: checking for netinet/in_systm.h
configure:11054: ccache gcc -m64 -c -march=nocona -mtune=core-avx2 -pipe -O2 -fno-strict-aliasing -fwrapv -mfpmath=sse                         -Wno-error=incompatible-pointer-types -Wno-error=implicit-function-declaration -Wno-error=int-conversion -w -static-libgcc -D_GNU_SOURCE -D_TIME_BITS=64 -D_FILE_OFFSET_BITS=64 -U_FORTIFY_SOURCE -D_FORTIFY_SOURCE=0 -DNDEBUG -D_NDEBUG -D_GNU_SOURCE -D_TIME_BITS=64 -D_FILE_OFFSET_BITS=64 -U_FORTIFY_SOURCE -D_FORTIFY_SOURCE=0 -DNDEBUG -D_NDEBUG conftest.c >&5
configure:11054: $? = 0
configure:11054: result: yes
configure:11060: checking for netinet/tcp.h
configure:11060: ccache gcc -m64 -c -march=nocona -mtune=core-avx2 -pipe -O2 -fno-strict-aliasing -fwrapv -mfpmath=sse                         -Wno-error=incompatible-pointer-types -Wno-error=implicit-function-declaration -Wno-error=int-conversion -w -static-libgcc -D_GNU_SOURCE -D_TIME_BITS=64 -D_FILE_OFFSET_BITS=64 -U_FORTIFY_SOURCE -D_FORTIFY_SOURCE=0 -DNDEBUG -D_NDEBUG -D_GNU_SOURCE -D_TIME_BITS=64 -D_FILE_OFFSET_BITS=64 -U_FORTIFY_SOURCE -D_FORTIFY_SOURCE=0 -DNDEBUG -D_NDEBUG conftest.c >&5
configure:11060: $? = 0
configure:11060: result: yes
configure:11066: checking for netinet/tcp_fsm.h
configure:11066: ccache gcc -m64 -c -march=nocona -mtune=core-avx2 -pipe -O2 -fno-strict-aliasing -fwrapv -mfpmath=sse                         -Wno-error=incompatible-pointer-types -Wno-error=implicit-function-declaration -Wno-error=int-conversion -w -static-libgcc -D_GNU_SOURCE -D_TIME_BITS=64 -D_FILE_OFFSET_BITS=64 -U_FORTIFY_SOURCE -D_FORTIFY_SOURCE=0 -DNDEBUG -D_NDEBUG -D_GNU_SOURCE -D_TIME_BITS=64 -D_FILE_OFFSET_BITS=64 -U_FORTIFY_SOURCE -D_FORTIFY_SOURCE=0 -DNDEBUG -D_NDEBUG conftest.c >&5
conftest.c:74:10: fatal error: netinet/tcp_fsm.h: No such file or directory
   74 | #include <netinet/tcp_fsm.h>
      |          ^~~~~~~~~~~~~~~~~~~
compilation terminated.
configure:11066: $? = 1
configure: failed program was:
| /* confdefs.h */
| #define PACKAGE_NAME "Wine"
| #define PACKAGE_TARNAME "wine"
| #define PACKAGE_VERSION "11.8"
| #define PACKAGE_STRING "Wine 11.8"
| #define PACKAGE_BUGREPORT "wine-devel@winehq.org"
| #define PACKAGE_URL "https://www.winehq.org"
| #define EXEEXT ""
| #define HAVE_STDIO_H 1
| #define HAVE_STDLIB_H 1
| #define HAVE_STRING_H 1
| #define HAVE_INTTYPES_H 1
| #define HAVE_STDINT_H 1
| #define HAVE_STRINGS_H 1
| #define HAVE_SYS_STAT_H 1
| #define HAVE_SYS_TYPES_H 1
| #define HAVE_UNISTD_H 1
| #define STDC_HEADERS 1
| #define HAVE_ARPA_INET_H 1
| #define HAVE_ARPA_NAMESER_H 1
| #define HAVE_ASM_TERMBITS_H 1
| #define HAVE_ASM_TYPES_H 1
| #define HAVE_ELF_H 1
| #define HAVE_LINK_H 1
| #define HAVE_LINUX_CDROM_H 1
| #define HAVE_LINUX_FILTER_H 1
| #define HAVE_LINUX_FS_H 1
| #define HAVE_LINUX_HDREG_H 1
| #define HAVE_LINUX_HIDRAW_H 1
| #define HAVE_LINUX_INPUT_H 1
| #define HAVE_LINUX_IOCTL_H 1
| #define HAVE_LINUX_MAJOR_H 1
| #define HAVE_LINUX_MEMFD_H 1
| #define HAVE_LINUX_NTSYNC_H 1
| #define HAVE_LINUX_PARAM_H 1
| #define HAVE_LINUX_SERIAL_H 1
| #define HAVE_LINUX_TYPES_H 1
| #define HAVE_LINUX_USERFAULTFD_H 1
| #define HAVE_LINUX_WIRELESS_H 1
| #define HAVE_MNTENT_H 1
| #define HAVE_NETDB_H 1
| #define HAVE_NETINET_IN_H 1
| #define HAVE_NETINET_IN_SYSTM_H 1
| #define HAVE_NETINET_TCP_H 1
| /* end confdefs.h.  */
| #include <stddef.h>
| #ifdef HAVE_STDIO_H
| # include <stdio.h>
| #endif
| #ifdef HAVE_STDLIB_H
| # include <stdlib.h>
| #endif
| #ifdef HAVE_STRING_H
| # include <string.h>
| #endif
| #ifdef HAVE_INTTYPES_H
| # include <inttypes.h>
| #endif
| #ifdef HAVE_STDINT_H
| # include <stdint.h>
| #endif
| #ifdef HAVE_STRINGS_H
| # include <strings.h>
| #endif
| #ifdef HAVE_SYS_TYPES_H
| # include <sys/types.h>
| #endif
| #ifdef HAVE_SYS_STAT_H
| # include <sys/stat.h>
| #endif
| #ifdef HAVE_UNISTD_H
| # include <unistd.h>
| #endif
| #include <netinet/tcp_fsm.h>
configure:11066: result: no
configure:11072: checking for pcap/pcap.h
configure:11072: result: no
configure:11078: checking for port.h
configure:11078: ccache gcc -m64 -c -march=nocona -mtune=core-avx2 -pipe -O2 -fno-strict-aliasing -fwrapv -mfpmath=sse                         -Wno-error=incompatible-pointer-types -Wno-error=implicit-function-declaration -Wno-error=int-conversion -w -static-libgcc -D_GNU_SOURCE -D_TIME_BITS=64 -D_FILE_OFFSET_BITS=64 -U_FORTIFY_SOURCE -D_FORTIFY_SOURCE=0 -DNDEBUG -D_NDEBUG -D_GNU_SOURCE -D_TIME_BITS=64 -D_FILE_OFFSET_BITS=64 -U_FORTIFY_SOURCE -D_FORTIFY_SOURCE=0 -DNDEBUG -D_NDEBUG conftest.c >&5
conftest.c:74:10: fatal error: port.h: No such file or directory
   74 | #include <port.h>
      |          ^~~~~~~~
compilation terminated.
configure:11078: $? = 1
configure: failed program was:
| /* confdefs.h */
| #define PACKAGE_NAME "Wine"
| #define PACKAGE_TARNAME "wine"
| #define PACKAGE_VERSION "11.8"
| #define PACKAGE_STRING "Wine 11.8"
| #define PACKAGE_BUGREPORT "wine-devel@winehq.org"
| #define PACKAGE_URL "https://www.winehq.org"
| #define EXEEXT ""
| #define HAVE_STDIO_H 1
| #define HAVE_STDLIB_H 1
| #define HAVE_STRING_H 1
| #define HAVE_INTTYPES_H 1
| #define HAVE_STDINT_H 1
| #define HAVE_STRINGS_H 1
| #define HAVE_SYS_STAT_H 1
| #define HAVE_SYS_TYPES_H 1
| #define HAVE_UNISTD_H 1
| #define STDC_HEADERS 1
| #define HAVE_ARPA_INET_H 1
| #define HAVE_ARPA_NAMESER_H 1
| #define HAVE_ASM_TERMBITS_H 1
| #define HAVE_ASM_TYPES_H 1
| #define HAVE_ELF_H 1
| #define HAVE_LINK_H 1
| #define HAVE_LINUX_CDROM_H 1
| #define HAVE_LINUX_FILTER_H 1
| #define HAVE_LINUX_FS_H 1
| #define HAVE_LINUX_HDREG_H 1
| #define HAVE_LINUX_HIDRAW_H 1
| #define HAVE_LINUX_INPUT_H 1
| #define HAVE_LINUX_IOCTL_H 1
| #define HAVE_LINUX_MAJOR_H 1
| #define HAVE_LINUX_MEMFD_H 1
| #define HAVE_LINUX_NTSYNC_H 1
| #define HAVE_LINUX_PARAM_H 1
| #define HAVE_LINUX_SERIAL_H 1
| #define HAVE_LINUX_TYPES_H 1
| #define HAVE_LINUX_USERFAULTFD_H 1
| #define HAVE_LINUX_WIRELESS_H 1
| #define HAVE_MNTENT_H 1
| #define HAVE_NETDB_H 1
| #define HAVE_NETINET_IN_H 1
| #define HAVE_NETINET_IN_SYSTM_H 1
| #define HAVE_NETINET_TCP_H 1
| /* end confdefs.h.  */
| #include <stddef.h>
| #ifdef HAVE_STDIO_H
| # include <stdio.h>
| #endif
| #ifdef HAVE_STDLIB_H
| # include <stdlib.h>
| #endif
| #ifdef HAVE_STRING_H
| # include <string.h>
| #endif
| #ifdef HAVE_INTTYPES_H
| # include <inttypes.h>
| #endif
| #ifdef HAVE_STDINT_H
| # include <stdint.h>
| #endif
| #ifdef HAVE_STRINGS_H
| # include <strings.h>
| #endif
| #ifdef HAVE_SYS_TYPES_H
| # include <sys/types.h>
| #endif
| #ifdef HAVE_SYS_STAT_H
| # include <sys/stat.h>
| #endif
| #ifdef HAVE_UNISTD_H
| # include <unistd.h>
| #endif
| #include <port.h>
configure:11078: result: no
configure:11084: checking for pwd.h
configure:11084: ccache gcc -m64 -c -march=nocona -mtune=core-avx2 -pipe -O2 -fno-strict-aliasing -fwrapv -mfpmath=sse                         -Wno-error=incompatible-pointer-types -Wno-error=implicit-function-declaration -Wno-error=int-conversion -w -static-libgcc -D_GNU_SOURCE -D_TIME_BITS=64 -D_FILE_OFFSET_BITS=64 -U_FORTIFY_SOURCE -D_FORTIFY_SOURCE=0 -DNDEBUG -D_NDEBUG -D_GNU_SOURCE -D_TIME_BITS=64 -D_FILE_OFFSET_BITS=64 -U_FORTIFY_SOURCE -D_FORTIFY_SOURCE=0 -DNDEBUG -D_NDEBUG conftest.c >&5
configure:11084: $? = 0
configure:11084: result: yes
configure:11090: checking for sched.h
configure:11090: ccache gcc -m64 -c -march=nocona -mtune=core-avx2 -pipe -O2 -fno-strict-aliasing -fwrapv -mfpmath=sse                         -Wno-error=incompatible-pointer-types -Wno-error=implicit-function-declaration -Wno-error=int-conversion -w -static-libgcc -D_GNU_SOURCE -D_TIME_BITS=64 -D_FILE_OFFSET_BITS=64 -U_FORTIFY_SOURCE -D_FORTIFY_SOURCE=0 -DNDEBUG -D_NDEBUG -D_GNU_SOURCE -D_TIME_BITS=64 -D_FILE_OFFSET_BITS=64 -U_FORTIFY_SOURCE -D_FORTIFY_SOURCE=0 -DNDEBUG -D_NDEBUG conftest.c >&5
configure:11090: $? = 0
configure:11090: result: yes
configure:11096: checking for scsi/scsi.h
configure:11096: ccache gcc -m64 -c -march=nocona -mtune=core-avx2 -pipe -O2 -fno-strict-aliasing -fwrapv -mfpmath=sse                         -Wno-error=incompatible-pointer-types -Wno-error=implicit-function-declaration -Wno-error=int-conversion -w -static-libgcc -D_GNU_SOURCE -D_TIME_BITS=64 -D_FILE_OFFSET_BITS=64 -U_FORTIFY_SOURCE -D_FORTIFY_SOURCE=0 -DNDEBUG -D_NDEBUG -D_GNU_SOURCE -D_TIME_BITS=64 -D_FILE_OFFSET_BITS=64 -U_FORTIFY_SOURCE -D_FORTIFY_SOURCE=0 -DNDEBUG -D_NDEBUG conftest.c >&5
configure:11096: $? = 0
configure:11096: result: yes
configure:11102: checking for scsi/scsi_ioctl.h
configure:11102: ccache gcc -m64 -c -march=nocona -mtune=core-avx2 -pipe -O2 -fno-strict-aliasing -fwrapv -mfpmath=sse                         -Wno-error=incompatible-pointer-types -Wno-error=implicit-function-declaration -Wno-error=int-conversion -w -static-libgcc -D_GNU_SOURCE -D_TIME_BITS=64 -D_FILE_OFFSET_BITS=64 -U_FORTIFY_SOURCE -D_FORTIFY_SOURCE=0 -DNDEBUG -D_NDEBUG -D_GNU_SOURCE -D_TIME_BITS=64 -D_FILE_OFFSET_BITS=64 -U_FORTIFY_SOURCE -D_FORTIFY_SOURCE=0 -DNDEBUG -D_NDEBUG conftest.c >&5
configure:11102: $? = 0
configure:11102: result: yes
configure:11108: checking for scsi/sg.h
configure:11108: ccache gcc -m64 -c -march=nocona -mtune=core-avx2 -pipe -O2 -fno-strict-aliasing -fwrapv -mfpmath=sse                         -Wno-error=incompatible-pointer-types -Wno-error=implicit-function-declaration -Wno-error=int-conversion -w -static-libgcc -D_GNU_SOURCE -D_TIME_BITS=64 -D_FILE_OFFSET_BITS=64 -U_FORTIFY_SOURCE -D_FORTIFY_SOURCE=0 -DNDEBUG -D_NDEBUG -D_GNU_SOURCE -D_TIME_BITS=64 -D_FILE_OFFSET_BITS=64 -U_FORTIFY_SOURCE -D_FORTIFY_SOURCE=0 -DNDEBUG -D_NDEBUG conftest.c >&5
configure:11108: $? = 0
configure:11108: result: yes
configure:11114: checking for sys/attr.h
configure:11114: ccache gcc -m64 -c -march=nocona -mtune=core-avx2 -pipe -O2 -fno-strict-aliasing -fwrapv -mfpmath=sse                         -Wno-error=incompatible-pointer-types -Wno-error=implicit-function-declaration -Wno-error=int-conversion -w -static-libgcc -D_GNU_SOURCE -D_TIME_BITS=64 -D_FILE_OFFSET_BITS=64 -U_FORTIFY_SOURCE -D_FORTIFY_SOURCE=0 -DNDEBUG -D_NDEBUG -D_GNU_SOURCE -D_TIME_BITS=64 -D_FILE_OFFSET_BITS=64 -U_FORTIFY_SOURCE -D_FORTIFY_SOURCE=0 -DNDEBUG -D_NDEBUG conftest.c >&5
conftest.c:79:10: fatal error: sys/attr.h: No such file or directory
   79 | #include <sys/attr.h>
      |          ^~~~~~~~~~~~
compilation terminated.
configure:11114: $? = 1
configure: failed program was:
| /* confdefs.h */
| #define PACKAGE_NAME "Wine"
| #define PACKAGE_TARNAME "wine"
| #define PACKAGE_VERSION "11.8"
| #define PACKAGE_STRING "Wine 11.8"
| #define PACKAGE_BUGREPORT "wine-devel@winehq.org"
| #define PACKAGE_URL "https://www.winehq.org"
| #define EXEEXT ""
| #define HAVE_STDIO_H 1
| #define HAVE_STDLIB_H 1
| #define HAVE_STRING_H 1
| #define HAVE_INTTYPES_H 1
| #define HAVE_STDINT_H 1
| #define HAVE_STRINGS_H 1
| #define HAVE_SYS_STAT_H 1
| #define HAVE_SYS_TYPES_H 1
| #define HAVE_UNISTD_H 1
| #define STDC_HEADERS 1
| #define HAVE_ARPA_INET_H 1
| #define HAVE_ARPA_NAMESER_H 1
| #define HAVE_ASM_TERMBITS_H 1
| #define HAVE_ASM_TYPES_H 1
| #define HAVE_ELF_H 1
| #define HAVE_LINK_H 1
| #define HAVE_LINUX_CDROM_H 1
| #define HAVE_LINUX_FILTER_H 1
| #define HAVE_LINUX_FS_H 1
| #define HAVE_LINUX_HDREG_H 1
| #define HAVE_LINUX_HIDRAW_H 1
| #define HAVE_LINUX_INPUT_H 1
| #define HAVE_LINUX_IOCTL_H 1
| #define HAVE_LINUX_MAJOR_H 1
| #define HAVE_LINUX_MEMFD_H 1
| #define HAVE_LINUX_NTSYNC_H 1
| #define HAVE_LINUX_PARAM_H 1
| #define HAVE_LINUX_SERIAL_H 1
| #define HAVE_LINUX_TYPES_H 1
| #define HAVE_LINUX_USERFAULTFD_H 1
| #define HAVE_LINUX_WIRELESS_H 1
| #define HAVE_MNTENT_H 1
| #define HAVE_NETDB_H 1
| #define HAVE_NETINET_IN_H 1
| #define HAVE_NETINET_IN_SYSTM_H 1
| #define HAVE_NETINET_TCP_H 1
| #define HAVE_PWD_H 1
| #define HAVE_SCHED_H 1
| #define HAVE_SCSI_SCSI_H 1
| #define HAVE_SCSI_SCSI_IOCTL_H 1
| #define HAVE_SCSI_SG_H 1
| /* end confdefs.h.  */
| #include <stddef.h>
| #ifdef HAVE_STDIO_H
| # include <stdio.h>
| #endif
| #ifdef HAVE_STDLIB_H
| # include <stdlib.h>
| #endif
| #ifdef HAVE_STRING_H
| # include <string.h>
| #endif
| #ifdef HAVE_INTTYPES_H
| # include <inttypes.h>
| #endif
| #ifdef HAVE_STDINT_H
| # include <stdint.h>
| #endif
| #ifdef HAVE_STRINGS_H
| # include <strings.h>
| #endif
| #ifdef HAVE_SYS_TYPES_H
| # include <sys/types.h>
| #endif
| #ifdef HAVE_SYS_STAT_H
| # include <sys/stat.h>
| #endif
| #ifdef HAVE_UNISTD_H
| # include <unistd.h>
| #endif
| #include <sys/attr.h>
configure:11114: result: no
configure:11120: checking for sys/auxv.h
configure:11120: ccache gcc -m64 -c -march=nocona -mtune=core-avx2 -pipe -O2 -fno-strict-aliasing -fwrapv -mfpmath=sse                         -Wno-error=incompatible-pointer-types -Wno-error=implicit-function-declaration -Wno-error=int-conversion -w -static-libgcc -D_GNU_SOURCE -D_TIME_BITS=64 -D_FILE_OFFSET_BITS=64 -U_FORTIFY_SOURCE -D_FORTIFY_SOURCE=0 -DNDEBUG -D_NDEBUG -D_GNU_SOURCE -D_TIME_BITS=64 -D_FILE_OFFSET_BITS=64 -U_FORTIFY_SOURCE -D_FORTIFY_SOURCE=0 -DNDEBUG -D_NDEBUG conftest.c >&5
configure:11120: $? = 0
configure:11120: result: yes
configure:11126: checking for sys/cdio.h
configure:11126: ccache gcc -m64 -c -march=nocona -mtune=core-avx2 -pipe -O2 -fno-strict-aliasing -fwrapv -mfpmath=sse                         -Wno-error=incompatible-pointer-types -Wno-error=implicit-function-declaration -Wno-error=int-conversion -w -static-libgcc -D_GNU_SOURCE -D_TIME_BITS=64 -D_FILE_OFFSET_BITS=64 -U_FORTIFY_SOURCE -D_FORTIFY_SOURCE=0 -DNDEBUG -D_NDEBUG -D_GNU_SOURCE -D_TIME_BITS=64 -D_FILE_OFFSET_BITS=64 -U_FORTIFY_SOURCE -D_FORTIFY_SOURCE=0 -DNDEBUG -D_NDEBUG conftest.c >&5
conftest.c:80:10: fatal error: sys/cdio.h: No such file or directory
   80 | #include <sys/cdio.h>
      |          ^~~~~~~~~~~~
compilation terminated.
configure:11126: $? = 1
configure: failed program was:
| /* confdefs.h */
| #define PACKAGE_NAME "Wine"
| #define PACKAGE_TARNAME "wine"
| #define PACKAGE_VERSION "11.8"
| #define PACKAGE_STRING "Wine 11.8"
| #define PACKAGE_BUGREPORT "wine-devel@winehq.org"
| #define PACKAGE_URL "https://www.winehq.org"
| #define EXEEXT ""
| #define HAVE_STDIO_H 1
| #define HAVE_STDLIB_H 1
| #define HAVE_STRING_H 1
| #define HAVE_INTTYPES_H 1
| #define HAVE_STDINT_H 1
| #define HAVE_STRINGS_H 1
| #define HAVE_SYS_STAT_H 1
| #define HAVE_SYS_TYPES_H 1
| #define HAVE_UNISTD_H 1
| #define STDC_HEADERS 1
| #define HAVE_ARPA_INET_H 1
| #define HAVE_ARPA_NAMESER_H 1
| #define HAVE_ASM_TERMBITS_H 1
| #define HAVE_ASM_TYPES_H 1
| #define HAVE_ELF_H 1
| #define HAVE_LINK_H 1
| #define HAVE_LINUX_CDROM_H 1
| #define HAVE_LINUX_FILTER_H 1
| #define HAVE_LINUX_FS_H 1
| #define HAVE_LINUX_HDREG_H 1
| #define HAVE_LINUX_HIDRAW_H 1
| #define HAVE_LINUX_INPUT_H 1
| #define HAVE_LINUX_IOCTL_H 1
| #define HAVE_LINUX_MAJOR_H 1
| #define HAVE_LINUX_MEMFD_H 1
| #define HAVE_LINUX_NTSYNC_H 1
| #define HAVE_LINUX_PARAM_H 1
| #define HAVE_LINUX_SERIAL_H 1
| #define HAVE_LINUX_TYPES_H 1
| #define HAVE_LINUX_USERFAULTFD_H 1
| #define HAVE_LINUX_WIRELESS_H 1
| #define HAVE_MNTENT_H 1
| #define HAVE_NETDB_H 1
| #define HAVE_NETINET_IN_H 1
| #define HAVE_NETINET_IN_SYSTM_H 1
| #define HAVE_NETINET_TCP_H 1
| #define HAVE_PWD_H 1
| #define HAVE_SCHED_H 1
| #define HAVE_SCSI_SCSI_H 1
| #define HAVE_SCSI_SCSI_IOCTL_H 1
| #define HAVE_SCSI_SG_H 1
| #define HAVE_SYS_AUXV_H 1
| /* end confdefs.h.  */
| #include <stddef.h>
| #ifdef HAVE_STDIO_H
| # include <stdio.h>
| #endif
| #ifdef HAVE_STDLIB_H
| # include <stdlib.h>
| #endif
| #ifdef HAVE_STRING_H
| # include <string.h>
| #endif
| #ifdef HAVE_INTTYPES_H
| # include <inttypes.h>
| #endif
| #ifdef HAVE_STDINT_H
| # include <stdint.h>
| #endif
| #ifdef HAVE_STRINGS_H
| # include <strings.h>
| #endif
| #ifdef HAVE_SYS_TYPES_H
| # include <sys/types.h>
| #endif
| #ifdef HAVE_SYS_STAT_H
| # include <sys/stat.h>
| #endif
| #ifdef HAVE_UNISTD_H
| # include <unistd.h>
| #endif
| #include <sys/cdio.h>
configure:11126: result: no
configure:11132: checking for sys/epoll.h
configure:11132: ccache gcc -m64 -c -march=nocona -mtune=core-avx2 -pipe -O2 -fno-strict-aliasing -fwrapv -mfpmath=sse                         -Wno-error=incompatible-pointer-types -Wno-error=implicit-function-declaration -Wno-error=int-conversion -w -static-libgcc -D_GNU_SOURCE -D_TIME_BITS=64 -D_FILE_OFFSET_BITS=64 -U_FORTIFY_SOURCE -D_FORTIFY_SOURCE=0 -DNDEBUG -D_NDEBUG -D_GNU_SOURCE -D_TIME_BITS=64 -D_FILE_OFFSET_BITS=64 -U_FORTIFY_SOURCE -D_FORTIFY_SOURCE=0 -DNDEBUG -D_NDEBUG conftest.c >&5
configure:11132: $? = 0
configure:11132: result: yes
configure:11138: checking for sys/event.h
configure:11138: ccache gcc -m64 -c -march=nocona -mtune=core-avx2 -pipe -O2 -fno-strict-aliasing -fwrapv -mfpmath=sse                         -Wno-error=incompatible-pointer-types -Wno-error=implicit-function-declaration -Wno-error=int-conversion -w -static-libgcc -D_GNU_SOURCE -D_TIME_BITS=64 -D_FILE_OFFSET_BITS=64 -U_FORTIFY_SOURCE -D_FORTIFY_SOURCE=0 -DNDEBUG -D_NDEBUG -D_GNU_SOURCE -D_TIME_BITS=64 -D_FILE_OFFSET_BITS=64 -U_FORTIFY_SOURCE -D_FORTIFY_SOURCE=0 -DNDEBUG -D_NDEBUG conftest.c >&5
conftest.c:81:10: fatal error: sys/event.h: No such file or directory
   81 | #include <sys/event.h>
      |          ^~~~~~~~~~~~~
compilation terminated.
configure:11138: $? = 1
configure: failed program was:
| /* confdefs.h */
| #define PACKAGE_NAME "Wine"
| #define PACKAGE_TARNAME "wine"
| #define PACKAGE_VERSION "11.8"
| #define PACKAGE_STRING "Wine 11.8"
| #define PACKAGE_BUGREPORT "wine-devel@winehq.org"
| #define PACKAGE_URL "https://www.winehq.org"
| #define EXEEXT ""
| #define HAVE_STDIO_H 1
| #define HAVE_STDLIB_H 1
| #define HAVE_STRING_H 1
| #define HAVE_INTTYPES_H 1
| #define HAVE_STDINT_H 1
| #define HAVE_STRINGS_H 1
| #define HAVE_SYS_STAT_H 1
| #define HAVE_SYS_TYPES_H 1
| #define HAVE_UNISTD_H 1
| #define STDC_HEADERS 1
| #define HAVE_ARPA_INET_H 1
| #define HAVE_ARPA_NAMESER_H 1
| #define HAVE_ASM_TERMBITS_H 1
| #define HAVE_ASM_TYPES_H 1
| #define HAVE_ELF_H 1
| #define HAVE_LINK_H 1
| #define HAVE_LINUX_CDROM_H 1
| #define HAVE_LINUX_FILTER_H 1
| #define HAVE_LINUX_FS_H 1
| #define HAVE_LINUX_HDREG_H 1
| #define HAVE_LINUX_HIDRAW_H 1
| #define HAVE_LINUX_INPUT_H 1
| #define HAVE_LINUX_IOCTL_H 1
| #define HAVE_LINUX_MAJOR_H 1
| #define HAVE_LINUX_MEMFD_H 1
| #define HAVE_LINUX_NTSYNC_H 1
| #define HAVE_LINUX_PARAM_H 1
| #define HAVE_LINUX_SERIAL_H 1
| #define HAVE_LINUX_TYPES_H 1
| #define HAVE_LINUX_USERFAULTFD_H 1
| #define HAVE_LINUX_WIRELESS_H 1
| #define HAVE_MNTENT_H 1
| #define HAVE_NETDB_H 1
| #define HAVE_NETINET_IN_H 1
| #define HAVE_NETINET_IN_SYSTM_H 1
| #define HAVE_NETINET_TCP_H 1
| #define HAVE_PWD_H 1
| #define HAVE_SCHED_H 1
| #define HAVE_SCSI_SCSI_H 1
| #define HAVE_SCSI_SCSI_IOCTL_H 1
| #define HAVE_SCSI_SG_H 1
| #define HAVE_SYS_AUXV_H 1
| #define HAVE_SYS_EPOLL_H 1
| /* end confdefs.h.  */
| #include <stddef.h>
| #ifdef HAVE_STDIO_H
| # include <stdio.h>
| #endif
| #ifdef HAVE_STDLIB_H
| # include <stdlib.h>
| #endif
| #ifdef HAVE_STRING_H
| # include <string.h>
| #endif
| #ifdef HAVE_INTTYPES_H
| # include <inttypes.h>
| #endif
| #ifdef HAVE_STDINT_H
| # include <stdint.h>
| #endif
| #ifdef HAVE_STRINGS_H
| # include <strings.h>
| #endif
| #ifdef HAVE_SYS_TYPES_H
| # include <sys/types.h>
| #endif
| #ifdef HAVE_SYS_STAT_H
| # include <sys/stat.h>
| #endif
| #ifdef HAVE_UNISTD_H
| # include <unistd.h>
| #endif
| #include <sys/event.h>
configure:11138: result: no
configure:11144: checking for sys/extattr.h
configure:11144: ccache gcc -m64 -c -march=nocona -mtune=core-avx2 -pipe -O2 -fno-strict-aliasing -fwrapv -mfpmath=sse                         -Wno-error=incompatible-pointer-types -Wno-error=implicit-function-declaration -Wno-error=int-conversion -w -static-libgcc -D_GNU_SOURCE -D_TIME_BITS=64 -D_FILE_OFFSET_BITS=64 -U_FORTIFY_SOURCE -D_FORTIFY_SOURCE=0 -DNDEBUG -D_NDEBUG -D_GNU_SOURCE -D_TIME_BITS=64 -D_FILE_OFFSET_BITS=64 -U_FORTIFY_SOURCE -D_FORTIFY_SOURCE=0 -DNDEBUG -D_NDEBUG conftest.c >&5
conftest.c:81:10: fatal error: sys/extattr.h: No such file or directory
   81 | #include <sys/extattr.h>
      |          ^~~~~~~~~~~~~~~
compilation terminated.
configure:11144: $? = 1
configure: failed program was:
| /* confdefs.h */
| #define PACKAGE_NAME "Wine"
| #define PACKAGE_TARNAME "wine"
| #define PACKAGE_VERSION "11.8"
| #define PACKAGE_STRING "Wine 11.8"
| #define PACKAGE_BUGREPORT "wine-devel@winehq.org"
| #define PACKAGE_URL "https://www.winehq.org"
| #define EXEEXT ""
| #define HAVE_STDIO_H 1
| #define HAVE_STDLIB_H 1
| #define HAVE_STRING_H 1
| #define HAVE_INTTYPES_H 1
| #define HAVE_STDINT_H 1
| #define HAVE_STRINGS_H 1
| #define HAVE_SYS_STAT_H 1
| #define HAVE_SYS_TYPES_H 1
| #define HAVE_UNISTD_H 1
| #define STDC_HEADERS 1
| #define HAVE_ARPA_INET_H 1
| #define HAVE_ARPA_NAMESER_H 1
| #define HAVE_ASM_TERMBITS_H 1
| #define HAVE_ASM_TYPES_H 1
| #define HAVE_ELF_H 1
| #define HAVE_LINK_H 1
| #define HAVE_LINUX_CDROM_H 1
| #define HAVE_LINUX_FILTER_H 1
| #define HAVE_LINUX_FS_H 1
| #define HAVE_LINUX_HDREG_H 1
| #define HAVE_LINUX_HIDRAW_H 1
| #define HAVE_LINUX_INPUT_H 1
| #define HAVE_LINUX_IOCTL_H 1
| #define HAVE_LINUX_MAJOR_H 1
| #define HAVE_LINUX_MEMFD_H 1
| #define HAVE_LINUX_NTSYNC_H 1
| #define HAVE_LINUX_PARAM_H 1
| #define HAVE_LINUX_SERIAL_H 1
| #define HAVE_LINUX_TYPES_H 1
| #define HAVE_LINUX_USERFAULTFD_H 1
| #define HAVE_LINUX_WIRELESS_H 1
| #define HAVE_MNTENT_H 1
| #define HAVE_NETDB_H 1
| #define HAVE_NETINET_IN_H 1
| #define HAVE_NETINET_IN_SYSTM_H 1
| #define HAVE_NETINET_TCP_H 1
| #define HAVE_PWD_H 1
| #define HAVE_SCHED_H 1
| #define HAVE_SCSI_SCSI_H 1
| #define HAVE_SCSI_SCSI_IOCTL_H 1
| #define HAVE_SCSI_SG_H 1
| #define HAVE_SYS_AUXV_H 1
| #define HAVE_SYS_EPOLL_H 1
| /* end confdefs.h.  */
| #include <stddef.h>
| #ifdef HAVE_STDIO_H
| # include <stdio.h>
| #endif
| #ifdef HAVE_STDLIB_H
| # include <stdlib.h>
| #endif
| #ifdef HAVE_STRING_H
| # include <string.h>
| #endif
| #ifdef HAVE_INTTYPES_H
| # include <inttypes.h>
| #endif
| #ifdef HAVE_STDINT_H
| # include <stdint.h>
| #endif
| #ifdef HAVE_STRINGS_H
| # include <strings.h>
| #endif
| #ifdef HAVE_SYS_TYPES_H
| # include <sys/types.h>
| #endif
| #ifdef HAVE_SYS_STAT_H
| # include <sys/stat.h>
| #endif
| #ifdef HAVE_UNISTD_H
| # include <unistd.h>
| #endif
| #include <sys/extattr.h>
configure:11144: result: no
configure:11150: checking for sys/filio.h
configure:11150: ccache gcc -m64 -c -march=nocona -mtune=core-avx2 -pipe -O2 -fno-strict-aliasing -fwrapv -mfpmath=sse                         -Wno-error=incompatible-pointer-types -Wno-error=implicit-function-declaration -Wno-error=int-conversion -w -static-libgcc -D_GNU_SOURCE -D_TIME_BITS=64 -D_FILE_OFFSET_BITS=64 -U_FORTIFY_SOURCE -D_FORTIFY_SOURCE=0 -DNDEBUG -D_NDEBUG -D_GNU_SOURCE -D_TIME_BITS=64 -D_FILE_OFFSET_BITS=64 -U_FORTIFY_SOURCE -D_FORTIFY_SOURCE=0 -DNDEBUG -D_NDEBUG conftest.c >&5
conftest.c:81:10: fatal error: sys/filio.h: No such file or directory
   81 | #include <sys/filio.h>
      |          ^~~~~~~~~~~~~
compilation terminated.
configure:11150: $? = 1
configure: failed program was:
| /* confdefs.h */
| #define PACKAGE_NAME "Wine"
| #define PACKAGE_TARNAME "wine"
| #define PACKAGE_VERSION "11.8"
| #define PACKAGE_STRING "Wine 11.8"
| #define PACKAGE_BUGREPORT "wine-devel@winehq.org"
| #define PACKAGE_URL "https://www.winehq.org"
| #define EXEEXT ""
| #define HAVE_STDIO_H 1
| #define HAVE_STDLIB_H 1
| #define HAVE_STRING_H 1
| #define HAVE_INTTYPES_H 1
| #define HAVE_STDINT_H 1
| #define HAVE_STRINGS_H 1
| #define HAVE_SYS_STAT_H 1
| #define HAVE_SYS_TYPES_H 1
| #define HAVE_UNISTD_H 1
| #define STDC_HEADERS 1
| #define HAVE_ARPA_INET_H 1
| #define HAVE_ARPA_NAMESER_H 1
| #define HAVE_ASM_TERMBITS_H 1
| #define HAVE_ASM_TYPES_H 1
| #define HAVE_ELF_H 1
| #define HAVE_LINK_H 1
| #define HAVE_LINUX_CDROM_H 1
| #define HAVE_LINUX_FILTER_H 1
| #define HAVE_LINUX_FS_H 1
| #define HAVE_LINUX_HDREG_H 1
| #define HAVE_LINUX_HIDRAW_H 1
| #define HAVE_LINUX_INPUT_H 1
| #define HAVE_LINUX_IOCTL_H 1
| #define HAVE_LINUX_MAJOR_H 1
| #define HAVE_LINUX_MEMFD_H 1
| #define HAVE_LINUX_NTSYNC_H 1
| #define HAVE_LINUX_PARAM_H 1
| #define HAVE_LINUX_SERIAL_H 1
| #define HAVE_LINUX_TYPES_H 1
| #define HAVE_LINUX_USERFAULTFD_H 1
| #define HAVE_LINUX_WIRELESS_H 1
| #define HAVE_MNTENT_H 1
| #define HAVE_NETDB_H 1
| #define HAVE_NETINET_IN_H 1
| #define HAVE_NETINET_IN_SYSTM_H 1
| #define HAVE_NETINET_TCP_H 1
| #define HAVE_PWD_H 1
| #define HAVE_SCHED_H 1
| #define HAVE_SCSI_SCSI_H 1
| #define HAVE_SCSI_SCSI_IOCTL_H 1
| #define HAVE_SCSI_SG_H 1
| #define HAVE_SYS_AUXV_H 1
| #define HAVE_SYS_EPOLL_H 1
| /* end confdefs.h.  */
| #include <stddef.h>
| #ifdef HAVE_STDIO_H
| # include <stdio.h>
| #endif
| #ifdef HAVE_STDLIB_H
| # include <stdlib.h>
| #endif
| #ifdef HAVE_STRING_H
| # include <string.h>
| #endif
| #ifdef HAVE_INTTYPES_H
| # include <inttypes.h>
| #endif
| #ifdef HAVE_STDINT_H
| # include <stdint.h>
| #endif
| #ifdef HAVE_STRINGS_H
| # include <strings.h>
| #endif
| #ifdef HAVE_SYS_TYPES_H
| # include <sys/types.h>
| #endif
| #ifdef HAVE_SYS_STAT_H
| # include <sys/stat.h>
| #endif
| #ifdef HAVE_UNISTD_H
| # include <unistd.h>
| #endif
| #include <sys/filio.h>
configure:11150: result: no
configure:11156: checking for sys/ipc.h
configure:11156: ccache gcc -m64 -c -march=nocona -mtune=core-avx2 -pipe -O2 -fno-strict-aliasing -fwrapv -mfpmath=sse                         -Wno-error=incompatible-pointer-types -Wno-error=implicit-function-declaration -Wno-error=int-conversion -w -static-libgcc -D_GNU_SOURCE -D_TIME_BITS=64 -D_FILE_OFFSET_BITS=64 -U_FORTIFY_SOURCE -D_FORTIFY_SOURCE=0 -DNDEBUG -D_NDEBUG -D_GNU_SOURCE -D_TIME_BITS=64 -D_FILE_OFFSET_BITS=64 -U_FORTIFY_SOURCE -D_FORTIFY_SOURCE=0 -DNDEBUG -D_NDEBUG conftest.c >&5
configure:11156: $? = 0
configure:11156: result: yes
configure:11162: checking for sys/link.h
configure:11162: ccache gcc -m64 -c -march=nocona -mtune=core-avx2 -pipe -O2 -fno-strict-aliasing -fwrapv -mfpmath=sse                         -Wno-error=incompatible-pointer-types -Wno-error=implicit-function-declaration -Wno-error=int-conversion -w -static-libgcc -D_GNU_SOURCE -D_TIME_BITS=64 -D_FILE_OFFSET_BITS=64 -U_FORTIFY_SOURCE -D_FORTIFY_SOURCE=0 -DNDEBUG -D_NDEBUG -D_GNU_SOURCE -D_TIME_BITS=64 -D_FILE_OFFSET_BITS=64 -U_FORTIFY_SOURCE -D_FORTIFY_SOURCE=0 -DNDEBUG -D_NDEBUG conftest.c >&5
conftest.c:82:10: fatal error: sys/link.h: No such file or directory
   82 | #include <sys/link.h>
      |          ^~~~~~~~~~~~
compilation terminated.
configure:11162: $? = 1
configure: failed program was:
| /* confdefs.h */
| #define PACKAGE_NAME "Wine"
| #define PACKAGE_TARNAME "wine"
| #define PACKAGE_VERSION "11.8"
| #define PACKAGE_STRING "Wine 11.8"
| #define PACKAGE_BUGREPORT "wine-devel@winehq.org"
| #define PACKAGE_URL "https://www.winehq.org"
| #define EXEEXT ""
| #define HAVE_STDIO_H 1
| #define HAVE_STDLIB_H 1
| #define HAVE_STRING_H 1
| #define HAVE_INTTYPES_H 1
| #define HAVE_STDINT_H 1
| #define HAVE_STRINGS_H 1
| #define HAVE_SYS_STAT_H 1
| #define HAVE_SYS_TYPES_H 1
| #define HAVE_UNISTD_H 1
| #define STDC_HEADERS 1
| #define HAVE_ARPA_INET_H 1
| #define HAVE_ARPA_NAMESER_H 1
| #define HAVE_ASM_TERMBITS_H 1
| #define HAVE_ASM_TYPES_H 1
| #define HAVE_ELF_H 1
| #define HAVE_LINK_H 1
| #define HAVE_LINUX_CDROM_H 1
| #define HAVE_LINUX_FILTER_H 1
| #define HAVE_LINUX_FS_H 1
| #define HAVE_LINUX_HDREG_H 1
| #define HAVE_LINUX_HIDRAW_H 1
| #define HAVE_LINUX_INPUT_H 1
| #define HAVE_LINUX_IOCTL_H 1
| #define HAVE_LINUX_MAJOR_H 1
| #define HAVE_LINUX_MEMFD_H 1
| #define HAVE_LINUX_NTSYNC_H 1
| #define HAVE_LINUX_PARAM_H 1
| #define HAVE_LINUX_SERIAL_H 1
| #define HAVE_LINUX_TYPES_H 1
| #define HAVE_LINUX_USERFAULTFD_H 1
| #define HAVE_LINUX_WIRELESS_H 1
| #define HAVE_MNTENT_H 1
| #define HAVE_NETDB_H 1
| #define HAVE_NETINET_IN_H 1
| #define HAVE_NETINET_IN_SYSTM_H 1
| #define HAVE_NETINET_TCP_H 1
| #define HAVE_PWD_H 1
| #define HAVE_SCHED_H 1
| #define HAVE_SCSI_SCSI_H 1
| #define HAVE_SCSI_SCSI_IOCTL_H 1
| #define HAVE_SCSI_SG_H 1
| #define HAVE_SYS_AUXV_H 1
| #define HAVE_SYS_EPOLL_H 1
| #define HAVE_SYS_IPC_H 1
| /* end confdefs.h.  */
| #include <stddef.h>
| #ifdef HAVE_STDIO_H
| # include <stdio.h>
| #endif
| #ifdef HAVE_STDLIB_H
| # include <stdlib.h>
| #endif
| #ifdef HAVE_STRING_H
| # include <string.h>
| #endif
| #ifdef HAVE_INTTYPES_H
| # include <inttypes.h>
| #endif
| #ifdef HAVE_STDINT_H
| # include <stdint.h>
| #endif
| #ifdef HAVE_STRINGS_H
| # include <strings.h>
| #endif
| #ifdef HAVE_SYS_TYPES_H
| # include <sys/types.h>
| #endif
| #ifdef HAVE_SYS_STAT_H
| # include <sys/stat.h>
| #endif
| #ifdef HAVE_UNISTD_H
| # include <unistd.h>
| #endif
| #include <sys/link.h>
configure:11162: result: no
configure:11168: checking for sys/modem.h
configure:11168: ccache gcc -m64 -c -march=nocona -mtune=core-avx2 -pipe -O2 -fno-strict-aliasing -fwrapv -mfpmath=sse                         -Wno-error=incompatible-pointer-types -Wno-error=implicit-function-declaration -Wno-error=int-conversion -w -static-libgcc -D_GNU_SOURCE -D_TIME_BITS=64 -D_FILE_OFFSET_BITS=64 -U_FORTIFY_SOURCE -D_FORTIFY_SOURCE=0 -DNDEBUG -D_NDEBUG -D_GNU_SOURCE -D_TIME_BITS=64 -D_FILE_OFFSET_BITS=64 -U_FORTIFY_SOURCE -D_FORTIFY_SOURCE=0 -DNDEBUG -D_NDEBUG conftest.c >&5
conftest.c:82:10: fatal error: sys/modem.h: No such file or directory
   82 | #include <sys/modem.h>
      |          ^~~~~~~~~~~~~
compilation terminated.
configure:11168: $? = 1
configure: failed program was:
| /* confdefs.h */
| #define PACKAGE_NAME "Wine"
| #define PACKAGE_TARNAME "wine"
| #define PACKAGE_VERSION "11.8"
| #define PACKAGE_STRING "Wine 11.8"
| #define PACKAGE_BUGREPORT "wine-devel@winehq.org"
| #define PACKAGE_URL "https://www.winehq.org"
| #define EXEEXT ""
| #define HAVE_STDIO_H 1
| #define HAVE_STDLIB_H 1
| #define HAVE_STRING_H 1
| #define HAVE_INTTYPES_H 1
| #define HAVE_STDINT_H 1
| #define HAVE_STRINGS_H 1
| #define HAVE_SYS_STAT_H 1
| #define HAVE_SYS_TYPES_H 1
| #define HAVE_UNISTD_H 1
| #define STDC_HEADERS 1
| #define HAVE_ARPA_INET_H 1
| #define HAVE_ARPA_NAMESER_H 1
| #define HAVE_ASM_TERMBITS_H 1
| #define HAVE_ASM_TYPES_H 1
| #define HAVE_ELF_H 1
| #define HAVE_LINK_H 1
| #define HAVE_LINUX_CDROM_H 1
| #define HAVE_LINUX_FILTER_H 1
| #define HAVE_LINUX_FS_H 1
| #define HAVE_LINUX_HDREG_H 1
| #define HAVE_LINUX_HIDRAW_H 1
| #define HAVE_LINUX_INPUT_H 1
| #define HAVE_LINUX_IOCTL_H 1
| #define HAVE_LINUX_MAJOR_H 1
| #define HAVE_LINUX_MEMFD_H 1
| #define HAVE_LINUX_NTSYNC_H 1
| #define HAVE_LINUX_PARAM_H 1
| #define HAVE_LINUX_SERIAL_H 1
| #define HAVE_LINUX_TYPES_H 1
| #define HAVE_LINUX_USERFAULTFD_H 1
| #define HAVE_LINUX_WIRELESS_H 1
| #define HAVE_MNTENT_H 1
| #define HAVE_NETDB_H 1
| #define HAVE_NETINET_IN_H 1
| #define HAVE_NETINET_IN_SYSTM_H 1
| #define HAVE_NETINET_TCP_H 1
| #define HAVE_PWD_H 1
| #define HAVE_SCHED_H 1
| #define HAVE_SCSI_SCSI_H 1
| #define HAVE_SCSI_SCSI_IOCTL_H 1
| #define HAVE_SCSI_SG_H 1
| #define HAVE_SYS_AUXV_H 1
| #define HAVE_SYS_EPOLL_H 1
| #define HAVE_SYS_IPC_H 1
| /* end confdefs.h.  */
| #include <stddef.h>
| #ifdef HAVE_STDIO_H
| # include <stdio.h>
| #endif
| #ifdef HAVE_STDLIB_H
| # include <stdlib.h>
| #endif
| #ifdef HAVE_STRING_H
| # include <string.h>
| #endif
| #ifdef HAVE_INTTYPES_H
| # include <inttypes.h>
| #endif
| #ifdef HAVE_STDINT_H
| # include <stdint.h>
| #endif
| #ifdef HAVE_STRINGS_H
| # include <strings.h>
| #endif
| #ifdef HAVE_SYS_TYPES_H
| # include <sys/types.h>
| #endif
| #ifdef HAVE_SYS_STAT_H
| # include <sys/stat.h>
| #endif
| #ifdef HAVE_UNISTD_H
| # include <unistd.h>
| #endif
| #include <sys/modem.h>
configure:11168: result: no
configure:11174: checking for sys/mtio.h
configure:11174: ccache gcc -m64 -c -march=nocona -mtune=core-avx2 -pipe -O2 -fno-strict-aliasing -fwrapv -mfpmath=sse                         -Wno-error=incompatible-pointer-types -Wno-error=implicit-function-declaration -Wno-error=int-conversion -w -static-libgcc -D_GNU_SOURCE -D_TIME_BITS=64 -D_FILE_OFFSET_BITS=64 -U_FORTIFY_SOURCE -D_FORTIFY_SOURCE=0 -DNDEBUG -D_NDEBUG -D_GNU_SOURCE -D_TIME_BITS=64 -D_FILE_OFFSET_BITS=64 -U_FORTIFY_SOURCE -D_FORTIFY_SOURCE=0 -DNDEBUG -D_NDEBUG conftest.c >&5
configure:11174: $? = 0
configure:11174: result: yes
configure:11180: checking for sys/param.h
configure:11180: ccache gcc -m64 -c -march=nocona -mtune=core-avx2 -pipe -O2 -fno-strict-aliasing -fwrapv -mfpmath=sse                         -Wno-error=incompatible-pointer-types -Wno-error=implicit-function-declaration -Wno-error=int-conversion -w -static-libgcc -D_GNU_SOURCE -D_TIME_BITS=64 -D_FILE_OFFSET_BITS=64 -U_FORTIFY_SOURCE -D_FORTIFY_SOURCE=0 -DNDEBUG -D_NDEBUG -D_GNU_SOURCE -D_TIME_BITS=64 -D_FILE_OFFSET_BITS=64 -U_FORTIFY_SOURCE -D_FORTIFY_SOURCE=0 -DNDEBUG -D_NDEBUG conftest.c >&5
configure:11180: $? = 0
configure:11180: result: yes
configure:11186: checking for sys/personality.h
configure:11186: ccache gcc -m64 -c -march=nocona -mtune=core-avx2 -pipe -O2 -fno-strict-aliasing -fwrapv -mfpmath=sse                         -Wno-error=incompatible-pointer-types -Wno-error=implicit-function-declaration -Wno-error=int-conversion -w -static-libgcc -D_GNU_SOURCE -D_TIME_BITS=64 -D_FILE_OFFSET_BITS=64 -U_FORTIFY_SOURCE -D_FORTIFY_SOURCE=0 -DNDEBUG -D_NDEBUG -D_GNU_SOURCE -D_TIME_BITS=64 -D_FILE_OFFSET_BITS=64 -U_FORTIFY_SOURCE -D_FORTIFY_SOURCE=0 -DNDEBUG -D_NDEBUG conftest.c >&5
configure:11186: $? = 0
configure:11186: result: yes
configure:11192: checking for sys/prctl.h
configure:11192: ccache gcc -m64 -c -march=nocona -mtune=core-avx2 -pipe -O2 -fno-strict-aliasing -fwrapv -mfpmath=sse                         -Wno-error=incompatible-pointer-types -Wno-error=implicit-function-declaration -Wno-error=int-conversion -w -static-libgcc -D_GNU_SOURCE -D_TIME_BITS=64 -D_FILE_OFFSET_BITS=64 -U_FORTIFY_SOURCE -D_FORTIFY_SOURCE=0 -DNDEBUG -D_NDEBUG -D_GNU_SOURCE -D_TIME_BITS=64 -D_FILE_OFFSET_BITS=64 -U_FORTIFY_SOURCE -D_FORTIFY_SOURCE=0 -DNDEBUG -D_NDEBUG conftest.c >&5
configure:11192: $? = 0
configure:11192: result: yes
configure:11198: checking for sys/ptrace.h
configure:11198: ccache gcc -m64 -c -march=nocona -mtune=core-avx2 -pipe -O2 -fno-strict-aliasing -fwrapv -mfpmath=sse                         -Wno-error=incompatible-pointer-types -Wno-error=implicit-function-declaration -Wno-error=int-conversion -w -static-libgcc -D_GNU_SOURCE -D_TIME_BITS=64 -D_FILE_OFFSET_BITS=64 -U_FORTIFY_SOURCE -D_FORTIFY_SOURCE=0 -DNDEBUG -D_NDEBUG -D_GNU_SOURCE -D_TIME_BITS=64 -D_FILE_OFFSET_BITS=64 -U_FORTIFY_SOURCE -D_FORTIFY_SOURCE=0 -DNDEBUG -D_NDEBUG conftest.c >&5
configure:11198: $? = 0
configure:11198: result: yes
configure:11204: checking for sys/queue.h
configure:11204: ccache gcc -m64 -c -march=nocona -mtune=core-avx2 -pipe -O2 -fno-strict-aliasing -fwrapv -mfpmath=sse                         -Wno-error=incompatible-pointer-types -Wno-error=implicit-function-declaration -Wno-error=int-conversion -w -static-libgcc -D_GNU_SOURCE -D_TIME_BITS=64 -D_FILE_OFFSET_BITS=64 -U_FORTIFY_SOURCE -D_FORTIFY_SOURCE=0 -DNDEBUG -D_NDEBUG -D_GNU_SOURCE -D_TIME_BITS=64 -D_FILE_OFFSET_BITS=64 -U_FORTIFY_SOURCE -D_FORTIFY_SOURCE=0 -DNDEBUG -D_NDEBUG conftest.c >&5
configure:11204: $? = 0
configure:11204: result: yes
configure:11210: checking for sys/random.h
configure:11210: ccache gcc -m64 -c -march=nocona -mtune=core-avx2 -pipe -O2 -fno-strict-aliasing -fwrapv -mfpmath=sse                         -Wno-error=incompatible-pointer-types -Wno-error=implicit-function-declaration -Wno-error=int-conversion -w -static-libgcc -D_GNU_SOURCE -D_TIME_BITS=64 -D_FILE_OFFSET_BITS=64 -U_FORTIFY_SOURCE -D_FORTIFY_SOURCE=0 -DNDEBUG -D_NDEBUG -D_GNU_SOURCE -D_TIME_BITS=64 -D_FILE_OFFSET_BITS=64 -U_FORTIFY_SOURCE -D_FORTIFY_SOURCE=0 -DNDEBUG -D_NDEBUG conftest.c >&5
configure:11210: $? = 0
configure:11210: result: yes
configure:11216: checking for sys/resource.h
configure:11216: ccache gcc -m64 -c -march=nocona -mtune=core-avx2 -pipe -O2 -fno-strict-aliasing -fwrapv -mfpmath=sse                         -Wno-error=incompatible-pointer-types -Wno-error=implicit-function-declaration -Wno-error=int-conversion -w -static-libgcc -D_GNU_SOURCE -D_TIME_BITS=64 -D_FILE_OFFSET_BITS=64 -U_FORTIFY_SOURCE -D_FORTIFY_SOURCE=0 -DNDEBUG -D_NDEBUG -D_GNU_SOURCE -D_TIME_BITS=64 -D_FILE_OFFSET_BITS=64 -U_FORTIFY_SOURCE -D_FORTIFY_SOURCE=0 -DNDEBUG -D_NDEBUG conftest.c >&5
configure:11216: $? = 0
configure:11216: result: yes
configure:11222: checking for sys/scsiio.h
configure:11222: ccache gcc -m64 -c -march=nocona -mtune=core-avx2 -pipe -O2 -fno-strict-aliasing -fwrapv -mfpmath=sse                         -Wno-error=incompatible-pointer-types -Wno-error=implicit-function-declaration -Wno-error=int-conversion -w -static-libgcc -D_GNU_SOURCE -D_TIME_BITS=64 -D_FILE_OFFSET_BITS=64 -U_FORTIFY_SOURCE -D_FORTIFY_SOURCE=0 -DNDEBUG -D_NDEBUG -D_GNU_SOURCE -D_TIME_BITS=64 -D_FILE_OFFSET_BITS=64 -U_FORTIFY_SOURCE -D_FORTIFY_SOURCE=0 -DNDEBUG -D_NDEBUG conftest.c >&5
conftest.c:90:10: fatal error: sys/scsiio.h: No such file or directory
   90 | #include <sys/scsiio.h>
      |          ^~~~~~~~~~~~~~
compilation terminated.
configure:11222: $? = 1
configure: failed program was:
| /* confdefs.h */
| #define PACKAGE_NAME "Wine"
| #define PACKAGE_TARNAME "wine"
| #define PACKAGE_VERSION "11.8"
| #define PACKAGE_STRING "Wine 11.8"
| #define PACKAGE_BUGREPORT "wine-devel@winehq.org"
| #define PACKAGE_URL "https://www.winehq.org"
| #define EXEEXT ""
| #define HAVE_STDIO_H 1
| #define HAVE_STDLIB_H 1
| #define HAVE_STRING_H 1
| #define HAVE_INTTYPES_H 1
| #define HAVE_STDINT_H 1
| #define HAVE_STRINGS_H 1
| #define HAVE_SYS_STAT_H 1
| #define HAVE_SYS_TYPES_H 1
| #define HAVE_UNISTD_H 1
| #define STDC_HEADERS 1
| #define HAVE_ARPA_INET_H 1
| #define HAVE_ARPA_NAMESER_H 1
| #define HAVE_ASM_TERMBITS_H 1
| #define HAVE_ASM_TYPES_H 1
| #define HAVE_ELF_H 1
| #define HAVE_LINK_H 1
| #define HAVE_LINUX_CDROM_H 1
| #define HAVE_LINUX_FILTER_H 1
| #define HAVE_LINUX_FS_H 1
| #define HAVE_LINUX_HDREG_H 1
| #define HAVE_LINUX_HIDRAW_H 1
| #define HAVE_LINUX_INPUT_H 1
| #define HAVE_LINUX_IOCTL_H 1
| #define HAVE_LINUX_MAJOR_H 1
| #define HAVE_LINUX_MEMFD_H 1
| #define HAVE_LINUX_NTSYNC_H 1
| #define HAVE_LINUX_PARAM_H 1
| #define HAVE_LINUX_SERIAL_H 1
| #define HAVE_LINUX_TYPES_H 1
| #define HAVE_LINUX_USERFAULTFD_H 1
| #define HAVE_LINUX_WIRELESS_H 1
| #define HAVE_MNTENT_H 1
| #define HAVE_NETDB_H 1
| #define HAVE_NETINET_IN_H 1
| #define HAVE_NETINET_IN_SYSTM_H 1
| #define HAVE_NETINET_TCP_H 1
| #define HAVE_PWD_H 1
| #define HAVE_SCHED_H 1
| #define HAVE_SCSI_SCSI_H 1
| #define HAVE_SCSI_SCSI_IOCTL_H 1
| #define HAVE_SCSI_SG_H 1
| #define HAVE_SYS_AUXV_H 1
| #define HAVE_SYS_EPOLL_H 1
| #define HAVE_SYS_IPC_H 1
| #define HAVE_SYS_MTIO_H 1
| #define HAVE_SYS_PARAM_H 1
| #define HAVE_SYS_PERSONALITY_H 1
| #define HAVE_SYS_PRCTL_H 1
| #define HAVE_SYS_PTRACE_H 1
| #define HAVE_SYS_QUEUE_H 1
| #define HAVE_SYS_RANDOM_H 1
| #define HAVE_SYS_RESOURCE_H 1
| /* end confdefs.h.  */
| #include <stddef.h>
| #ifdef HAVE_STDIO_H
| # include <stdio.h>
| #endif
| #ifdef HAVE_STDLIB_H
| # include <stdlib.h>
| #endif
| #ifdef HAVE_STRING_H
| # include <string.h>
| #endif
| #ifdef HAVE_INTTYPES_H
| # include <inttypes.h>
| #endif
| #ifdef HAVE_STDINT_H
| # include <stdint.h>
| #endif
| #ifdef HAVE_STRINGS_H
| # include <strings.h>
| #endif
| #ifdef HAVE_SYS_TYPES_H
| # include <sys/types.h>
| #endif
| #ifdef HAVE_SYS_STAT_H
| # include <sys/stat.h>
| #endif
| #ifdef HAVE_UNISTD_H
| # include <unistd.h>
| #endif
| #include <sys/scsiio.h>
configure:11222: result: no
configure:11228: checking for sys/shm.h
configure:11228: ccache gcc -m64 -c -march=nocona -mtune=core-avx2 -pipe -O2 -fno-strict-aliasing -fwrapv -mfpmath=sse                         -Wno-error=incompatible-pointer-types -Wno-error=implicit-function-declaration -Wno-error=int-conversion -w -static-libgcc -D_GNU_SOURCE -D_TIME_BITS=64 -D_FILE_OFFSET_BITS=64 -U_FORTIFY_SOURCE -D_FORTIFY_SOURCE=0 -DNDEBUG -D_NDEBUG -D_GNU_SOURCE -D_TIME_BITS=64 -D_FILE_OFFSET_BITS=64 -U_FORTIFY_SOURCE -D_FORTIFY_SOURCE=0 -DNDEBUG -D_NDEBUG conftest.c >&5
configure:11228: $? = 0
configure:11228: result: yes
configure:11234: checking for sys/signal.h
configure:11234: ccache gcc -m64 -c -march=nocona -mtune=core-avx2 -pipe -O2 -fno-strict-aliasing -fwrapv -mfpmath=sse                         -Wno-error=incompatible-pointer-types -Wno-error=implicit-function-declaration -Wno-error=int-conversion -w -static-libgcc -D_GNU_SOURCE -D_TIME_BITS=64 -D_FILE_OFFSET_BITS=64 -U_FORTIFY_SOURCE -D_FORTIFY_SOURCE=0 -DNDEBUG -D_NDEBUG -D_GNU_SOURCE -D_TIME_BITS=64 -D_FILE_OFFSET_BITS=64 -U_FORTIFY_SOURCE -D_FORTIFY_SOURCE=0 -DNDEBUG -D_NDEBUG conftest.c >&5
configure:11234: $? = 0
configure:11234: result: yes
configure:11240: checking for sys/socketvar.h
configure:11240: ccache gcc -m64 -c -march=nocona -mtune=core-avx2 -pipe -O2 -fno-strict-aliasing -fwrapv -mfpmath=sse                         -Wno-error=incompatible-pointer-types -Wno-error=implicit-function-declaration -Wno-error=int-conversion -w -static-libgcc -D_GNU_SOURCE -D_TIME_BITS=64 -D_FILE_OFFSET_BITS=64 -U_FORTIFY_SOURCE -D_FORTIFY_SOURCE=0 -DNDEBUG -D_NDEBUG -D_GNU_SOURCE -D_TIME_BITS=64 -D_FILE_OFFSET_BITS=64 -U_FORTIFY_SOURCE -D_FORTIFY_SOURCE=0 -DNDEBUG -D_NDEBUG conftest.c >&5
configure:11240: $? = 0
configure:11240: result: yes
configure:11246: checking for sys/sockio.h
configure:11246: ccache gcc -m64 -c -march=nocona -mtune=core-avx2 -pipe -O2 -fno-strict-aliasing -fwrapv -mfpmath=sse                         -Wno-error=incompatible-pointer-types -Wno-error=implicit-function-declaration -Wno-error=int-conversion -w -static-libgcc -D_GNU_SOURCE -D_TIME_BITS=64 -D_FILE_OFFSET_BITS=64 -U_FORTIFY_SOURCE -D_FORTIFY_SOURCE=0 -DNDEBUG -D_NDEBUG -D_GNU_SOURCE -D_TIME_BITS=64 -D_FILE_OFFSET_BITS=64 -U_FORTIFY_SOURCE -D_FORTIFY_SOURCE=0 -DNDEBUG -D_NDEBUG conftest.c >&5
conftest.c:93:10: fatal error: sys/sockio.h: No such file or directory
   93 | #include <sys/sockio.h>
      |          ^~~~~~~~~~~~~~
compilation terminated.
configure:11246: $? = 1
configure: failed program was:
| /* confdefs.h */
| #define PACKAGE_NAME "Wine"
| #define PACKAGE_TARNAME "wine"
| #define PACKAGE_VERSION "11.8"
| #define PACKAGE_STRING "Wine 11.8"
| #define PACKAGE_BUGREPORT "wine-devel@winehq.org"
| #define PACKAGE_URL "https://www.winehq.org"
| #define EXEEXT ""
| #define HAVE_STDIO_H 1
| #define HAVE_STDLIB_H 1
| #define HAVE_STRING_H 1
| #define HAVE_INTTYPES_H 1
| #define HAVE_STDINT_H 1
| #define HAVE_STRINGS_H 1
| #define HAVE_SYS_STAT_H 1
| #define HAVE_SYS_TYPES_H 1
| #define HAVE_UNISTD_H 1
| #define STDC_HEADERS 1
| #define HAVE_ARPA_INET_H 1
| #define HAVE_ARPA_NAMESER_H 1
| #define HAVE_ASM_TERMBITS_H 1
| #define HAVE_ASM_TYPES_H 1
| #define HAVE_ELF_H 1
| #define HAVE_LINK_H 1
| #define HAVE_LINUX_CDROM_H 1
| #define HAVE_LINUX_FILTER_H 1
| #define HAVE_LINUX_FS_H 1
| #define HAVE_LINUX_HDREG_H 1
| #define HAVE_LINUX_HIDRAW_H 1
| #define HAVE_LINUX_INPUT_H 1
| #define HAVE_LINUX_IOCTL_H 1
| #define HAVE_LINUX_MAJOR_H 1
| #define HAVE_LINUX_MEMFD_H 1
| #define HAVE_LINUX_NTSYNC_H 1
| #define HAVE_LINUX_PARAM_H 1
| #define HAVE_LINUX_SERIAL_H 1
| #define HAVE_LINUX_TYPES_H 1
| #define HAVE_LINUX_USERFAULTFD_H 1
| #define HAVE_LINUX_WIRELESS_H 1
| #define HAVE_MNTENT_H 1
| #define HAVE_NETDB_H 1
| #define HAVE_NETINET_IN_H 1
| #define HAVE_NETINET_IN_SYSTM_H 1
| #define HAVE_NETINET_TCP_H 1
| #define HAVE_PWD_H 1
| #define HAVE_SCHED_H 1
| #define HAVE_SCSI_SCSI_H 1
| #define HAVE_SCSI_SCSI_IOCTL_H 1
| #define HAVE_SCSI_SG_H 1
| #define HAVE_SYS_AUXV_H 1
| #define HAVE_SYS_EPOLL_H 1
| #define HAVE_SYS_IPC_H 1
| #define HAVE_SYS_MTIO_H 1
| #define HAVE_SYS_PARAM_H 1
| #define HAVE_SYS_PERSONALITY_H 1
| #define HAVE_SYS_PRCTL_H 1
| #define HAVE_SYS_PTRACE_H 1
| #define HAVE_SYS_QUEUE_H 1
| #define HAVE_SYS_RANDOM_H 1
| #define HAVE_SYS_RESOURCE_H 1
| #define HAVE_SYS_SHM_H 1
| #define HAVE_SYS_SIGNAL_H 1
| #define HAVE_SYS_SOCKETVAR_H 1
| /* end confdefs.h.  */
| #include <stddef.h>
| #ifdef HAVE_STDIO_H
| # include <stdio.h>
| #endif
| #ifdef HAVE_STDLIB_H
| # include <stdlib.h>
| #endif
| #ifdef HAVE_STRING_H
| # include <string.h>
| #endif
| #ifdef HAVE_INTTYPES_H
| # include <inttypes.h>
| #endif
| #ifdef HAVE_STDINT_H
| # include <stdint.h>
| #endif
| #ifdef HAVE_STRINGS_H
| # include <strings.h>
| #endif
| #ifdef HAVE_SYS_TYPES_H
| # include <sys/types.h>
| #endif
| #ifdef HAVE_SYS_STAT_H
| # include <sys/stat.h>
| #endif
| #ifdef HAVE_UNISTD_H
| # include <unistd.h>
| #endif
| #include <sys/sockio.h>
configure:11246: result: no
configure:11252: checking for sys/statvfs.h
configure:11252: ccache gcc -m64 -c -march=nocona -mtune=core-avx2 -pipe -O2 -fno-strict-aliasing -fwrapv -mfpmath=sse                         -Wno-error=incompatible-pointer-types -Wno-error=implicit-function-declaration -Wno-error=int-conversion -w -static-libgcc -D_GNU_SOURCE -D_TIME_BITS=64 -D_FILE_OFFSET_BITS=64 -U_FORTIFY_SOURCE -D_FORTIFY_SOURCE=0 -DNDEBUG -D_NDEBUG -D_GNU_SOURCE -D_TIME_BITS=64 -D_FILE_OFFSET_BITS=64 -U_FORTIFY_SOURCE -D_FORTIFY_SOURCE=0 -DNDEBUG -D_NDEBUG conftest.c >&5
configure:11252: $? = 0
configure:11252: result: yes
configure:11258: checking for sys/strtio.h
configure:11258: ccache gcc -m64 -c -march=nocona -mtune=core-avx2 -pipe -O2 -fno-strict-aliasing -fwrapv -mfpmath=sse                         -Wno-error=incompatible-pointer-types -Wno-error=implicit-function-declaration -Wno-error=int-conversion -w -static-libgcc -D_GNU_SOURCE -D_TIME_BITS=64 -D_FILE_OFFSET_BITS=64 -U_FORTIFY_SOURCE -D_FORTIFY_SOURCE=0 -DNDEBUG -D_NDEBUG -D_GNU_SOURCE -D_TIME_BITS=64 -D_FILE_OFFSET_BITS=64 -U_FORTIFY_SOURCE -D_FORTIFY_SOURCE=0 -DNDEBUG -D_NDEBUG conftest.c >&5
conftest.c:94:10: fatal error: sys/strtio.h: No such file or directory
   94 | #include <sys/strtio.h>
      |          ^~~~~~~~~~~~~~
compilation terminated.
configure:11258: $? = 1
configure: failed program was:
| /* confdefs.h */
| #define PACKAGE_NAME "Wine"
| #define PACKAGE_TARNAME "wine"
| #define PACKAGE_VERSION "11.8"
| #define PACKAGE_STRING "Wine 11.8"
| #define PACKAGE_BUGREPORT "wine-devel@winehq.org"
| #define PACKAGE_URL "https://www.winehq.org"
| #define EXEEXT ""
| #define HAVE_STDIO_H 1
| #define HAVE_STDLIB_H 1
| #define HAVE_STRING_H 1
| #define HAVE_INTTYPES_H 1
| #define HAVE_STDINT_H 1
| #define HAVE_STRINGS_H 1
| #define HAVE_SYS_STAT_H 1
| #define HAVE_SYS_TYPES_H 1
| #define HAVE_UNISTD_H 1
| #define STDC_HEADERS 1
| #define HAVE_ARPA_INET_H 1
| #define HAVE_ARPA_NAMESER_H 1
| #define HAVE_ASM_TERMBITS_H 1
| #define HAVE_ASM_TYPES_H 1
| #define HAVE_ELF_H 1
| #define HAVE_LINK_H 1
| #define HAVE_LINUX_CDROM_H 1
| #define HAVE_LINUX_FILTER_H 1
| #define HAVE_LINUX_FS_H 1
| #define HAVE_LINUX_HDREG_H 1
| #define HAVE_LINUX_HIDRAW_H 1
| #define HAVE_LINUX_INPUT_H 1
| #define HAVE_LINUX_IOCTL_H 1
| #define HAVE_LINUX_MAJOR_H 1
| #define HAVE_LINUX_MEMFD_H 1
| #define HAVE_LINUX_NTSYNC_H 1
| #define HAVE_LINUX_PARAM_H 1
| #define HAVE_LINUX_SERIAL_H 1
| #define HAVE_LINUX_TYPES_H 1
| #define HAVE_LINUX_USERFAULTFD_H 1
| #define HAVE_LINUX_WIRELESS_H 1
| #define HAVE_MNTENT_H 1
| #define HAVE_NETDB_H 1
| #define HAVE_NETINET_IN_H 1
| #define HAVE_NETINET_IN_SYSTM_H 1
| #define HAVE_NETINET_TCP_H 1
| #define HAVE_PWD_H 1
| #define HAVE_SCHED_H 1
| #define HAVE_SCSI_SCSI_H 1
| #define HAVE_SCSI_SCSI_IOCTL_H 1
| #define HAVE_SCSI_SG_H 1
| #define HAVE_SYS_AUXV_H 1
| #define HAVE_SYS_EPOLL_H 1
| #define HAVE_SYS_IPC_H 1
| #define HAVE_SYS_MTIO_H 1
| #define HAVE_SYS_PARAM_H 1
| #define HAVE_SYS_PERSONALITY_H 1
| #define HAVE_SYS_PRCTL_H 1
| #define HAVE_SYS_PTRACE_H 1
| #define HAVE_SYS_QUEUE_H 1
| #define HAVE_SYS_RANDOM_H 1
| #define HAVE_SYS_RESOURCE_H 1
| #define HAVE_SYS_SHM_H 1
| #define HAVE_SYS_SIGNAL_H 1
| #define HAVE_SYS_SOCKETVAR_H 1
| #define HAVE_SYS_STATVFS_H 1
| /* end confdefs.h.  */
| #include <stddef.h>
| #ifdef HAVE_STDIO_H
| # include <stdio.h>
| #endif
| #ifdef HAVE_STDLIB_H
| # include <stdlib.h>
| #endif
| #ifdef HAVE_STRING_H
| # include <string.h>
| #endif
| #ifdef HAVE_INTTYPES_H
| # include <inttypes.h>
| #endif
| #ifdef HAVE_STDINT_H
| # include <stdint.h>
| #endif
| #ifdef HAVE_STRINGS_H
| # include <strings.h>
| #endif
| #ifdef HAVE_SYS_TYPES_H
| # include <sys/types.h>
| #endif
| #ifdef HAVE_SYS_STAT_H
| # include <sys/stat.h>
| #endif
| #ifdef HAVE_UNISTD_H
| # include <unistd.h>
| #endif
| #include <sys/strtio.h>
configure:11258: result: no
configure:11264: checking for sys/syscall.h
configure:11264: ccache gcc -m64 -c -march=nocona -mtune=core-avx2 -pipe -O2 -fno-strict-aliasing -fwrapv -mfpmath=sse                         -Wno-error=incompatible-pointer-types -Wno-error=implicit-function-declaration -Wno-error=int-conversion -w -static-libgcc -D_GNU_SOURCE -D_TIME_BITS=64 -D_FILE_OFFSET_BITS=64 -U_FORTIFY_SOURCE -D_FORTIFY_SOURCE=0 -DNDEBUG -D_NDEBUG -D_GNU_SOURCE -D_TIME_BITS=64 -D_FILE_OFFSET_BITS=64 -U_FORTIFY_SOURCE -D_FORTIFY_SOURCE=0 -DNDEBUG -D_NDEBUG conftest.c >&5
configure:11264: $? = 0
configure:11264: result: yes
configure:11270: checking for sys/sysinfo.h
configure:11270: ccache gcc -m64 -c -march=nocona -mtune=core-avx2 -pipe -O2 -fno-strict-aliasing -fwrapv -mfpmath=sse                         -Wno-error=incompatible-pointer-types -Wno-error=implicit-function-declaration -Wno-error=int-conversion -w -static-libgcc -D_GNU_SOURCE -D_TIME_BITS=64 -D_FILE_OFFSET_BITS=64 -U_FORTIFY_SOURCE -D_FORTIFY_SOURCE=0 -DNDEBUG -D_NDEBUG -D_GNU_SOURCE -D_TIME_BITS=64 -D_FILE_OFFSET_BITS=64 -U_FORTIFY_SOURCE -D_FORTIFY_SOURCE=0 -DNDEBUG -D_NDEBUG conftest.c >&5
configure:11270: $? = 0
configure:11270: result: yes
configure:11276: checking for sys/times.h
configure:11276: ccache gcc -m64 -c -march=nocona -mtune=core-avx2 -pipe -O2 -fno-strict-aliasing -fwrapv -mfpmath=sse                         -Wno-error=incompatible-pointer-types -Wno-error=implicit-function-declaration -Wno-error=int-conversion -w -static-libgcc -D_GNU_SOURCE -D_TIME_BITS=64 -D_FILE_OFFSET_BITS=64 -U_FORTIFY_SOURCE -D_FORTIFY_SOURCE=0 -DNDEBUG -D_NDEBUG -D_GNU_SOURCE -D_TIME_BITS=64 -D_FILE_OFFSET_BITS=64 -U_FORTIFY_SOURCE -D_FORTIFY_SOURCE=0 -DNDEBUG -D_NDEBUG conftest.c >&5
configure:11276: $? = 0
configure:11276: result: yes
configure:11282: checking for sys/uio.h
configure:11282: ccache gcc -m64 -c -march=nocona -mtune=core-avx2 -pipe -O2 -fno-strict-aliasing -fwrapv -mfpmath=sse                         -Wno-error=incompatible-pointer-types -Wno-error=implicit-function-declaration -Wno-error=int-conversion -w -static-libgcc -D_GNU_SOURCE -D_TIME_BITS=64 -D_FILE_OFFSET_BITS=64 -U_FORTIFY_SOURCE -D_FORTIFY_SOURCE=0 -DNDEBUG -D_NDEBUG -D_GNU_SOURCE -D_TIME_BITS=64 -D_FILE_OFFSET_BITS=64 -U_FORTIFY_SOURCE -D_FORTIFY_SOURCE=0 -DNDEBUG -D_NDEBUG conftest.c >&5
configure:11282: $? = 0
configure:11282: result: yes
configure:11288: checking for sys/user.h
configure:11288: ccache gcc -m64 -c -march=nocona -mtune=core-avx2 -pipe -O2 -fno-strict-aliasing -fwrapv -mfpmath=sse                         -Wno-error=incompatible-pointer-types -Wno-error=implicit-function-declaration -Wno-error=int-conversion -w -static-libgcc -D_GNU_SOURCE -D_TIME_BITS=64 -D_FILE_OFFSET_BITS=64 -U_FORTIFY_SOURCE -D_FORTIFY_SOURCE=0 -DNDEBUG -D_NDEBUG -D_GNU_SOURCE -D_TIME_BITS=64 -D_FILE_OFFSET_BITS=64 -U_FORTIFY_SOURCE -D_FORTIFY_SOURCE=0 -DNDEBUG -D_NDEBUG conftest.c >&5
configure:11288: $? = 0
configure:11288: result: yes
configure:11294: checking for sys/utsname.h
configure:11294: ccache gcc -m64 -c -march=nocona -mtune=core-avx2 -pipe -O2 -fno-strict-aliasing -fwrapv -mfpmath=sse                         -Wno-error=incompatible-pointer-types -Wno-error=implicit-function-declaration -Wno-error=int-conversion -w -static-libgcc -D_GNU_SOURCE -D_TIME_BITS=64 -D_FILE_OFFSET_BITS=64 -U_FORTIFY_SOURCE -D_FORTIFY_SOURCE=0 -DNDEBUG -D_NDEBUG -D_GNU_SOURCE -D_TIME_BITS=64 -D_FILE_OFFSET_BITS=64 -U_FORTIFY_SOURCE -D_FORTIFY_SOURCE=0 -DNDEBUG -D_NDEBUG conftest.c >&5
configure:11294: $? = 0
configure:11294: result: yes
configure:11300: checking for sys/vnode.h
configure:11300: ccache gcc -m64 -c -march=nocona -mtune=core-avx2 -pipe -O2 -fno-strict-aliasing -fwrapv -mfpmath=sse                         -Wno-error=incompatible-pointer-types -Wno-error=implicit-function-declaration -Wno-error=int-conversion -w -static-libgcc -D_GNU_SOURCE -D_TIME_BITS=64 -D_FILE_OFFSET_BITS=64 -U_FORTIFY_SOURCE -D_FORTIFY_SOURCE=0 -DNDEBUG -D_NDEBUG -D_GNU_SOURCE -D_TIME_BITS=64 -D_FILE_OFFSET_BITS=64 -U_FORTIFY_SOURCE -D_FORTIFY_SOURCE=0 -DNDEBUG -D_NDEBUG conftest.c >&5
conftest.c:100:10: fatal error: sys/vnode.h: No such file or directory
  100 | #include <sys/vnode.h>
      |          ^~~~~~~~~~~~~
compilation terminated.
configure:11300: $? = 1
configure: failed program was:
| /* confdefs.h */
| #define PACKAGE_NAME "Wine"
| #define PACKAGE_TARNAME "wine"
| #define PACKAGE_VERSION "11.8"
| #define PACKAGE_STRING "Wine 11.8"
| #define PACKAGE_BUGREPORT "wine-devel@winehq.org"
| #define PACKAGE_URL "https://www.winehq.org"
| #define EXEEXT ""
| #define HAVE_STDIO_H 1
| #define HAVE_STDLIB_H 1
| #define HAVE_STRING_H 1
| #define HAVE_INTTYPES_H 1
| #define HAVE_STDINT_H 1
| #define HAVE_STRINGS_H 1
| #define HAVE_SYS_STAT_H 1
| #define HAVE_SYS_TYPES_H 1
| #define HAVE_UNISTD_H 1
| #define STDC_HEADERS 1
| #define HAVE_ARPA_INET_H 1
| #define HAVE_ARPA_NAMESER_H 1
| #define HAVE_ASM_TERMBITS_H 1
| #define HAVE_ASM_TYPES_H 1
| #define HAVE_ELF_H 1
| #define HAVE_LINK_H 1
| #define HAVE_LINUX_CDROM_H 1
| #define HAVE_LINUX_FILTER_H 1
| #define HAVE_LINUX_FS_H 1
| #define HAVE_LINUX_HDREG_H 1
| #define HAVE_LINUX_HIDRAW_H 1
| #define HAVE_LINUX_INPUT_H 1
| #define HAVE_LINUX_IOCTL_H 1
| #define HAVE_LINUX_MAJOR_H 1
| #define HAVE_LINUX_MEMFD_H 1
| #define HAVE_LINUX_NTSYNC_H 1
| #define HAVE_LINUX_PARAM_H 1
| #define HAVE_LINUX_SERIAL_H 1
| #define HAVE_LINUX_TYPES_H 1
| #define HAVE_LINUX_USERFAULTFD_H 1
| #define HAVE_LINUX_WIRELESS_H 1
| #define HAVE_MNTENT_H 1
| #define HAVE_NETDB_H 1
| #define HAVE_NETINET_IN_H 1
| #define HAVE_NETINET_IN_SYSTM_H 1
| #define HAVE_NETINET_TCP_H 1
| #define HAVE_PWD_H 1
| #define HAVE_SCHED_H 1
| #define HAVE_SCSI_SCSI_H 1
| #define HAVE_SCSI_SCSI_IOCTL_H 1
| #define HAVE_SCSI_SG_H 1
| #define HAVE_SYS_AUXV_H 1
| #define HAVE_SYS_EPOLL_H 1
| #define HAVE_SYS_IPC_H 1
| #define HAVE_SYS_MTIO_H 1
| #define HAVE_SYS_PARAM_H 1
| #define HAVE_SYS_PERSONALITY_H 1
| #define HAVE_SYS_PRCTL_H 1
| #define HAVE_SYS_PTRACE_H 1
| #define HAVE_SYS_QUEUE_H 1
| #define HAVE_SYS_RANDOM_H 1
| #define HAVE_SYS_RESOURCE_H 1
| #define HAVE_SYS_SHM_H 1
| #define HAVE_SYS_SIGNAL_H 1
| #define HAVE_SYS_SOCKETVAR_H 1
| #define HAVE_SYS_STATVFS_H 1
| #define HAVE_SYS_SYSCALL_H 1
| #define HAVE_SYS_SYSINFO_H 1
| #define HAVE_SYS_TIMES_H 1
| #define HAVE_SYS_UIO_H 1
| #define HAVE_SYS_USER_H 1
| #define HAVE_SYS_UTSNAME_H 1
| /* end confdefs.h.  */
| #include <stddef.h>
| #ifdef HAVE_STDIO_H
| # include <stdio.h>
| #endif
| #ifdef HAVE_STDLIB_H
| # include <stdlib.h>
| #endif
| #ifdef HAVE_STRING_H
| # include <string.h>
| #endif
| #ifdef HAVE_INTTYPES_H
| # include <inttypes.h>
| #endif
| #ifdef HAVE_STDINT_H
| # include <stdint.h>
| #endif
| #ifdef HAVE_STRINGS_H
| # include <strings.h>
| #endif
| #ifdef HAVE_SYS_TYPES_H
| # include <sys/types.h>
| #endif
| #ifdef HAVE_SYS_STAT_H
| # include <sys/stat.h>
| #endif
| #ifdef HAVE_UNISTD_H
| # include <unistd.h>
| #endif
| #include <sys/vnode.h>
configure:11300: result: no
configure:11306: checking for sys/xattr.h
configure:11306: ccache gcc -m64 -c -march=nocona -mtune=core-avx2 -pipe -O2 -fno-strict-aliasing -fwrapv -mfpmath=sse                         -Wno-error=incompatible-pointer-types -Wno-error=implicit-function-declaration -Wno-error=int-conversion -w -static-libgcc -D_GNU_SOURCE -D_TIME_BITS=64 -D_FILE_OFFSET_BITS=64 -U_FORTIFY_SOURCE -D_FORTIFY_SOURCE=0 -DNDEBUG -D_NDEBUG -D_GNU_SOURCE -D_TIME_BITS=64 -D_FILE_OFFSET_BITS=64 -U_FORTIFY_SOURCE -D_FORTIFY_SOURCE=0 -DNDEBUG -D_NDEBUG conftest.c >&5
configure:11306: $? = 0
configure:11306: result: yes
configure:11312: checking for syscall.h
configure:11312: ccache gcc -m64 -c -march=nocona -mtune=core-avx2 -pipe -O2 -fno-strict-aliasing -fwrapv -mfpmath=sse                         -Wno-error=incompatible-pointer-types -Wno-error=implicit-function-declaration -Wno-error=int-conversion -w -static-libgcc -D_GNU_SOURCE -D_TIME_BITS=64 -D_FILE_OFFSET_BITS=64 -U_FORTIFY_SOURCE -D_FORTIFY_SOURCE=0 -DNDEBUG -D_NDEBUG -D_GNU_SOURCE -D_TIME_BITS=64 -D_FILE_OFFSET_BITS=64 -U_FORTIFY_SOURCE -D_FORTIFY_SOURCE=0 -DNDEBUG -D_NDEBUG conftest.c >&5
configure:11312: $? = 0
configure:11312: result: yes
configure:11318: checking for utime.h
configure:11318: ccache gcc -m64 -c -march=nocona -mtune=core-avx2 -pipe -O2 -fno-strict-aliasing -fwrapv -mfpmath=sse                         -Wno-error=incompatible-pointer-types -Wno-error=implicit-function-declaration -Wno-error=int-conversion -w -static-libgcc -D_GNU_SOURCE -D_TIME_BITS=64 -D_FILE_OFFSET_BITS=64 -U_FORTIFY_SOURCE -D_FORTIFY_SOURCE=0 -DNDEBUG -D_NDEBUG -D_GNU_SOURCE -D_TIME_BITS=64 -D_FILE_OFFSET_BITS=64 -U_FORTIFY_SOURCE -D_FORTIFY_SOURCE=0 -DNDEBUG -D_NDEBUG conftest.c >&5
configure:11318: $? = 0
configure:11318: result: yes
configure:11324: checking for valgrind/memcheck.h
configure:11324: ccache gcc -m64 -c -march=nocona -mtune=core-avx2 -pipe -O2 -fno-strict-aliasing -fwrapv -mfpmath=sse                         -Wno-error=incompatible-pointer-types -Wno-error=implicit-function-declaration -Wno-error=int-conversion -w -static-libgcc -D_GNU_SOURCE -D_TIME_BITS=64 -D_FILE_OFFSET_BITS=64 -U_FORTIFY_SOURCE -D_FORTIFY_SOURCE=0 -DNDEBUG -D_NDEBUG -D_GNU_SOURCE -D_TIME_BITS=64 -D_FILE_OFFSET_BITS=64 -U_FORTIFY_SOURCE -D_FORTIFY_SOURCE=0 -DNDEBUG -D_NDEBUG conftest.c >&5
conftest.c:103:10: fatal error: valgrind/memcheck.h: No such file or directory
  103 | #include <valgrind/memcheck.h>
      |          ^~~~~~~~~~~~~~~~~~~~~
compilation terminated.
configure:11324: $? = 1
configure: failed program was:
| /* confdefs.h */
| #define PACKAGE_NAME "Wine"
| #define PACKAGE_TARNAME "wine"
| #define PACKAGE_VERSION "11.8"
| #define PACKAGE_STRING "Wine 11.8"
| #define PACKAGE_BUGREPORT "wine-devel@winehq.org"
| #define PACKAGE_URL "https://www.winehq.org"
| #define EXEEXT ""
| #define HAVE_STDIO_H 1
| #define HAVE_STDLIB_H 1
| #define HAVE_STRING_H 1
| #define HAVE_INTTYPES_H 1
| #define HAVE_STDINT_H 1
| #define HAVE_STRINGS_H 1
| #define HAVE_SYS_STAT_H 1
| #define HAVE_SYS_TYPES_H 1
| #define HAVE_UNISTD_H 1
| #define STDC_HEADERS 1
| #define HAVE_ARPA_INET_H 1
| #define HAVE_ARPA_NAMESER_H 1
| #define HAVE_ASM_TERMBITS_H 1
| #define HAVE_ASM_TYPES_H 1
| #define HAVE_ELF_H 1
| #define HAVE_LINK_H 1
| #define HAVE_LINUX_CDROM_H 1
| #define HAVE_LINUX_FILTER_H 1
| #define HAVE_LINUX_FS_H 1
| #define HAVE_LINUX_HDREG_H 1
| #define HAVE_LINUX_HIDRAW_H 1
| #define HAVE_LINUX_INPUT_H 1
| #define HAVE_LINUX_IOCTL_H 1
| #define HAVE_LINUX_MAJOR_H 1
| #define HAVE_LINUX_MEMFD_H 1
| #define HAVE_LINUX_NTSYNC_H 1
| #define HAVE_LINUX_PARAM_H 1
| #define HAVE_LINUX_SERIAL_H 1
| #define HAVE_LINUX_TYPES_H 1
| #define HAVE_LINUX_USERFAULTFD_H 1
| #define HAVE_LINUX_WIRELESS_H 1
| #define HAVE_MNTENT_H 1
| #define HAVE_NETDB_H 1
| #define HAVE_NETINET_IN_H 1
| #define HAVE_NETINET_IN_SYSTM_H 1
| #define HAVE_NETINET_TCP_H 1
| #define HAVE_PWD_H 1
| #define HAVE_SCHED_H 1
| #define HAVE_SCSI_SCSI_H 1
| #define HAVE_SCSI_SCSI_IOCTL_H 1
| #define HAVE_SCSI_SG_H 1
| #define HAVE_SYS_AUXV_H 1
| #define HAVE_SYS_EPOLL_H 1
| #define HAVE_SYS_IPC_H 1
| #define HAVE_SYS_MTIO_H 1
| #define HAVE_SYS_PARAM_H 1
| #define HAVE_SYS_PERSONALITY_H 1
| #define HAVE_SYS_PRCTL_H 1
| #define HAVE_SYS_PTRACE_H 1
| #define HAVE_SYS_QUEUE_H 1
| #define HAVE_SYS_RANDOM_H 1
| #define HAVE_SYS_RESOURCE_H 1
| #define HAVE_SYS_SHM_H 1
| #define HAVE_SYS_SIGNAL_H 1
| #define HAVE_SYS_SOCKETVAR_H 1
| #define HAVE_SYS_STATVFS_H 1
| #define HAVE_SYS_SYSCALL_H 1
| #define HAVE_SYS_SYSINFO_H 1
| #define HAVE_SYS_TIMES_H 1
| #define HAVE_SYS_UIO_H 1
| #define HAVE_SYS_USER_H 1
| #define HAVE_SYS_UTSNAME_H 1
| #define HAVE_SYS_XATTR_H 1
| #define HAVE_SYSCALL_H 1
| #define HAVE_UTIME_H 1
| /* end confdefs.h.  */
| #include <stddef.h>
| #ifdef HAVE_STDIO_H
| # include <stdio.h>
| #endif
| #ifdef HAVE_STDLIB_H
| # include <stdlib.h>
| #endif
| #ifdef HAVE_STRING_H
| # include <string.h>
| #endif
| #ifdef HAVE_INTTYPES_H
| # include <inttypes.h>
| #endif
| #ifdef HAVE_STDINT_H
| # include <stdint.h>
| #endif
| #ifdef HAVE_STRINGS_H
| # include <strings.h>
| #endif
| #ifdef HAVE_SYS_TYPES_H
| # include <sys/types.h>
| #endif
| #ifdef HAVE_SYS_STAT_H
| # include <sys/stat.h>
| #endif
| #ifdef HAVE_UNISTD_H
| # include <unistd.h>
| #endif
| #include <valgrind/memcheck.h>
configure:11324: result: no
configure:11330: checking for valgrind/valgrind.h
configure:11330: ccache gcc -m64 -c -march=nocona -mtune=core-avx2 -pipe -O2 -fno-strict-aliasing -fwrapv -mfpmath=sse                         -Wno-error=incompatible-pointer-types -Wno-error=implicit-function-declaration -Wno-error=int-conversion -w -static-libgcc -D_GNU_SOURCE -D_TIME_BITS=64 -D_FILE_OFFSET_BITS=64 -U_FORTIFY_SOURCE -D_FORTIFY_SOURCE=0 -DNDEBUG -D_NDEBUG -D_GNU_SOURCE -D_TIME_BITS=64 -D_FILE_OFFSET_BITS=64 -U_FORTIFY_SOURCE -D_FORTIFY_SOURCE=0 -DNDEBUG -D_NDEBUG conftest.c >&5
conftest.c:103:10: fatal error: valgrind/valgrind.h: No such file or directory
  103 | #include <valgrind/valgrind.h>
      |          ^~~~~~~~~~~~~~~~~~~~~
compilation terminated.
configure:11330: $? = 1
configure: failed program was:
| /* confdefs.h */
| #define PACKAGE_NAME "Wine"
| #define PACKAGE_TARNAME "wine"
| #define PACKAGE_VERSION "11.8"
| #define PACKAGE_STRING "Wine 11.8"
| #define PACKAGE_BUGREPORT "wine-devel@winehq.org"
| #define PACKAGE_URL "https://www.winehq.org"
| #define EXEEXT ""
| #define HAVE_STDIO_H 1
| #define HAVE_STDLIB_H 1
| #define HAVE_STRING_H 1
| #define HAVE_INTTYPES_H 1
| #define HAVE_STDINT_H 1
| #define HAVE_STRINGS_H 1
| #define HAVE_SYS_STAT_H 1
| #define HAVE_SYS_TYPES_H 1
| #define HAVE_UNISTD_H 1
| #define STDC_HEADERS 1
| #define HAVE_ARPA_INET_H 1
| #define HAVE_ARPA_NAMESER_H 1
| #define HAVE_ASM_TERMBITS_H 1
| #define HAVE_ASM_TYPES_H 1
| #define HAVE_ELF_H 1
| #define HAVE_LINK_H 1
| #define HAVE_LINUX_CDROM_H 1
| #define HAVE_LINUX_FILTER_H 1
| #define HAVE_LINUX_FS_H 1
| #define HAVE_LINUX_HDREG_H 1
| #define HAVE_LINUX_HIDRAW_H 1
| #define HAVE_LINUX_INPUT_H 1
| #define HAVE_LINUX_IOCTL_H 1
| #define HAVE_LINUX_MAJOR_H 1
| #define HAVE_LINUX_MEMFD_H 1
| #define HAVE_LINUX_NTSYNC_H 1
| #define HAVE_LINUX_PARAM_H 1
| #define HAVE_LINUX_SERIAL_H 1
| #define HAVE_LINUX_TYPES_H 1
| #define HAVE_LINUX_USERFAULTFD_H 1
| #define HAVE_LINUX_WIRELESS_H 1
| #define HAVE_MNTENT_H 1
| #define HAVE_NETDB_H 1
| #define HAVE_NETINET_IN_H 1
| #define HAVE_NETINET_IN_SYSTM_H 1
| #define HAVE_NETINET_TCP_H 1
| #define HAVE_PWD_H 1
| #define HAVE_SCHED_H 1
| #define HAVE_SCSI_SCSI_H 1
| #define HAVE_SCSI_SCSI_IOCTL_H 1
| #define HAVE_SCSI_SG_H 1
| #define HAVE_SYS_AUXV_H 1
| #define HAVE_SYS_EPOLL_H 1
| #define HAVE_SYS_IPC_H 1
| #define HAVE_SYS_MTIO_H 1
| #define HAVE_SYS_PARAM_H 1
| #define HAVE_SYS_PERSONALITY_H 1
| #define HAVE_SYS_PRCTL_H 1
| #define HAVE_SYS_PTRACE_H 1
| #define HAVE_SYS_QUEUE_H 1
| #define HAVE_SYS_RANDOM_H 1
| #define HAVE_SYS_RESOURCE_H 1
| #define HAVE_SYS_SHM_H 1
| #define HAVE_SYS_SIGNAL_H 1
| #define HAVE_SYS_SOCKETVAR_H 1
| #define HAVE_SYS_STATVFS_H 1
| #define HAVE_SYS_SYSCALL_H 1
| #define HAVE_SYS_SYSINFO_H 1
| #define HAVE_SYS_TIMES_H 1
| #define HAVE_SYS_UIO_H 1
| #define HAVE_SYS_USER_H 1
| #define HAVE_SYS_UTSNAME_H 1
| #define HAVE_SYS_XATTR_H 1
| #define HAVE_SYSCALL_H 1
| #define HAVE_UTIME_H 1
| /* end confdefs.h.  */
| #include <stddef.h>
| #ifdef HAVE_STDIO_H
| # include <stdio.h>
| #endif
| #ifdef HAVE_STDLIB_H
| # include <stdlib.h>
| #endif
| #ifdef HAVE_STRING_H
| # include <string.h>
| #endif
| #ifdef HAVE_INTTYPES_H
| # include <inttypes.h>
| #endif
| #ifdef HAVE_STDINT_H
| # include <stdint.h>
| #endif
| #ifdef HAVE_STRINGS_H
| # include <strings.h>
| #endif
| #ifdef HAVE_SYS_TYPES_H
| # include <sys/types.h>
| #endif
| #ifdef HAVE_SYS_STAT_H
| # include <sys/stat.h>
| #endif
| #ifdef HAVE_UNISTD_H
| # include <unistd.h>
| #endif
| #include <valgrind/valgrind.h>
configure:11330: result: no
configure:11338: checking for sys/mkdev.h
configure:11338: ccache gcc -m64 -c -march=nocona -mtune=core-avx2 -pipe -O2 -fno-strict-aliasing -fwrapv -mfpmath=sse                         -Wno-error=incompatible-pointer-types -Wno-error=implicit-function-declaration -Wno-error=int-conversion -w -static-libgcc -D_GNU_SOURCE -D_TIME_BITS=64 -D_FILE_OFFSET_BITS=64 -U_FORTIFY_SOURCE -D_FORTIFY_SOURCE=0 -DNDEBUG -D_NDEBUG -D_GNU_SOURCE -D_TIME_BITS=64 -D_FILE_OFFSET_BITS=64 -U_FORTIFY_SOURCE -D_FORTIFY_SOURCE=0 -DNDEBUG -D_NDEBUG conftest.c >&5
conftest.c:103:10: fatal error: sys/mkdev.h: No such file or directory
  103 | #include <sys/mkdev.h>
      |          ^~~~~~~~~~~~~
compilation terminated.
configure:11338: $? = 1
configure: failed program was:
| /* confdefs.h */
| #define PACKAGE_NAME "Wine"
| #define PACKAGE_TARNAME "wine"
| #define PACKAGE_VERSION "11.8"
| #define PACKAGE_STRING "Wine 11.8"
| #define PACKAGE_BUGREPORT "wine-devel@winehq.org"
| #define PACKAGE_URL "https://www.winehq.org"
| #define EXEEXT ""
| #define HAVE_STDIO_H 1
| #define HAVE_STDLIB_H 1
| #define HAVE_STRING_H 1
| #define HAVE_INTTYPES_H 1
| #define HAVE_STDINT_H 1
| #define HAVE_STRINGS_H 1
| #define HAVE_SYS_STAT_H 1
| #define HAVE_SYS_TYPES_H 1
| #define HAVE_UNISTD_H 1
| #define STDC_HEADERS 1
| #define HAVE_ARPA_INET_H 1
| #define HAVE_ARPA_NAMESER_H 1
| #define HAVE_ASM_TERMBITS_H 1
| #define HAVE_ASM_TYPES_H 1
| #define HAVE_ELF_H 1
| #define HAVE_LINK_H 1
| #define HAVE_LINUX_CDROM_H 1
| #define HAVE_LINUX_FILTER_H 1
| #define HAVE_LINUX_FS_H 1
| #define HAVE_LINUX_HDREG_H 1
| #define HAVE_LINUX_HIDRAW_H 1
| #define HAVE_LINUX_INPUT_H 1
| #define HAVE_LINUX_IOCTL_H 1
| #define HAVE_LINUX_MAJOR_H 1
| #define HAVE_LINUX_MEMFD_H 1
| #define HAVE_LINUX_NTSYNC_H 1
| #define HAVE_LINUX_PARAM_H 1
| #define HAVE_LINUX_SERIAL_H 1
| #define HAVE_LINUX_TYPES_H 1
| #define HAVE_LINUX_USERFAULTFD_H 1
| #define HAVE_LINUX_WIRELESS_H 1
| #define HAVE_MNTENT_H 1
| #define HAVE_NETDB_H 1
| #define HAVE_NETINET_IN_H 1
| #define HAVE_NETINET_IN_SYSTM_H 1
| #define HAVE_NETINET_TCP_H 1
| #define HAVE_PWD_H 1
| #define HAVE_SCHED_H 1
| #define HAVE_SCSI_SCSI_H 1
| #define HAVE_SCSI_SCSI_IOCTL_H 1
| #define HAVE_SCSI_SG_H 1
| #define HAVE_SYS_AUXV_H 1
| #define HAVE_SYS_EPOLL_H 1
| #define HAVE_SYS_IPC_H 1
| #define HAVE_SYS_MTIO_H 1
| #define HAVE_SYS_PARAM_H 1
| #define HAVE_SYS_PERSONALITY_H 1
| #define HAVE_SYS_PRCTL_H 1
| #define HAVE_SYS_PTRACE_H 1
| #define HAVE_SYS_QUEUE_H 1
| #define HAVE_SYS_RANDOM_H 1
| #define HAVE_SYS_RESOURCE_H 1
| #define HAVE_SYS_SHM_H 1
| #define HAVE_SYS_SIGNAL_H 1
| #define HAVE_SYS_SOCKETVAR_H 1
| #define HAVE_SYS_STATVFS_H 1
| #define HAVE_SYS_SYSCALL_H 1
| #define HAVE_SYS_SYSINFO_H 1
| #define HAVE_SYS_TIMES_H 1
| #define HAVE_SYS_UIO_H 1
| #define HAVE_SYS_USER_H 1
| #define HAVE_SYS_UTSNAME_H 1
| #define HAVE_SYS_XATTR_H 1
| #define HAVE_SYSCALL_H 1
| #define HAVE_UTIME_H 1
| /* end confdefs.h.  */
| #include <stddef.h>
| #ifdef HAVE_STDIO_H
| # include <stdio.h>
| #endif
| #ifdef HAVE_STDLIB_H
| # include <stdlib.h>
| #endif
| #ifdef HAVE_STRING_H
| # include <string.h>
| #endif
| #ifdef HAVE_INTTYPES_H
| # include <inttypes.h>
| #endif
| #ifdef HAVE_STDINT_H
| # include <stdint.h>
| #endif
| #ifdef HAVE_STRINGS_H
| # include <strings.h>
| #endif
| #ifdef HAVE_SYS_TYPES_H
| # include <sys/types.h>
| #endif
| #ifdef HAVE_SYS_STAT_H
| # include <sys/stat.h>
| #endif
| #ifdef HAVE_UNISTD_H
| # include <unistd.h>
| #endif
| #include <sys/mkdev.h>
configure:11338: result: no
configure:11347: checking for sys/sysmacros.h
configure:11347: ccache gcc -m64 -c -march=nocona -mtune=core-avx2 -pipe -O2 -fno-strict-aliasing -fwrapv -mfpmath=sse                         -Wno-error=incompatible-pointer-types -Wno-error=implicit-function-declaration -Wno-error=int-conversion -w -static-libgcc -D_GNU_SOURCE -D_TIME_BITS=64 -D_FILE_OFFSET_BITS=64 -U_FORTIFY_SOURCE -D_FORTIFY_SOURCE=0 -DNDEBUG -D_NDEBUG -D_GNU_SOURCE -D_TIME_BITS=64 -D_FILE_OFFSET_BITS=64 -U_FORTIFY_SOURCE -D_FORTIFY_SOURCE=0 -DNDEBUG -D_NDEBUG conftest.c >&5
configure:11347: $? = 0
configure:11347: result: yes
configure:11359: checking for sys/conf.h
configure:11359: ccache gcc -m64 -c -march=nocona -mtune=core-avx2 -pipe -O2 -fno-strict-aliasing -fwrapv -mfpmath=sse                         -Wno-error=incompatible-pointer-types -Wno-error=implicit-function-declaration -Wno-error=int-conversion -w -static-libgcc -D_GNU_SOURCE -D_TIME_BITS=64 -D_FILE_OFFSET_BITS=64 -U_FORTIFY_SOURCE -D_FORTIFY_SOURCE=0 -DNDEBUG -D_NDEBUG -D_GNU_SOURCE -D_TIME_BITS=64 -D_FILE_OFFSET_BITS=64 -U_FORTIFY_SOURCE -D_FORTIFY_SOURCE=0 -DNDEBUG -D_NDEBUG conftest.c >&5
conftest.c:81:10: fatal error: sys/conf.h: No such file or directory
   81 | #include <sys/conf.h>
      |          ^~~~~~~~~~~~
compilation terminated.
configure:11359: $? = 1
configure: failed program was:
| /* confdefs.h */
| #define PACKAGE_NAME "Wine"
| #define PACKAGE_TARNAME "wine"
| #define PACKAGE_VERSION "11.8"
| #define PACKAGE_STRING "Wine 11.8"
| #define PACKAGE_BUGREPORT "wine-devel@winehq.org"
| #define PACKAGE_URL "https://www.winehq.org"
| #define EXEEXT ""
| #define HAVE_STDIO_H 1
| #define HAVE_STDLIB_H 1
| #define HAVE_STRING_H 1
| #define HAVE_INTTYPES_H 1
| #define HAVE_STDINT_H 1
| #define HAVE_STRINGS_H 1
| #define HAVE_SYS_STAT_H 1
| #define HAVE_SYS_TYPES_H 1
| #define HAVE_UNISTD_H 1
| #define STDC_HEADERS 1
| #define HAVE_ARPA_INET_H 1
| #define HAVE_ARPA_NAMESER_H 1
| #define HAVE_ASM_TERMBITS_H 1
| #define HAVE_ASM_TYPES_H 1
| #define HAVE_ELF_H 1
| #define HAVE_LINK_H 1
| #define HAVE_LINUX_CDROM_H 1
| #define HAVE_LINUX_FILTER_H 1
| #define HAVE_LINUX_FS_H 1
| #define HAVE_LINUX_HDREG_H 1
| #define HAVE_LINUX_HIDRAW_H 1
| #define HAVE_LINUX_INPUT_H 1
| #define HAVE_LINUX_IOCTL_H 1
| #define HAVE_LINUX_MAJOR_H 1
| #define HAVE_LINUX_MEMFD_H 1
| #define HAVE_LINUX_NTSYNC_H 1
| #define HAVE_LINUX_PARAM_H 1
| #define HAVE_LINUX_SERIAL_H 1
| #define HAVE_LINUX_TYPES_H 1
| #define HAVE_LINUX_USERFAULTFD_H 1
| #define HAVE_LINUX_WIRELESS_H 1
| #define HAVE_MNTENT_H 1
| #define HAVE_NETDB_H 1
| #define HAVE_NETINET_IN_H 1
| #define HAVE_NETINET_IN_SYSTM_H 1
| #define HAVE_NETINET_TCP_H 1
| #define HAVE_PWD_H 1
| #define HAVE_SCHED_H 1
| #define HAVE_SCSI_SCSI_H 1
| #define HAVE_SCSI_SCSI_IOCTL_H 1
| #define HAVE_SCSI_SG_H 1
| #define HAVE_SYS_AUXV_H 1
| #define HAVE_SYS_EPOLL_H 1
| #define HAVE_SYS_IPC_H 1
| #define HAVE_SYS_MTIO_H 1
| #define HAVE_SYS_PARAM_H 1
| #define HAVE_SYS_PERSONALITY_H 1
| #define HAVE_SYS_PRCTL_H 1
| #define HAVE_SYS_PTRACE_H 1
| #define HAVE_SYS_QUEUE_H 1
| #define HAVE_SYS_RANDOM_H 1
| #define HAVE_SYS_RESOURCE_H 1
| #define HAVE_SYS_SHM_H 1
| #define HAVE_SYS_SIGNAL_H 1
| #define HAVE_SYS_SOCKETVAR_H 1
| #define HAVE_SYS_STATVFS_H 1
| #define HAVE_SYS_SYSCALL_H 1
| #define HAVE_SYS_SYSINFO_H 1
| #define HAVE_SYS_TIMES_H 1
| #define HAVE_SYS_UIO_H 1
| #define HAVE_SYS_USER_H 1
| #define HAVE_SYS_UTSNAME_H 1
| #define HAVE_SYS_XATTR_H 1
| #define HAVE_SYSCALL_H 1
| #define HAVE_UTIME_H 1
| #define MAJOR_IN_SYSMACROS 1
| /* end confdefs.h.  */
| #include <sys/types.h>
|      #ifdef HAVE_SYS_PARAM_H
|      # include <sys/param.h>
|      #endif
| 
| #include <sys/conf.h>
configure:11359: result: no
configure:11369: checking for sys/mount.h
configure:11369: ccache gcc -m64 -c -march=nocona -mtune=core-avx2 -pipe -O2 -fno-strict-aliasing -fwrapv -mfpmath=sse                         -Wno-error=incompatible-pointer-types -Wno-error=implicit-function-declaration -Wno-error=int-conversion -w -static-libgcc -D_GNU_SOURCE -D_TIME_BITS=64 -D_FILE_OFFSET_BITS=64 -U_FORTIFY_SOURCE -D_FORTIFY_SOURCE=0 -DNDEBUG -D_NDEBUG -D_GNU_SOURCE -D_TIME_BITS=64 -D_FILE_OFFSET_BITS=64 -U_FORTIFY_SOURCE -D_FORTIFY_SOURCE=0 -DNDEBUG -D_NDEBUG conftest.c >&5
configure:11369: $? = 0
configure:11369: result: yes
configure:11379: checking for sys/statfs.h
configure:11379: ccache gcc -m64 -c -march=nocona -mtune=core-avx2 -pipe -O2 -fno-strict-aliasing -fwrapv -mfpmath=sse                         -Wno-error=incompatible-pointer-types -Wno-error=implicit-function-declaration -Wno-error=int-conversion -w -static-libgcc -D_GNU_SOURCE -D_TIME_BITS=64 -D_FILE_OFFSET_BITS=64 -U_FORTIFY_SOURCE -D_FORTIFY_SOURCE=0 -DNDEBUG -D_NDEBUG -D_GNU_SOURCE -D_TIME_BITS=64 -D_FILE_OFFSET_BITS=64 -U_FORTIFY_SOURCE -D_FORTIFY_SOURCE=0 -DNDEBUG -D_NDEBUG conftest.c >&5
configure:11379: $? = 0
configure:11379: result: yes
configure:11389: checking for sys/user.h
configure:11389: result: yes
configure:11399: checking for sys/vfs.h
configure:11399: ccache gcc -m64 -c -march=nocona -mtune=core-avx2 -pipe -O2 -fno-strict-aliasing -fwrapv -mfpmath=sse                         -Wno-error=incompatible-pointer-types -Wno-error=implicit-function-declaration -Wno-error=int-conversion -w -static-libgcc -D_GNU_SOURCE -D_TIME_BITS=64 -D_FILE_OFFSET_BITS=64 -U_FORTIFY_SOURCE -D_FORTIFY_SOURCE=0 -DNDEBUG -D_NDEBUG -D_GNU_SOURCE -D_TIME_BITS=64 -D_FILE_OFFSET_BITS=64 -U_FORTIFY_SOURCE -D_FORTIFY_SOURCE=0 -DNDEBUG -D_NDEBUG conftest.c >&5
configure:11399: $? = 0
configure:11399: result: yes
configure:11413: checking for sys/sysctl.h
configure:11413: ccache gcc -m64 -c -march=nocona -mtune=core-avx2 -pipe -O2 -fno-strict-aliasing -fwrapv -mfpmath=sse                         -Wno-error=incompatible-pointer-types -Wno-error=implicit-function-declaration -Wno-error=int-conversion -w -static-libgcc -D_GNU_SOURCE -D_TIME_BITS=64 -D_FILE_OFFSET_BITS=64 -U_FORTIFY_SOURCE -D_FORTIFY_SOURCE=0 -DNDEBUG -D_NDEBUG -Werror -D_GNU_SOURCE -D_TIME_BITS=64 -D_FILE_OFFSET_BITS=64 -U_FORTIFY_SOURCE -D_FORTIFY_SOURCE=0 -DNDEBUG -D_NDEBUG conftest.c >&5
conftest.c:85:10: fatal error: sys/sysctl.h: No such file or directory
   85 | #include <sys/sysctl.h>
      |          ^~~~~~~~~~~~~~
compilation terminated.
configure:11413: $? = 1
configure: failed program was:
| /* confdefs.h */
| #define PACKAGE_NAME "Wine"
| #define PACKAGE_TARNAME "wine"
| #define PACKAGE_VERSION "11.8"
| #define PACKAGE_STRING "Wine 11.8"
| #define PACKAGE_BUGREPORT "wine-devel@winehq.org"
| #define PACKAGE_URL "https://www.winehq.org"
| #define EXEEXT ""
| #define HAVE_STDIO_H 1
| #define HAVE_STDLIB_H 1
| #define HAVE_STRING_H 1
| #define HAVE_INTTYPES_H 1
| #define HAVE_STDINT_H 1
| #define HAVE_STRINGS_H 1
| #define HAVE_SYS_STAT_H 1
| #define HAVE_SYS_TYPES_H 1
| #define HAVE_UNISTD_H 1
| #define STDC_HEADERS 1
| #define HAVE_ARPA_INET_H 1
| #define HAVE_ARPA_NAMESER_H 1
| #define HAVE_ASM_TERMBITS_H 1
| #define HAVE_ASM_TYPES_H 1
| #define HAVE_ELF_H 1
| #define HAVE_LINK_H 1
| #define HAVE_LINUX_CDROM_H 1
| #define HAVE_LINUX_FILTER_H 1
| #define HAVE_LINUX_FS_H 1
| #define HAVE_LINUX_HDREG_H 1
| #define HAVE_LINUX_HIDRAW_H 1
| #define HAVE_LINUX_INPUT_H 1
| #define HAVE_LINUX_IOCTL_H 1
| #define HAVE_LINUX_MAJOR_H 1
| #define HAVE_LINUX_MEMFD_H 1
| #define HAVE_LINUX_NTSYNC_H 1
| #define HAVE_LINUX_PARAM_H 1
| #define HAVE_LINUX_SERIAL_H 1
| #define HAVE_LINUX_TYPES_H 1
| #define HAVE_LINUX_USERFAULTFD_H 1
| #define HAVE_LINUX_WIRELESS_H 1
| #define HAVE_MNTENT_H 1
| #define HAVE_NETDB_H 1
| #define HAVE_NETINET_IN_H 1
| #define HAVE_NETINET_IN_SYSTM_H 1
| #define HAVE_NETINET_TCP_H 1
| #define HAVE_PWD_H 1
| #define HAVE_SCHED_H 1
| #define HAVE_SCSI_SCSI_H 1
| #define HAVE_SCSI_SCSI_IOCTL_H 1
| #define HAVE_SCSI_SG_H 1
| #define HAVE_SYS_AUXV_H 1
| #define HAVE_SYS_EPOLL_H 1
| #define HAVE_SYS_IPC_H 1
| #define HAVE_SYS_MTIO_H 1
| #define HAVE_SYS_PARAM_H 1
| #define HAVE_SYS_PERSONALITY_H 1
| #define HAVE_SYS_PRCTL_H 1
| #define HAVE_SYS_PTRACE_H 1
| #define HAVE_SYS_QUEUE_H 1
| #define HAVE_SYS_RANDOM_H 1
| #define HAVE_SYS_RESOURCE_H 1
| #define HAVE_SYS_SHM_H 1
| #define HAVE_SYS_SIGNAL_H 1
| #define HAVE_SYS_SOCKETVAR_H 1
| #define HAVE_SYS_STATVFS_H 1
| #define HAVE_SYS_SYSCALL_H 1
| #define HAVE_SYS_SYSINFO_H 1
| #define HAVE_SYS_TIMES_H 1
| #define HAVE_SYS_UIO_H 1
| #define HAVE_SYS_USER_H 1
| #define HAVE_SYS_UTSNAME_H 1
| #define HAVE_SYS_XATTR_H 1
| #define HAVE_SYSCALL_H 1
| #define HAVE_UTIME_H 1
| #define MAJOR_IN_SYSMACROS 1
| #define HAVE_SYS_MOUNT_H 1
| #define HAVE_SYS_STATFS_H 1
| #define HAVE_SYS_USER_H 1
| #define HAVE_SYS_VFS_H 1
| /* end confdefs.h.  */
| #include <sys/types.h>
|      #ifdef HAVE_SYS_PARAM_H
|      # include <sys/param.h>
|      #endif
| 
| #include <sys/sysctl.h>
configure:11413: result: no
configure:11426: checking for netinet/ip.h
configure:11426: ccache gcc -m64 -c -march=nocona -mtune=core-avx2 -pipe -O2 -fno-strict-aliasing -fwrapv -mfpmath=sse                         -Wno-error=incompatible-pointer-types -Wno-error=implicit-function-declaration -Wno-error=int-conversion -w -static-libgcc -D_GNU_SOURCE -D_TIME_BITS=64 -D_FILE_OFFSET_BITS=64 -U_FORTIFY_SOURCE -D_FORTIFY_SOURCE=0 -DNDEBUG -D_NDEBUG -D_GNU_SOURCE -D_TIME_BITS=64 -D_FILE_OFFSET_BITS=64 -U_FORTIFY_SOURCE -D_FORTIFY_SOURCE=0 -DNDEBUG -D_NDEBUG conftest.c >&5
configure:11426: $? = 0
configure:11426: result: yes
configure:11452: checking for net/if.h
configure:11452: ccache gcc -m64 -c -march=nocona -mtune=core-avx2 -pipe -O2 -fno-strict-aliasing -fwrapv -mfpmath=sse                         -Wno-error=incompatible-pointer-types -Wno-error=implicit-function-declaration -Wno-error=int-conversion -w -static-libgcc -D_GNU_SOURCE -D_TIME_BITS=64 -D_FILE_OFFSET_BITS=64 -U_FORTIFY_SOURCE -D_FORTIFY_SOURCE=0 -DNDEBUG -D_NDEBUG -D_GNU_SOURCE -D_TIME_BITS=64 -D_FILE_OFFSET_BITS=64 -U_FORTIFY_SOURCE -D_FORTIFY_SOURCE=0 -DNDEBUG -D_NDEBUG conftest.c >&5
configure:11452: $? = 0
configure:11452: result: yes
configure:11478: checking for net/if_arp.h
configure:11478: ccache gcc -m64 -c -march=nocona -mtune=core-avx2 -pipe -O2 -fno-strict-aliasing -fwrapv -mfpmath=sse                         -Wno-error=incompatible-pointer-types -Wno-error=implicit-function-declaration -Wno-error=int-conversion -w -static-libgcc -D_GNU_SOURCE -D_TIME_BITS=64 -D_FILE_OFFSET_BITS=64 -U_FORTIFY_SOURCE -D_FORTIFY_SOURCE=0 -DNDEBUG -D_NDEBUG -D_GNU_SOURCE -D_TIME_BITS=64 -D_FILE_OFFSET_BITS=64 -U_FORTIFY_SOURCE -D_FORTIFY_SOURCE=0 -DNDEBUG -D_NDEBUG conftest.c >&5
configure:11478: $? = 0
configure:11478: result: yes
configure:11504: checking for net/if_dl.h
configure:11504: ccache gcc -m64 -c -march=nocona -mtune=core-avx2 -pipe -O2 -fno-strict-aliasing -fwrapv -mfpmath=sse                         -Wno-error=incompatible-pointer-types -Wno-error=implicit-function-declaration -Wno-error=int-conversion -w -static-libgcc -D_GNU_SOURCE -D_TIME_BITS=64 -D_FILE_OFFSET_BITS=64 -U_FORTIFY_SOURCE -D_FORTIFY_SOURCE=0 -DNDEBUG -D_NDEBUG -D_GNU_SOURCE -D_TIME_BITS=64 -D_FILE_OFFSET_BITS=64 -U_FORTIFY_SOURCE -D_FORTIFY_SOURCE=0 -DNDEBUG -D_NDEBUG conftest.c >&5
conftest.c:104:10: fatal error: net/if_dl.h: No such file or directory
  104 | #include <net/if_dl.h>
      |          ^~~~~~~~~~~~~
compilation terminated.
configure:11504: $? = 1
configure: failed program was:
| /* confdefs.h */
| #define PACKAGE_NAME "Wine"
| #define PACKAGE_TARNAME "wine"
| #define PACKAGE_VERSION "11.8"
| #define PACKAGE_STRING "Wine 11.8"
| #define PACKAGE_BUGREPORT "wine-devel@winehq.org"
| #define PACKAGE_URL "https://www.winehq.org"
| #define EXEEXT ""
| #define HAVE_STDIO_H 1
| #define HAVE_STDLIB_H 1
| #define HAVE_STRING_H 1
| #define HAVE_INTTYPES_H 1
| #define HAVE_STDINT_H 1
| #define HAVE_STRINGS_H 1
| #define HAVE_SYS_STAT_H 1
| #define HAVE_SYS_TYPES_H 1
| #define HAVE_UNISTD_H 1
| #define STDC_HEADERS 1
| #define HAVE_ARPA_INET_H 1
| #define HAVE_ARPA_NAMESER_H 1
| #define HAVE_ASM_TERMBITS_H 1
| #define HAVE_ASM_TYPES_H 1
| #define HAVE_ELF_H 1
| #define HAVE_LINK_H 1
| #define HAVE_LINUX_CDROM_H 1
| #define HAVE_LINUX_FILTER_H 1
| #define HAVE_LINUX_FS_H 1
| #define HAVE_LINUX_HDREG_H 1
| #define HAVE_LINUX_HIDRAW_H 1
| #define HAVE_LINUX_INPUT_H 1
| #define HAVE_LINUX_IOCTL_H 1
| #define HAVE_LINUX_MAJOR_H 1
| #define HAVE_LINUX_MEMFD_H 1
| #define HAVE_LINUX_NTSYNC_H 1
| #define HAVE_LINUX_PARAM_H 1
| #define HAVE_LINUX_SERIAL_H 1
| #define HAVE_LINUX_TYPES_H 1
| #define HAVE_LINUX_USERFAULTFD_H 1
| #define HAVE_LINUX_WIRELESS_H 1
| #define HAVE_MNTENT_H 1
| #define HAVE_NETDB_H 1
| #define HAVE_NETINET_IN_H 1
| #define HAVE_NETINET_IN_SYSTM_H 1
| #define HAVE_NETINET_TCP_H 1
| #define HAVE_PWD_H 1
| #define HAVE_SCHED_H 1
| #define HAVE_SCSI_SCSI_H 1
| #define HAVE_SCSI_SCSI_IOCTL_H 1
| #define HAVE_SCSI_SG_H 1
| #define HAVE_SYS_AUXV_H 1
| #define HAVE_SYS_EPOLL_H 1
| #define HAVE_SYS_IPC_H 1
| #define HAVE_SYS_MTIO_H 1
| #define HAVE_SYS_PARAM_H 1
| #define HAVE_SYS_PERSONALITY_H 1
| #define HAVE_SYS_PRCTL_H 1
| #define HAVE_SYS_PTRACE_H 1
| #define HAVE_SYS_QUEUE_H 1
| #define HAVE_SYS_RANDOM_H 1
| #define HAVE_SYS_RESOURCE_H 1
| #define HAVE_SYS_SHM_H 1
| #define HAVE_SYS_SIGNAL_H 1
| #define HAVE_SYS_SOCKETVAR_H 1
| #define HAVE_SYS_STATVFS_H 1
| #define HAVE_SYS_SYSCALL_H 1
| #define HAVE_SYS_SYSINFO_H 1
| #define HAVE_SYS_TIMES_H 1
| #define HAVE_SYS_UIO_H 1
| #define HAVE_SYS_USER_H 1
| #define HAVE_SYS_UTSNAME_H 1
| #define HAVE_SYS_XATTR_H 1
| #define HAVE_SYSCALL_H 1
| #define HAVE_UTIME_H 1
| #define MAJOR_IN_SYSMACROS 1
| #define HAVE_SYS_MOUNT_H 1
| #define HAVE_SYS_STATFS_H 1
| #define HAVE_SYS_USER_H 1
| #define HAVE_SYS_VFS_H 1
| #define HAVE_NETINET_IP_H 1
| #define HAVE_NET_IF_H 1
| #define HAVE_NET_IF_ARP_H 1
| /* end confdefs.h.  */
| #include <sys/types.h>
|      #include <sys/socket.h>
|      #ifdef HAVE_SYS_SOCKETVAR_H
|      # include <sys/socketvar.h>
|      #endif
|      #ifdef HAVE_NET_ROUTE_H
|      # include <net/route.h>
|      #endif
|      #ifdef HAVE_NETINET_IN_H
|      # include <netinet/in.h>
|      #endif
|      #ifdef HAVE_NETINET_IN_SYSTM_H
|      # include <netinet/in_systm.h>
|      #endif
|      #ifdef HAVE_NET_IF_H
|      # include <net/if.h>
|      #endif
|      #ifdef HAVE_NETINET_IP_H
|      # include <netinet/ip.h>
|      #endif
| 
| #include <net/if_dl.h>
configure:11504: result: no
configure:11530: checking for net/if_types.h
configure:11530: ccache gcc -m64 -c -march=nocona -mtune=core-avx2 -pipe -O2 -fno-strict-aliasing -fwrapv -mfpmath=sse                         -Wno-error=incompatible-pointer-types -Wno-error=implicit-function-declaration -Wno-error=int-conversion -w -static-libgcc -D_GNU_SOURCE -D_TIME_BITS=64 -D_FILE_OFFSET_BITS=64 -U_FORTIFY_SOURCE -D_FORTIFY_SOURCE=0 -DNDEBUG -D_NDEBUG -D_GNU_SOURCE -D_TIME_BITS=64 -D_FILE_OFFSET_BITS=64 -U_FORTIFY_SOURCE -D_FORTIFY_SOURCE=0 -DNDEBUG -D_NDEBUG conftest.c >&5
conftest.c:104:10: fatal error: net/if_types.h: No such file or directory
  104 | #include <net/if_types.h>
      |          ^~~~~~~~~~~~~~~~
compilation terminated.
configure:11530: $? = 1
configure: failed program was:
| /* confdefs.h */
| #define PACKAGE_NAME "Wine"
| #define PACKAGE_TARNAME "wine"
| #define PACKAGE_VERSION "11.8"
| #define PACKAGE_STRING "Wine 11.8"
| #define PACKAGE_BUGREPORT "wine-devel@winehq.org"
| #define PACKAGE_URL "https://www.winehq.org"
| #define EXEEXT ""
| #define HAVE_STDIO_H 1
| #define HAVE_STDLIB_H 1
| #define HAVE_STRING_H 1
| #define HAVE_INTTYPES_H 1
| #define HAVE_STDINT_H 1
| #define HAVE_STRINGS_H 1
| #define HAVE_SYS_STAT_H 1
| #define HAVE_SYS_TYPES_H 1
| #define HAVE_UNISTD_H 1
| #define STDC_HEADERS 1
| #define HAVE_ARPA_INET_H 1
| #define HAVE_ARPA_NAMESER_H 1
| #define HAVE_ASM_TERMBITS_H 1
| #define HAVE_ASM_TYPES_H 1
| #define HAVE_ELF_H 1
| #define HAVE_LINK_H 1
| #define HAVE_LINUX_CDROM_H 1
| #define HAVE_LINUX_FILTER_H 1
| #define HAVE_LINUX_FS_H 1
| #define HAVE_LINUX_HDREG_H 1
| #define HAVE_LINUX_HIDRAW_H 1
| #define HAVE_LINUX_INPUT_H 1
| #define HAVE_LINUX_IOCTL_H 1
| #define HAVE_LINUX_MAJOR_H 1
| #define HAVE_LINUX_MEMFD_H 1
| #define HAVE_LINUX_NTSYNC_H 1
| #define HAVE_LINUX_PARAM_H 1
| #define HAVE_LINUX_SERIAL_H 1
| #define HAVE_LINUX_TYPES_H 1
| #define HAVE_LINUX_USERFAULTFD_H 1
| #define HAVE_LINUX_WIRELESS_H 1
| #define HAVE_MNTENT_H 1
| #define HAVE_NETDB_H 1
| #define HAVE_NETINET_IN_H 1
| #define HAVE_NETINET_IN_SYSTM_H 1
| #define HAVE_NETINET_TCP_H 1
| #define HAVE_PWD_H 1
| #define HAVE_SCHED_H 1
| #define HAVE_SCSI_SCSI_H 1
| #define HAVE_SCSI_SCSI_IOCTL_H 1
| #define HAVE_SCSI_SG_H 1
| #define HAVE_SYS_AUXV_H 1
| #define HAVE_SYS_EPOLL_H 1
| #define HAVE_SYS_IPC_H 1
| #define HAVE_SYS_MTIO_H 1
| #define HAVE_SYS_PARAM_H 1
| #define HAVE_SYS_PERSONALITY_H 1
| #define HAVE_SYS_PRCTL_H 1
| #define HAVE_SYS_PTRACE_H 1
| #define HAVE_SYS_QUEUE_H 1
| #define HAVE_SYS_RANDOM_H 1
| #define HAVE_SYS_RESOURCE_H 1
| #define HAVE_SYS_SHM_H 1
| #define HAVE_SYS_SIGNAL_H 1
| #define HAVE_SYS_SOCKETVAR_H 1
| #define HAVE_SYS_STATVFS_H 1
| #define HAVE_SYS_SYSCALL_H 1
| #define HAVE_SYS_SYSINFO_H 1
| #define HAVE_SYS_TIMES_H 1
| #define HAVE_SYS_UIO_H 1
| #define HAVE_SYS_USER_H 1
| #define HAVE_SYS_UTSNAME_H 1
| #define HAVE_SYS_XATTR_H 1
| #define HAVE_SYSCALL_H 1
| #define HAVE_UTIME_H 1
| #define MAJOR_IN_SYSMACROS 1
| #define HAVE_SYS_MOUNT_H 1
| #define HAVE_SYS_STATFS_H 1
| #define HAVE_SYS_USER_H 1
| #define HAVE_SYS_VFS_H 1
| #define HAVE_NETINET_IP_H 1
| #define HAVE_NET_IF_H 1
| #define HAVE_NET_IF_ARP_H 1
| /* end confdefs.h.  */
| #include <sys/types.h>
|      #include <sys/socket.h>
|      #ifdef HAVE_SYS_SOCKETVAR_H
|      # include <sys/socketvar.h>
|      #endif
|      #ifdef HAVE_NET_ROUTE_H
|      # include <net/route.h>
|      #endif
|      #ifdef HAVE_NETINET_IN_H
|      # include <netinet/in.h>
|      #endif
|      #ifdef HAVE_NETINET_IN_SYSTM_H
|      # include <netinet/in_systm.h>
|      #endif
|      #ifdef HAVE_NET_IF_H
|      # include <net/if.h>
|      #endif
|      #ifdef HAVE_NETINET_IP_H
|      # include <netinet/ip.h>
|      #endif
| 
| #include <net/if_types.h>
configure:11530: result: no
configure:11556: checking for net/route.h
configure:11556: ccache gcc -m64 -c -march=nocona -mtune=core-avx2 -pipe -O2 -fno-strict-aliasing -fwrapv -mfpmath=sse                         -Wno-error=incompatible-pointer-types -Wno-error=implicit-function-declaration -Wno-error=int-conversion -w -static-libgcc -D_GNU_SOURCE -D_TIME_BITS=64 -D_FILE_OFFSET_BITS=64 -U_FORTIFY_SOURCE -D_FORTIFY_SOURCE=0 -DNDEBUG -D_NDEBUG -D_GNU_SOURCE -D_TIME_BITS=64 -D_FILE_OFFSET_BITS=64 -U_FORTIFY_SOURCE -D_FORTIFY_SOURCE=0 -DNDEBUG -D_NDEBUG conftest.c >&5
configure:11556: $? = 0
configure:11556: result: yes
configure:11582: checking for netinet/if_ether.h
configure:11582: ccache gcc -m64 -c -march=nocona -mtune=core-avx2 -pipe -O2 -fno-strict-aliasing -fwrapv -mfpmath=sse                         -Wno-error=incompatible-pointer-types -Wno-error=implicit-function-declaration -Wno-error=int-conversion -w -static-libgcc -D_GNU_SOURCE -D_TIME_BITS=64 -D_FILE_OFFSET_BITS=64 -U_FORTIFY_SOURCE -D_FORTIFY_SOURCE=0 -DNDEBUG -D_NDEBUG -D_GNU_SOURCE -D_TIME_BITS=64 -D_FILE_OFFSET_BITS=64 -U_FORTIFY_SOURCE -D_FORTIFY_SOURCE=0 -DNDEBUG -D_NDEBUG conftest.c >&5
configure:11582: $? = 0
configure:11582: result: yes
configure:11608: checking for netinet/in_pcb.h
configure:11608: ccache gcc -m64 -c -march=nocona -mtune=core-avx2 -pipe -O2 -fno-strict-aliasing -fwrapv -mfpmath=sse                         -Wno-error=incompatible-pointer-types -Wno-error=implicit-function-declaration -Wno-error=int-conversion -w -static-libgcc -D_GNU_SOURCE -D_TIME_BITS=64 -D_FILE_OFFSET_BITS=64 -U_FORTIFY_SOURCE -D_FORTIFY_SOURCE=0 -DNDEBUG -D_NDEBUG -D_GNU_SOURCE -D_TIME_BITS=64 -D_FILE_OFFSET_BITS=64 -U_FORTIFY_SOURCE -D_FORTIFY_SOURCE=0 -DNDEBUG -D_NDEBUG conftest.c >&5
conftest.c:106:10: fatal error: netinet/in_pcb.h: No such file or directory
  106 | #include <netinet/in_pcb.h>
      |          ^~~~~~~~~~~~~~~~~~
compilation terminated.
configure:11608: $? = 1
configure: failed program was:
| /* confdefs.h */
| #define PACKAGE_NAME "Wine"
| #define PACKAGE_TARNAME "wine"
| #define PACKAGE_VERSION "11.8"
| #define PACKAGE_STRING "Wine 11.8"
| #define PACKAGE_BUGREPORT "wine-devel@winehq.org"
| #define PACKAGE_URL "https://www.winehq.org"
| #define EXEEXT ""
| #define HAVE_STDIO_H 1
| #define HAVE_STDLIB_H 1
| #define HAVE_STRING_H 1
| #define HAVE_INTTYPES_H 1
| #define HAVE_STDINT_H 1
| #define HAVE_STRINGS_H 1
| #define HAVE_SYS_STAT_H 1
| #define HAVE_SYS_TYPES_H 1
| #define HAVE_UNISTD_H 1
| #define STDC_HEADERS 1
| #define HAVE_ARPA_INET_H 1
| #define HAVE_ARPA_NAMESER_H 1
| #define HAVE_ASM_TERMBITS_H 1
| #define HAVE_ASM_TYPES_H 1
| #define HAVE_ELF_H 1
| #define HAVE_LINK_H 1
| #define HAVE_LINUX_CDROM_H 1
| #define HAVE_LINUX_FILTER_H 1
| #define HAVE_LINUX_FS_H 1
| #define HAVE_LINUX_HDREG_H 1
| #define HAVE_LINUX_HIDRAW_H 1
| #define HAVE_LINUX_INPUT_H 1
| #define HAVE_LINUX_IOCTL_H 1
| #define HAVE_LINUX_MAJOR_H 1
| #define HAVE_LINUX_MEMFD_H 1
| #define HAVE_LINUX_NTSYNC_H 1
| #define HAVE_LINUX_PARAM_H 1
| #define HAVE_LINUX_SERIAL_H 1
| #define HAVE_LINUX_TYPES_H 1
| #define HAVE_LINUX_USERFAULTFD_H 1
| #define HAVE_LINUX_WIRELESS_H 1
| #define HAVE_MNTENT_H 1
| #define HAVE_NETDB_H 1
| #define HAVE_NETINET_IN_H 1
| #define HAVE_NETINET_IN_SYSTM_H 1
| #define HAVE_NETINET_TCP_H 1
| #define HAVE_PWD_H 1
| #define HAVE_SCHED_H 1
| #define HAVE_SCSI_SCSI_H 1
| #define HAVE_SCSI_SCSI_IOCTL_H 1
| #define HAVE_SCSI_SG_H 1
| #define HAVE_SYS_AUXV_H 1
| #define HAVE_SYS_EPOLL_H 1
| #define HAVE_SYS_IPC_H 1
| #define HAVE_SYS_MTIO_H 1
| #define HAVE_SYS_PARAM_H 1
| #define HAVE_SYS_PERSONALITY_H 1
| #define HAVE_SYS_PRCTL_H 1
| #define HAVE_SYS_PTRACE_H 1
| #define HAVE_SYS_QUEUE_H 1
| #define HAVE_SYS_RANDOM_H 1
| #define HAVE_SYS_RESOURCE_H 1
| #define HAVE_SYS_SHM_H 1
| #define HAVE_SYS_SIGNAL_H 1
| #define HAVE_SYS_SOCKETVAR_H 1
| #define HAVE_SYS_STATVFS_H 1
| #define HAVE_SYS_SYSCALL_H 1
| #define HAVE_SYS_SYSINFO_H 1
| #define HAVE_SYS_TIMES_H 1
| #define HAVE_SYS_UIO_H 1
| #define HAVE_SYS_USER_H 1
| #define HAVE_SYS_UTSNAME_H 1
| #define HAVE_SYS_XATTR_H 1
| #define HAVE_SYSCALL_H 1
| #define HAVE_UTIME_H 1
| #define MAJOR_IN_SYSMACROS 1
| #define HAVE_SYS_MOUNT_H 1
| #define HAVE_SYS_STATFS_H 1
| #define HAVE_SYS_USER_H 1
| #define HAVE_SYS_VFS_H 1
| #define HAVE_NETINET_IP_H 1
| #define HAVE_NET_IF_H 1
| #define HAVE_NET_IF_ARP_H 1
| #define HAVE_NET_ROUTE_H 1
| #define HAVE_NETINET_IF_ETHER_H 1
| /* end confdefs.h.  */
| #include <sys/types.h>
|      #include <sys/socket.h>
|      #ifdef HAVE_SYS_SOCKETVAR_H
|      # include <sys/socketvar.h>
|      #endif
|      #ifdef HAVE_NET_ROUTE_H
|      # include <net/route.h>
|      #endif
|      #ifdef HAVE_NETINET_IN_H
|      # include <netinet/in.h>
|      #endif
|      #ifdef HAVE_NETINET_IN_SYSTM_H
|      # include <netinet/in_systm.h>
|      #endif
|      #ifdef HAVE_NET_IF_H
|      # include <net/if.h>
|      #endif
|      #ifdef HAVE_NETINET_IP_H
|      # include <netinet/ip.h>
|      #endif
| 
| #include <netinet/in_pcb.h>
configure:11608: result: no
configure:11634: checking for netinet/ip_icmp.h
configure:11634: ccache gcc -m64 -c -march=nocona -mtune=core-avx2 -pipe -O2 -fno-strict-aliasing -fwrapv -mfpmath=sse                         -Wno-error=incompatible-pointer-types -Wno-error=implicit-function-declaration -Wno-error=int-conversion -w -static-libgcc -D_GNU_SOURCE -D_TIME_BITS=64 -D_FILE_OFFSET_BITS=64 -U_FORTIFY_SOURCE -D_FORTIFY_SOURCE=0 -DNDEBUG -D_NDEBUG -D_GNU_SOURCE -D_TIME_BITS=64 -D_FILE_OFFSET_BITS=64 -U_FORTIFY_SOURCE -D_FORTIFY_SOURCE=0 -DNDEBUG -D_NDEBUG conftest.c >&5
configure:11634: $? = 0
configure:11634: result: yes
configure:11660: checking for netinet/ip_var.h
configure:11660: ccache gcc -m64 -c -march=nocona -mtune=core-avx2 -pipe -O2 -fno-strict-aliasing -fwrapv -mfpmath=sse                         -Wno-error=incompatible-pointer-types -Wno-error=implicit-function-declaration -Wno-error=int-conversion -w -static-libgcc -D_GNU_SOURCE -D_TIME_BITS=64 -D_FILE_OFFSET_BITS=64 -U_FORTIFY_SOURCE -D_FORTIFY_SOURCE=0 -DNDEBUG -D_NDEBUG -D_GNU_SOURCE -D_TIME_BITS=64 -D_FILE_OFFSET_BITS=64 -U_FORTIFY_SOURCE -D_FORTIFY_SOURCE=0 -DNDEBUG -D_NDEBUG conftest.c >&5
conftest.c:107:10: fatal error: netinet/ip_var.h: No such file or directory
  107 | #include <netinet/ip_var.h>
      |          ^~~~~~~~~~~~~~~~~~
compilation terminated.
configure:11660: $? = 1
configure: failed program was:
| /* confdefs.h */
| #define PACKAGE_NAME "Wine"
| #define PACKAGE_TARNAME "wine"
| #define PACKAGE_VERSION "11.8"
| #define PACKAGE_STRING "Wine 11.8"
| #define PACKAGE_BUGREPORT "wine-devel@winehq.org"
| #define PACKAGE_URL "https://www.winehq.org"
| #define EXEEXT ""
| #define HAVE_STDIO_H 1
| #define HAVE_STDLIB_H 1
| #define HAVE_STRING_H 1
| #define HAVE_INTTYPES_H 1
| #define HAVE_STDINT_H 1
| #define HAVE_STRINGS_H 1
| #define HAVE_SYS_STAT_H 1
| #define HAVE_SYS_TYPES_H 1
| #define HAVE_UNISTD_H 1
| #define STDC_HEADERS 1
| #define HAVE_ARPA_INET_H 1
| #define HAVE_ARPA_NAMESER_H 1
| #define HAVE_ASM_TERMBITS_H 1
| #define HAVE_ASM_TYPES_H 1
| #define HAVE_ELF_H 1
| #define HAVE_LINK_H 1
| #define HAVE_LINUX_CDROM_H 1
| #define HAVE_LINUX_FILTER_H 1
| #define HAVE_LINUX_FS_H 1
| #define HAVE_LINUX_HDREG_H 1
| #define HAVE_LINUX_HIDRAW_H 1
| #define HAVE_LINUX_INPUT_H 1
| #define HAVE_LINUX_IOCTL_H 1
| #define HAVE_LINUX_MAJOR_H 1
| #define HAVE_LINUX_MEMFD_H 1
| #define HAVE_LINUX_NTSYNC_H 1
| #define HAVE_LINUX_PARAM_H 1
| #define HAVE_LINUX_SERIAL_H 1
| #define HAVE_LINUX_TYPES_H 1
| #define HAVE_LINUX_USERFAULTFD_H 1
| #define HAVE_LINUX_WIRELESS_H 1
| #define HAVE_MNTENT_H 1
| #define HAVE_NETDB_H 1
| #define HAVE_NETINET_IN_H 1
| #define HAVE_NETINET_IN_SYSTM_H 1
| #define HAVE_NETINET_TCP_H 1
| #define HAVE_PWD_H 1
| #define HAVE_SCHED_H 1
| #define HAVE_SCSI_SCSI_H 1
| #define HAVE_SCSI_SCSI_IOCTL_H 1
| #define HAVE_SCSI_SG_H 1
| #define HAVE_SYS_AUXV_H 1
| #define HAVE_SYS_EPOLL_H 1
| #define HAVE_SYS_IPC_H 1
| #define HAVE_SYS_MTIO_H 1
| #define HAVE_SYS_PARAM_H 1
| #define HAVE_SYS_PERSONALITY_H 1
| #define HAVE_SYS_PRCTL_H 1
| #define HAVE_SYS_PTRACE_H 1
| #define HAVE_SYS_QUEUE_H 1
| #define HAVE_SYS_RANDOM_H 1
| #define HAVE_SYS_RESOURCE_H 1
| #define HAVE_SYS_SHM_H 1
| #define HAVE_SYS_SIGNAL_H 1
| #define HAVE_SYS_SOCKETVAR_H 1
| #define HAVE_SYS_STATVFS_H 1
| #define HAVE_SYS_SYSCALL_H 1
| #define HAVE_SYS_SYSINFO_H 1
| #define HAVE_SYS_TIMES_H 1
| #define HAVE_SYS_UIO_H 1
| #define HAVE_SYS_USER_H 1
| #define HAVE_SYS_UTSNAME_H 1
| #define HAVE_SYS_XATTR_H 1
| #define HAVE_SYSCALL_H 1
| #define HAVE_UTIME_H 1
| #define MAJOR_IN_SYSMACROS 1
| #define HAVE_SYS_MOUNT_H 1
| #define HAVE_SYS_STATFS_H 1
| #define HAVE_SYS_USER_H 1
| #define HAVE_SYS_VFS_H 1
| #define HAVE_NETINET_IP_H 1
| #define HAVE_NET_IF_H 1
| #define HAVE_NET_IF_ARP_H 1
| #define HAVE_NET_ROUTE_H 1
| #define HAVE_NETINET_IF_ETHER_H 1
| #define HAVE_NETINET_IP_ICMP_H 1
| /* end confdefs.h.  */
| #include <sys/types.h>
|      #include <sys/socket.h>
|      #ifdef HAVE_SYS_SOCKETVAR_H
|      # include <sys/socketvar.h>
|      #endif
|      #ifdef HAVE_NET_ROUTE_H
|      # include <net/route.h>
|      #endif
|      #ifdef HAVE_NETINET_IN_H
|      # include <netinet/in.h>
|      #endif
|      #ifdef HAVE_NETINET_IN_SYSTM_H
|      # include <netinet/in_systm.h>
|      #endif
|      #ifdef HAVE_NET_IF_H
|      # include <net/if.h>
|      #endif
|      #ifdef HAVE_NETINET_IP_H
|      # include <netinet/ip.h>
|      #endif
| 
| #include <netinet/ip_var.h>
configure:11660: result: no
configure:11686: checking for netinet/udp.h
configure:11686: ccache gcc -m64 -c -march=nocona -mtune=core-avx2 -pipe -O2 -fno-strict-aliasing -fwrapv -mfpmath=sse                         -Wno-error=incompatible-pointer-types -Wno-error=implicit-function-declaration -Wno-error=int-conversion -w -static-libgcc -D_GNU_SOURCE -D_TIME_BITS=64 -D_FILE_OFFSET_BITS=64 -U_FORTIFY_SOURCE -D_FORTIFY_SOURCE=0 -DNDEBUG -D_NDEBUG -D_GNU_SOURCE -D_TIME_BITS=64 -D_FILE_OFFSET_BITS=64 -U_FORTIFY_SOURCE -D_FORTIFY_SOURCE=0 -DNDEBUG -D_NDEBUG conftest.c >&5
configure:11686: $? = 0
configure:11686: result: yes
configure:11712: checking for netinet6/ip6_var.h
configure:11712: ccache gcc -m64 -c -march=nocona -mtune=core-avx2 -pipe -O2 -fno-strict-aliasing -fwrapv -mfpmath=sse                         -Wno-error=incompatible-pointer-types -Wno-error=implicit-function-declaration -Wno-error=int-conversion -w -static-libgcc -D_GNU_SOURCE -D_TIME_BITS=64 -D_FILE_OFFSET_BITS=64 -U_FORTIFY_SOURCE -D_FORTIFY_SOURCE=0 -DNDEBUG -D_NDEBUG -D_GNU_SOURCE -D_TIME_BITS=64 -D_FILE_OFFSET_BITS=64 -U_FORTIFY_SOURCE -D_FORTIFY_SOURCE=0 -DNDEBUG -D_NDEBUG conftest.c >&5
conftest.c:108:10: fatal error: netinet6/ip6_var.h: No such file or directory
  108 | #include <netinet6/ip6_var.h>
      |          ^~~~~~~~~~~~~~~~~~~~
compilation terminated.
configure:11712: $? = 1
configure: failed program was:
| /* confdefs.h */
| #define PACKAGE_NAME "Wine"
| #define PACKAGE_TARNAME "wine"
| #define PACKAGE_VERSION "11.8"
| #define PACKAGE_STRING "Wine 11.8"
| #define PACKAGE_BUGREPORT "wine-devel@winehq.org"
| #define PACKAGE_URL "https://www.winehq.org"
| #define EXEEXT ""
| #define HAVE_STDIO_H 1
| #define HAVE_STDLIB_H 1
| #define HAVE_STRING_H 1
| #define HAVE_INTTYPES_H 1
| #define HAVE_STDINT_H 1
| #define HAVE_STRINGS_H 1
| #define HAVE_SYS_STAT_H 1
| #define HAVE_SYS_TYPES_H 1
| #define HAVE_UNISTD_H 1
| #define STDC_HEADERS 1
| #define HAVE_ARPA_INET_H 1
| #define HAVE_ARPA_NAMESER_H 1
| #define HAVE_ASM_TERMBITS_H 1
| #define HAVE_ASM_TYPES_H 1
| #define HAVE_ELF_H 1
| #define HAVE_LINK_H 1
| #define HAVE_LINUX_CDROM_H 1
| #define HAVE_LINUX_FILTER_H 1
| #define HAVE_LINUX_FS_H 1
| #define HAVE_LINUX_HDREG_H 1
| #define HAVE_LINUX_HIDRAW_H 1
| #define HAVE_LINUX_INPUT_H 1
| #define HAVE_LINUX_IOCTL_H 1
| #define HAVE_LINUX_MAJOR_H 1
| #define HAVE_LINUX_MEMFD_H 1
| #define HAVE_LINUX_NTSYNC_H 1
| #define HAVE_LINUX_PARAM_H 1
| #define HAVE_LINUX_SERIAL_H 1
| #define HAVE_LINUX_TYPES_H 1
| #define HAVE_LINUX_USERFAULTFD_H 1
| #define HAVE_LINUX_WIRELESS_H 1
| #define HAVE_MNTENT_H 1
| #define HAVE_NETDB_H 1
| #define HAVE_NETINET_IN_H 1
| #define HAVE_NETINET_IN_SYSTM_H 1
| #define HAVE_NETINET_TCP_H 1
| #define HAVE_PWD_H 1
| #define HAVE_SCHED_H 1
| #define HAVE_SCSI_SCSI_H 1
| #define HAVE_SCSI_SCSI_IOCTL_H 1
| #define HAVE_SCSI_SG_H 1
| #define HAVE_SYS_AUXV_H 1
| #define HAVE_SYS_EPOLL_H 1
| #define HAVE_SYS_IPC_H 1
| #define HAVE_SYS_MTIO_H 1
| #define HAVE_SYS_PARAM_H 1
| #define HAVE_SYS_PERSONALITY_H 1
| #define HAVE_SYS_PRCTL_H 1
| #define HAVE_SYS_PTRACE_H 1
| #define HAVE_SYS_QUEUE_H 1
| #define HAVE_SYS_RANDOM_H 1
| #define HAVE_SYS_RESOURCE_H 1
| #define HAVE_SYS_SHM_H 1
| #define HAVE_SYS_SIGNAL_H 1
| #define HAVE_SYS_SOCKETVAR_H 1
| #define HAVE_SYS_STATVFS_H 1
| #define HAVE_SYS_SYSCALL_H 1
| #define HAVE_SYS_SYSINFO_H 1
| #define HAVE_SYS_TIMES_H 1
| #define HAVE_SYS_UIO_H 1
| #define HAVE_SYS_USER_H 1
| #define HAVE_SYS_UTSNAME_H 1
| #define HAVE_SYS_XATTR_H 1
| #define HAVE_SYSCALL_H 1
| #define HAVE_UTIME_H 1
| #define MAJOR_IN_SYSMACROS 1
| #define HAVE_SYS_MOUNT_H 1
| #define HAVE_SYS_STATFS_H 1
| #define HAVE_SYS_USER_H 1
| #define HAVE_SYS_VFS_H 1
| #define HAVE_NETINET_IP_H 1
| #define HAVE_NET_IF_H 1
| #define HAVE_NET_IF_ARP_H 1
| #define HAVE_NET_ROUTE_H 1
| #define HAVE_NETINET_IF_ETHER_H 1
| #define HAVE_NETINET_IP_ICMP_H 1
| #define HAVE_NETINET_UDP_H 1
| /* end confdefs.h.  */
| #include <sys/types.h>
|      #include <sys/socket.h>
|      #ifdef HAVE_SYS_SOCKETVAR_H
|      # include <sys/socketvar.h>
|      #endif
|      #ifdef HAVE_NET_ROUTE_H
|      # include <net/route.h>
|      #endif
|      #ifdef HAVE_NETINET_IN_H
|      # include <netinet/in.h>
|      #endif
|      #ifdef HAVE_NETINET_IN_SYSTM_H
|      # include <netinet/in_systm.h>
|      #endif
|      #ifdef HAVE_NET_IF_H
|      # include <net/if.h>
|      #endif
|      #ifdef HAVE_NETINET_IP_H
|      # include <netinet/ip.h>
|      #endif
| 
| #include <netinet6/ip6_var.h>
configure:11712: result: no
configure:11738: checking for netipx/ipx.h
configure:11738: ccache gcc -m64 -c -march=nocona -mtune=core-avx2 -pipe -O2 -fno-strict-aliasing -fwrapv -mfpmath=sse                         -Wno-error=incompatible-pointer-types -Wno-error=implicit-function-declaration -Wno-error=int-conversion -w -static-libgcc -D_GNU_SOURCE -D_TIME_BITS=64 -D_FILE_OFFSET_BITS=64 -U_FORTIFY_SOURCE -D_FORTIFY_SOURCE=0 -DNDEBUG -D_NDEBUG -D_GNU_SOURCE -D_TIME_BITS=64 -D_FILE_OFFSET_BITS=64 -U_FORTIFY_SOURCE -D_FORTIFY_SOURCE=0 -DNDEBUG -D_NDEBUG conftest.c >&5
configure:11738: $? = 0
configure:11738: result: yes
configure:11764: checking for sys/un.h
configure:11764: ccache gcc -m64 -c -march=nocona -mtune=core-avx2 -pipe -O2 -fno-strict-aliasing -fwrapv -mfpmath=sse                         -Wno-error=incompatible-pointer-types -Wno-error=implicit-function-declaration -Wno-error=int-conversion -w -static-libgcc -D_GNU_SOURCE -D_TIME_BITS=64 -D_FILE_OFFSET_BITS=64 -U_FORTIFY_SOURCE -D_FORTIFY_SOURCE=0 -DNDEBUG -D_NDEBUG -D_GNU_SOURCE -D_TIME_BITS=64 -D_FILE_OFFSET_BITS=64 -U_FORTIFY_SOURCE -D_FORTIFY_SOURCE=0 -DNDEBUG -D_NDEBUG conftest.c >&5
configure:11764: $? = 0
configure:11764: result: yes
configure:11792: checking for netinet/udp_var.h
configure:11792: ccache gcc -m64 -c -march=nocona -mtune=core-avx2 -pipe -O2 -fno-strict-aliasing -fwrapv -mfpmath=sse                         -Wno-error=incompatible-pointer-types -Wno-error=implicit-function-declaration -Wno-error=int-conversion -w -static-libgcc -D_GNU_SOURCE -D_TIME_BITS=64 -D_FILE_OFFSET_BITS=64 -U_FORTIFY_SOURCE -D_FORTIFY_SOURCE=0 -DNDEBUG -D_NDEBUG -D_GNU_SOURCE -D_TIME_BITS=64 -D_FILE_OFFSET_BITS=64 -U_FORTIFY_SOURCE -D_FORTIFY_SOURCE=0 -DNDEBUG -D_NDEBUG conftest.c >&5
conftest.c:116:10: fatal error: netinet/udp_var.h: No such file or directory
  116 | #include <netinet/udp_var.h>
      |          ^~~~~~~~~~~~~~~~~~~
compilation terminated.
configure:11792: $? = 1
configure: failed program was:
| /* confdefs.h */
| #define PACKAGE_NAME "Wine"
| #define PACKAGE_TARNAME "wine"
| #define PACKAGE_VERSION "11.8"
| #define PACKAGE_STRING "Wine 11.8"
| #define PACKAGE_BUGREPORT "wine-devel@winehq.org"
| #define PACKAGE_URL "https://www.winehq.org"
| #define EXEEXT ""
| #define HAVE_STDIO_H 1
| #define HAVE_STDLIB_H 1
| #define HAVE_STRING_H 1
| #define HAVE_INTTYPES_H 1
| #define HAVE_STDINT_H 1
| #define HAVE_STRINGS_H 1
| #define HAVE_SYS_STAT_H 1
| #define HAVE_SYS_TYPES_H 1
| #define HAVE_UNISTD_H 1
| #define STDC_HEADERS 1
| #define HAVE_ARPA_INET_H 1
| #define HAVE_ARPA_NAMESER_H 1
| #define HAVE_ASM_TERMBITS_H 1
| #define HAVE_ASM_TYPES_H 1
| #define HAVE_ELF_H 1
| #define HAVE_LINK_H 1
| #define HAVE_LINUX_CDROM_H 1
| #define HAVE_LINUX_FILTER_H 1
| #define HAVE_LINUX_FS_H 1
| #define HAVE_LINUX_HDREG_H 1
| #define HAVE_LINUX_HIDRAW_H 1
| #define HAVE_LINUX_INPUT_H 1
| #define HAVE_LINUX_IOCTL_H 1
| #define HAVE_LINUX_MAJOR_H 1
| #define HAVE_LINUX_MEMFD_H 1
| #define HAVE_LINUX_NTSYNC_H 1
| #define HAVE_LINUX_PARAM_H 1
| #define HAVE_LINUX_SERIAL_H 1
| #define HAVE_LINUX_TYPES_H 1
| #define HAVE_LINUX_USERFAULTFD_H 1
| #define HAVE_LINUX_WIRELESS_H 1
| #define HAVE_MNTENT_H 1
| #define HAVE_NETDB_H 1
| #define HAVE_NETINET_IN_H 1
| #define HAVE_NETINET_IN_SYSTM_H 1
| #define HAVE_NETINET_TCP_H 1
| #define HAVE_PWD_H 1
| #define HAVE_SCHED_H 1
| #define HAVE_SCSI_SCSI_H 1
| #define HAVE_SCSI_SCSI_IOCTL_H 1
| #define HAVE_SCSI_SG_H 1
| #define HAVE_SYS_AUXV_H 1
| #define HAVE_SYS_EPOLL_H 1
| #define HAVE_SYS_IPC_H 1
| #define HAVE_SYS_MTIO_H 1
| #define HAVE_SYS_PARAM_H 1
| #define HAVE_SYS_PERSONALITY_H 1
| #define HAVE_SYS_PRCTL_H 1
| #define HAVE_SYS_PTRACE_H 1
| #define HAVE_SYS_QUEUE_H 1
| #define HAVE_SYS_RANDOM_H 1
| #define HAVE_SYS_RESOURCE_H 1
| #define HAVE_SYS_SHM_H 1
| #define HAVE_SYS_SIGNAL_H 1
| #define HAVE_SYS_SOCKETVAR_H 1
| #define HAVE_SYS_STATVFS_H 1
| #define HAVE_SYS_SYSCALL_H 1
| #define HAVE_SYS_SYSINFO_H 1
| #define HAVE_SYS_TIMES_H 1
| #define HAVE_SYS_UIO_H 1
| #define HAVE_SYS_USER_H 1
| #define HAVE_SYS_UTSNAME_H 1
| #define HAVE_SYS_XATTR_H 1
| #define HAVE_SYSCALL_H 1
| #define HAVE_UTIME_H 1
| #define MAJOR_IN_SYSMACROS 1
| #define HAVE_SYS_MOUNT_H 1
| #define HAVE_SYS_STATFS_H 1
| #define HAVE_SYS_USER_H 1
| #define HAVE_SYS_VFS_H 1
| #define HAVE_NETINET_IP_H 1
| #define HAVE_NET_IF_H 1
| #define HAVE_NET_IF_ARP_H 1
| #define HAVE_NET_ROUTE_H 1
| #define HAVE_NETINET_IF_ETHER_H 1
| #define HAVE_NETINET_IP_ICMP_H 1
| #define HAVE_NETINET_UDP_H 1
| #define HAVE_NETIPX_IPX_H 1
| #define HAVE_SYS_UN_H 1
| /* end confdefs.h.  */
| #include <sys/types.h>
|      #include <sys/socket.h>
|      #ifdef HAVE_SYS_SOCKETVAR_H
|      # include <sys/socketvar.h>
|      #endif
|      #ifdef HAVE_NETINET_IN_H
|      # include <netinet/in.h>
|      #endif
|      #ifdef HAVE_NETINET_IN_SYSTM_H
|      # include <netinet/in_systm.h>
|      #endif
|      #ifdef HAVE_NETINET_IP_H
|      # include <netinet/ip.h>
|      #endif
|      #ifdef HAVE_NETINET_IP_VAR_H
|      # include <netinet/ip_var.h>
|      #endif
|      #ifdef HAVE_NETINET_IP_ICMP_H
|      # include <netinet/ip_icmp.h>
|      #endif
|      #ifdef HAVE_NETINET_UDP_H
|      # include <netinet/udp.h>
|      #endif
|      #ifdef HAVE_NETINET_TCP_H
|      # include <netinet/tcp.h>
|      #endif
| 
| #include <netinet/udp_var.h>
configure:11792: result: no
configure:11824: checking for netinet/icmp_var.h
configure:11824: ccache gcc -m64 -c -march=nocona -mtune=core-avx2 -pipe -O2 -fno-strict-aliasing -fwrapv -mfpmath=sse                         -Wno-error=incompatible-pointer-types -Wno-error=implicit-function-declaration -Wno-error=int-conversion -w -static-libgcc -D_GNU_SOURCE -D_TIME_BITS=64 -D_FILE_OFFSET_BITS=64 -U_FORTIFY_SOURCE -D_FORTIFY_SOURCE=0 -DNDEBUG -D_NDEBUG -D_GNU_SOURCE -D_TIME_BITS=64 -D_FILE_OFFSET_BITS=64 -U_FORTIFY_SOURCE -D_FORTIFY_SOURCE=0 -DNDEBUG -D_NDEBUG conftest.c >&5
conftest.c:116:10: fatal error: netinet/icmp_var.h: No such file or directory
  116 | #include <netinet/icmp_var.h>
      |          ^~~~~~~~~~~~~~~~~~~~
compilation terminated.
configure:11824: $? = 1
configure: failed program was:
| /* confdefs.h */
| #define PACKAGE_NAME "Wine"
| #define PACKAGE_TARNAME "wine"
| #define PACKAGE_VERSION "11.8"
| #define PACKAGE_STRING "Wine 11.8"
| #define PACKAGE_BUGREPORT "wine-devel@winehq.org"
| #define PACKAGE_URL "https://www.winehq.org"
| #define EXEEXT ""
| #define HAVE_STDIO_H 1
| #define HAVE_STDLIB_H 1
| #define HAVE_STRING_H 1
| #define HAVE_INTTYPES_H 1
| #define HAVE_STDINT_H 1
| #define HAVE_STRINGS_H 1
| #define HAVE_SYS_STAT_H 1
| #define HAVE_SYS_TYPES_H 1
| #define HAVE_UNISTD_H 1
| #define STDC_HEADERS 1
| #define HAVE_ARPA_INET_H 1
| #define HAVE_ARPA_NAMESER_H 1
| #define HAVE_ASM_TERMBITS_H 1
| #define HAVE_ASM_TYPES_H 1
| #define HAVE_ELF_H 1
| #define HAVE_LINK_H 1
| #define HAVE_LINUX_CDROM_H 1
| #define HAVE_LINUX_FILTER_H 1
| #define HAVE_LINUX_FS_H 1
| #define HAVE_LINUX_HDREG_H 1
| #define HAVE_LINUX_HIDRAW_H 1
| #define HAVE_LINUX_INPUT_H 1
| #define HAVE_LINUX_IOCTL_H 1
| #define HAVE_LINUX_MAJOR_H 1
| #define HAVE_LINUX_MEMFD_H 1
| #define HAVE_LINUX_NTSYNC_H 1
| #define HAVE_LINUX_PARAM_H 1
| #define HAVE_LINUX_SERIAL_H 1
| #define HAVE_LINUX_TYPES_H 1
| #define HAVE_LINUX_USERFAULTFD_H 1
| #define HAVE_LINUX_WIRELESS_H 1
| #define HAVE_MNTENT_H 1
| #define HAVE_NETDB_H 1
| #define HAVE_NETINET_IN_H 1
| #define HAVE_NETINET_IN_SYSTM_H 1
| #define HAVE_NETINET_TCP_H 1
| #define HAVE_PWD_H 1
| #define HAVE_SCHED_H 1
| #define HAVE_SCSI_SCSI_H 1
| #define HAVE_SCSI_SCSI_IOCTL_H 1
| #define HAVE_SCSI_SG_H 1
| #define HAVE_SYS_AUXV_H 1
| #define HAVE_SYS_EPOLL_H 1
| #define HAVE_SYS_IPC_H 1
| #define HAVE_SYS_MTIO_H 1
| #define HAVE_SYS_PARAM_H 1
| #define HAVE_SYS_PERSONALITY_H 1
| #define HAVE_SYS_PRCTL_H 1
| #define HAVE_SYS_PTRACE_H 1
| #define HAVE_SYS_QUEUE_H 1
| #define HAVE_SYS_RANDOM_H 1
| #define HAVE_SYS_RESOURCE_H 1
| #define HAVE_SYS_SHM_H 1
| #define HAVE_SYS_SIGNAL_H 1
| #define HAVE_SYS_SOCKETVAR_H 1
| #define HAVE_SYS_STATVFS_H 1
| #define HAVE_SYS_SYSCALL_H 1
| #define HAVE_SYS_SYSINFO_H 1
| #define HAVE_SYS_TIMES_H 1
| #define HAVE_SYS_UIO_H 1
| #define HAVE_SYS_USER_H 1
| #define HAVE_SYS_UTSNAME_H 1
| #define HAVE_SYS_XATTR_H 1
| #define HAVE_SYSCALL_H 1
| #define HAVE_UTIME_H 1
| #define MAJOR_IN_SYSMACROS 1
| #define HAVE_SYS_MOUNT_H 1
| #define HAVE_SYS_STATFS_H 1
| #define HAVE_SYS_USER_H 1
| #define HAVE_SYS_VFS_H 1
| #define HAVE_NETINET_IP_H 1
| #define HAVE_NET_IF_H 1
| #define HAVE_NET_IF_ARP_H 1
| #define HAVE_NET_ROUTE_H 1
| #define HAVE_NETINET_IF_ETHER_H 1
| #define HAVE_NETINET_IP_ICMP_H 1
| #define HAVE_NETINET_UDP_H 1
| #define HAVE_NETIPX_IPX_H 1
| #define HAVE_SYS_UN_H 1
| /* end confdefs.h.  */
| #include <sys/types.h>
|      #include <sys/socket.h>
|      #ifdef HAVE_SYS_SOCKETVAR_H
|      # include <sys/socketvar.h>
|      #endif
|      #ifdef HAVE_NETINET_IN_H
|      # include <netinet/in.h>
|      #endif
|      #ifdef HAVE_NETINET_IN_SYSTM_H
|      # include <netinet/in_systm.h>
|      #endif
|      #ifdef HAVE_NETINET_IP_H
|      # include <netinet/ip.h>
|      #endif
|      #ifdef HAVE_NETINET_IP_VAR_H
|      # include <netinet/ip_var.h>
|      #endif
|      #ifdef HAVE_NETINET_IP_ICMP_H
|      # include <netinet/ip_icmp.h>
|      #endif
|      #ifdef HAVE_NETINET_UDP_H
|      # include <netinet/udp.h>
|      #endif
|      #ifdef HAVE_NETINET_TCP_H
|      # include <netinet/tcp.h>
|      #endif
| 
| #include <netinet/icmp_var.h>
configure:11824: result: no
configure:11856: checking for netinet/icmp6.h
configure:11856: ccache gcc -m64 -c -march=nocona -mtune=core-avx2 -pipe -O2 -fno-strict-aliasing -fwrapv -mfpmath=sse                         -Wno-error=incompatible-pointer-types -Wno-error=implicit-function-declaration -Wno-error=int-conversion -w -static-libgcc -D_GNU_SOURCE -D_TIME_BITS=64 -D_FILE_OFFSET_BITS=64 -U_FORTIFY_SOURCE -D_FORTIFY_SOURCE=0 -DNDEBUG -D_NDEBUG -D_GNU_SOURCE -D_TIME_BITS=64 -D_FILE_OFFSET_BITS=64 -U_FORTIFY_SOURCE -D_FORTIFY_SOURCE=0 -DNDEBUG -D_NDEBUG conftest.c >&5
configure:11856: $? = 0
configure:11856: result: yes
configure:11888: checking for netinet/tcp_var.h
configure:11888: ccache gcc -m64 -c -march=nocona -mtune=core-avx2 -pipe -O2 -fno-strict-aliasing -fwrapv -mfpmath=sse                         -Wno-error=incompatible-pointer-types -Wno-error=implicit-function-declaration -Wno-error=int-conversion -w -static-libgcc -D_GNU_SOURCE -D_TIME_BITS=64 -D_FILE_OFFSET_BITS=64 -U_FORTIFY_SOURCE -D_FORTIFY_SOURCE=0 -DNDEBUG -D_NDEBUG -D_GNU_SOURCE -D_TIME_BITS=64 -D_FILE_OFFSET_BITS=64 -U_FORTIFY_SOURCE -D_FORTIFY_SOURCE=0 -DNDEBUG -D_NDEBUG conftest.c >&5
conftest.c:117:10: fatal error: netinet/tcp_var.h: No such file or directory
  117 | #include <netinet/tcp_var.h>
      |          ^~~~~~~~~~~~~~~~~~~
compilation terminated.
configure:11888: $? = 1
configure: failed program was:
| /* confdefs.h */
| #define PACKAGE_NAME "Wine"
| #define PACKAGE_TARNAME "wine"
| #define PACKAGE_VERSION "11.8"
| #define PACKAGE_STRING "Wine 11.8"
| #define PACKAGE_BUGREPORT "wine-devel@winehq.org"
| #define PACKAGE_URL "https://www.winehq.org"
| #define EXEEXT ""
| #define HAVE_STDIO_H 1
| #define HAVE_STDLIB_H 1
| #define HAVE_STRING_H 1
| #define HAVE_INTTYPES_H 1
| #define HAVE_STDINT_H 1
| #define HAVE_STRINGS_H 1
| #define HAVE_SYS_STAT_H 1
| #define HAVE_SYS_TYPES_H 1
| #define HAVE_UNISTD_H 1
| #define STDC_HEADERS 1
| #define HAVE_ARPA_INET_H 1
| #define HAVE_ARPA_NAMESER_H 1
| #define HAVE_ASM_TERMBITS_H 1
| #define HAVE_ASM_TYPES_H 1
| #define HAVE_ELF_H 1
| #define HAVE_LINK_H 1
| #define HAVE_LINUX_CDROM_H 1
| #define HAVE_LINUX_FILTER_H 1
| #define HAVE_LINUX_FS_H 1
| #define HAVE_LINUX_HDREG_H 1
| #define HAVE_LINUX_HIDRAW_H 1
| #define HAVE_LINUX_INPUT_H 1
| #define HAVE_LINUX_IOCTL_H 1
| #define HAVE_LINUX_MAJOR_H 1
| #define HAVE_LINUX_MEMFD_H 1
| #define HAVE_LINUX_NTSYNC_H 1
| #define HAVE_LINUX_PARAM_H 1
| #define HAVE_LINUX_SERIAL_H 1
| #define HAVE_LINUX_TYPES_H 1
| #define HAVE_LINUX_USERFAULTFD_H 1
| #define HAVE_LINUX_WIRELESS_H 1
| #define HAVE_MNTENT_H 1
| #define HAVE_NETDB_H 1
| #define HAVE_NETINET_IN_H 1
| #define HAVE_NETINET_IN_SYSTM_H 1
| #define HAVE_NETINET_TCP_H 1
| #define HAVE_PWD_H 1
| #define HAVE_SCHED_H 1
| #define HAVE_SCSI_SCSI_H 1
| #define HAVE_SCSI_SCSI_IOCTL_H 1
| #define HAVE_SCSI_SG_H 1
| #define HAVE_SYS_AUXV_H 1
| #define HAVE_SYS_EPOLL_H 1
| #define HAVE_SYS_IPC_H 1
| #define HAVE_SYS_MTIO_H 1
| #define HAVE_SYS_PARAM_H 1
| #define HAVE_SYS_PERSONALITY_H 1
| #define HAVE_SYS_PRCTL_H 1
| #define HAVE_SYS_PTRACE_H 1
| #define HAVE_SYS_QUEUE_H 1
| #define HAVE_SYS_RANDOM_H 1
| #define HAVE_SYS_RESOURCE_H 1
| #define HAVE_SYS_SHM_H 1
| #define HAVE_SYS_SIGNAL_H 1
| #define HAVE_SYS_SOCKETVAR_H 1
| #define HAVE_SYS_STATVFS_H 1
| #define HAVE_SYS_SYSCALL_H 1
| #define HAVE_SYS_SYSINFO_H 1
| #define HAVE_SYS_TIMES_H 1
| #define HAVE_SYS_UIO_H 1
| #define HAVE_SYS_USER_H 1
| #define HAVE_SYS_UTSNAME_H 1
| #define HAVE_SYS_XATTR_H 1
| #define HAVE_SYSCALL_H 1
| #define HAVE_UTIME_H 1
| #define MAJOR_IN_SYSMACROS 1
| #define HAVE_SYS_MOUNT_H 1
| #define HAVE_SYS_STATFS_H 1
| #define HAVE_SYS_USER_H 1
| #define HAVE_SYS_VFS_H 1
| #define HAVE_NETINET_IP_H 1
| #define HAVE_NET_IF_H 1
| #define HAVE_NET_IF_ARP_H 1
| #define HAVE_NET_ROUTE_H 1
| #define HAVE_NETINET_IF_ETHER_H 1
| #define HAVE_NETINET_IP_ICMP_H 1
| #define HAVE_NETINET_UDP_H 1
| #define HAVE_NETIPX_IPX_H 1
| #define HAVE_SYS_UN_H 1
| #define HAVE_NETINET_ICMP6_H 1
| /* end confdefs.h.  */
| #include <sys/types.h>
|      #include <sys/socket.h>
|      #ifdef HAVE_SYS_SOCKETVAR_H
|      # include <sys/socketvar.h>
|      #endif
|      #ifdef HAVE_NETINET_IN_H
|      # include <netinet/in.h>
|      #endif
|      #ifdef HAVE_NETINET_IN_SYSTM_H
|      # include <netinet/in_systm.h>
|      #endif
|      #ifdef HAVE_NETINET_IP_H
|      # include <netinet/ip.h>
|      #endif
|      #ifdef HAVE_NETINET_IP_VAR_H
|      # include <netinet/ip_var.h>
|      #endif
|      #ifdef HAVE_NETINET_IP_ICMP_H
|      # include <netinet/ip_icmp.h>
|      #endif
|      #ifdef HAVE_NETINET_UDP_H
|      # include <netinet/udp.h>
|      #endif
|      #ifdef HAVE_NETINET_TCP_H
|      # include <netinet/tcp.h>
|      #endif
| 
| #include <netinet/tcp_var.h>
configure:11888: result: no
configure:11922: checking for linux/ipx.h
configure:11922: ccache gcc -m64 -c -march=nocona -mtune=core-avx2 -pipe -O2 -fno-strict-aliasing -fwrapv -mfpmath=sse                         -Wno-error=incompatible-pointer-types -Wno-error=implicit-function-declaration -Wno-error=int-conversion -w -static-libgcc -D_GNU_SOURCE -D_TIME_BITS=64 -D_FILE_OFFSET_BITS=64 -U_FORTIFY_SOURCE -D_FORTIFY_SOURCE=0 -DNDEBUG -D_NDEBUG -D_GNU_SOURCE -D_TIME_BITS=64 -D_FILE_OFFSET_BITS=64 -U_FORTIFY_SOURCE -D_FORTIFY_SOURCE=0 -DNDEBUG -D_NDEBUG conftest.c >&5
conftest.c:99:10: fatal error: linux/ipx.h: No such file or directory
   99 | #include <linux/ipx.h>
      |          ^~~~~~~~~~~~~
compilation terminated.
configure:11922: $? = 1
configure: failed program was:
| /* confdefs.h */
| #define PACKAGE_NAME "Wine"
| #define PACKAGE_TARNAME "wine"
| #define PACKAGE_VERSION "11.8"
| #define PACKAGE_STRING "Wine 11.8"
| #define PACKAGE_BUGREPORT "wine-devel@winehq.org"
| #define PACKAGE_URL "https://www.winehq.org"
| #define EXEEXT ""
| #define HAVE_STDIO_H 1
| #define HAVE_STDLIB_H 1
| #define HAVE_STRING_H 1
| #define HAVE_INTTYPES_H 1
| #define HAVE_STDINT_H 1
| #define HAVE_STRINGS_H 1
| #define HAVE_SYS_STAT_H 1
| #define HAVE_SYS_TYPES_H 1
| #define HAVE_UNISTD_H 1
| #define STDC_HEADERS 1
| #define HAVE_ARPA_INET_H 1
| #define HAVE_ARPA_NAMESER_H 1
| #define HAVE_ASM_TERMBITS_H 1
| #define HAVE_ASM_TYPES_H 1
| #define HAVE_ELF_H 1
| #define HAVE_LINK_H 1
| #define HAVE_LINUX_CDROM_H 1
| #define HAVE_LINUX_FILTER_H 1
| #define HAVE_LINUX_FS_H 1
| #define HAVE_LINUX_HDREG_H 1
| #define HAVE_LINUX_HIDRAW_H 1
| #define HAVE_LINUX_INPUT_H 1
| #define HAVE_LINUX_IOCTL_H 1
| #define HAVE_LINUX_MAJOR_H 1
| #define HAVE_LINUX_MEMFD_H 1
| #define HAVE_LINUX_NTSYNC_H 1
| #define HAVE_LINUX_PARAM_H 1
| #define HAVE_LINUX_SERIAL_H 1
| #define HAVE_LINUX_TYPES_H 1
| #define HAVE_LINUX_USERFAULTFD_H 1
| #define HAVE_LINUX_WIRELESS_H 1
| #define HAVE_MNTENT_H 1
| #define HAVE_NETDB_H 1
| #define HAVE_NETINET_IN_H 1
| #define HAVE_NETINET_IN_SYSTM_H 1
| #define HAVE_NETINET_TCP_H 1
| #define HAVE_PWD_H 1
| #define HAVE_SCHED_H 1
| #define HAVE_SCSI_SCSI_H 1
| #define HAVE_SCSI_SCSI_IOCTL_H 1
| #define HAVE_SCSI_SG_H 1
| #define HAVE_SYS_AUXV_H 1
| #define HAVE_SYS_EPOLL_H 1
| #define HAVE_SYS_IPC_H 1
| #define HAVE_SYS_MTIO_H 1
| #define HAVE_SYS_PARAM_H 1
| #define HAVE_SYS_PERSONALITY_H 1
| #define HAVE_SYS_PRCTL_H 1
| #define HAVE_SYS_PTRACE_H 1
| #define HAVE_SYS_QUEUE_H 1
| #define HAVE_SYS_RANDOM_H 1
| #define HAVE_SYS_RESOURCE_H 1
| #define HAVE_SYS_SHM_H 1
| #define HAVE_SYS_SIGNAL_H 1
| #define HAVE_SYS_SOCKETVAR_H 1
| #define HAVE_SYS_STATVFS_H 1
| #define HAVE_SYS_SYSCALL_H 1
| #define HAVE_SYS_SYSINFO_H 1
| #define HAVE_SYS_TIMES_H 1
| #define HAVE_SYS_UIO_H 1
| #define HAVE_SYS_USER_H 1
| #define HAVE_SYS_UTSNAME_H 1
| #define HAVE_SYS_XATTR_H 1
| #define HAVE_SYSCALL_H 1
| #define HAVE_UTIME_H 1
| #define MAJOR_IN_SYSMACROS 1
| #define HAVE_SYS_MOUNT_H 1
| #define HAVE_SYS_STATFS_H 1
| #define HAVE_SYS_USER_H 1
| #define HAVE_SYS_VFS_H 1
| #define HAVE_NETINET_IP_H 1
| #define HAVE_NET_IF_H 1
| #define HAVE_NET_IF_ARP_H 1
| #define HAVE_NET_ROUTE_H 1
| #define HAVE_NETINET_IF_ETHER_H 1
| #define HAVE_NETINET_IP_ICMP_H 1
| #define HAVE_NETINET_UDP_H 1
| #define HAVE_NETIPX_IPX_H 1
| #define HAVE_SYS_UN_H 1
| #define HAVE_NETINET_ICMP6_H 1
| /* end confdefs.h.  */
| #include <sys/types.h>
|      #include <sys/socket.h>
|      #ifdef HAVE_ASM_TYPES_H
|      # include <asm/types.h>
|      #endif
|      #ifdef HAVE_LINUX_TYPES_H
|      # include <linux/types.h>
|      #endif
| 
| #include <linux/ipx.h>
configure:11922: result: no
configure:11936: checking for linux/irda.h
configure:11936: ccache gcc -m64 -c -march=nocona -mtune=core-avx2 -pipe -O2 -fno-strict-aliasing -fwrapv -mfpmath=sse                         -Wno-error=incompatible-pointer-types -Wno-error=implicit-function-declaration -Wno-error=int-conversion -w -static-libgcc -D_GNU_SOURCE -D_TIME_BITS=64 -D_FILE_OFFSET_BITS=64 -U_FORTIFY_SOURCE -D_FORTIFY_SOURCE=0 -DNDEBUG -D_NDEBUG -D_GNU_SOURCE -D_TIME_BITS=64 -D_FILE_OFFSET_BITS=64 -U_FORTIFY_SOURCE -D_FORTIFY_SOURCE=0 -DNDEBUG -D_NDEBUG conftest.c >&5
conftest.c:99:10: fatal error: linux/irda.h: No such file or directory
   99 | #include <linux/irda.h>
      |          ^~~~~~~~~~~~~~
compilation terminated.
configure:11936: $? = 1
configure: failed program was:
| /* confdefs.h */
| #define PACKAGE_NAME "Wine"
| #define PACKAGE_TARNAME "wine"
| #define PACKAGE_VERSION "11.8"
| #define PACKAGE_STRING "Wine 11.8"
| #define PACKAGE_BUGREPORT "wine-devel@winehq.org"
| #define PACKAGE_URL "https://www.winehq.org"
| #define EXEEXT ""
| #define HAVE_STDIO_H 1
| #define HAVE_STDLIB_H 1
| #define HAVE_STRING_H 1
| #define HAVE_INTTYPES_H 1
| #define HAVE_STDINT_H 1
| #define HAVE_STRINGS_H 1
| #define HAVE_SYS_STAT_H 1
| #define HAVE_SYS_TYPES_H 1
| #define HAVE_UNISTD_H 1
| #define STDC_HEADERS 1
| #define HAVE_ARPA_INET_H 1
| #define HAVE_ARPA_NAMESER_H 1
| #define HAVE_ASM_TERMBITS_H 1
| #define HAVE_ASM_TYPES_H 1
| #define HAVE_ELF_H 1
| #define HAVE_LINK_H 1
| #define HAVE_LINUX_CDROM_H 1
| #define HAVE_LINUX_FILTER_H 1
| #define HAVE_LINUX_FS_H 1
| #define HAVE_LINUX_HDREG_H 1
| #define HAVE_LINUX_HIDRAW_H 1
| #define HAVE_LINUX_INPUT_H 1
| #define HAVE_LINUX_IOCTL_H 1
| #define HAVE_LINUX_MAJOR_H 1
| #define HAVE_LINUX_MEMFD_H 1
| #define HAVE_LINUX_NTSYNC_H 1
| #define HAVE_LINUX_PARAM_H 1
| #define HAVE_LINUX_SERIAL_H 1
| #define HAVE_LINUX_TYPES_H 1
| #define HAVE_LINUX_USERFAULTFD_H 1
| #define HAVE_LINUX_WIRELESS_H 1
| #define HAVE_MNTENT_H 1
| #define HAVE_NETDB_H 1
| #define HAVE_NETINET_IN_H 1
| #define HAVE_NETINET_IN_SYSTM_H 1
| #define HAVE_NETINET_TCP_H 1
| #define HAVE_PWD_H 1
| #define HAVE_SCHED_H 1
| #define HAVE_SCSI_SCSI_H 1
| #define HAVE_SCSI_SCSI_IOCTL_H 1
| #define HAVE_SCSI_SG_H 1
| #define HAVE_SYS_AUXV_H 1
| #define HAVE_SYS_EPOLL_H 1
| #define HAVE_SYS_IPC_H 1
| #define HAVE_SYS_MTIO_H 1
| #define HAVE_SYS_PARAM_H 1
| #define HAVE_SYS_PERSONALITY_H 1
| #define HAVE_SYS_PRCTL_H 1
| #define HAVE_SYS_PTRACE_H 1
| #define HAVE_SYS_QUEUE_H 1
| #define HAVE_SYS_RANDOM_H 1
| #define HAVE_SYS_RESOURCE_H 1
| #define HAVE_SYS_SHM_H 1
| #define HAVE_SYS_SIGNAL_H 1
| #define HAVE_SYS_SOCKETVAR_H 1
| #define HAVE_SYS_STATVFS_H 1
| #define HAVE_SYS_SYSCALL_H 1
| #define HAVE_SYS_SYSINFO_H 1
| #define HAVE_SYS_TIMES_H 1
| #define HAVE_SYS_UIO_H 1
| #define HAVE_SYS_USER_H 1
| #define HAVE_SYS_UTSNAME_H 1
| #define HAVE_SYS_XATTR_H 1
| #define HAVE_SYSCALL_H 1
| #define HAVE_UTIME_H 1
| #define MAJOR_IN_SYSMACROS 1
| #define HAVE_SYS_MOUNT_H 1
| #define HAVE_SYS_STATFS_H 1
| #define HAVE_SYS_USER_H 1
| #define HAVE_SYS_VFS_H 1
| #define HAVE_NETINET_IP_H 1
| #define HAVE_NET_IF_H 1
| #define HAVE_NET_IF_ARP_H 1
| #define HAVE_NET_ROUTE_H 1
| #define HAVE_NETINET_IF_ETHER_H 1
| #define HAVE_NETINET_IP_ICMP_H 1
| #define HAVE_NETINET_UDP_H 1
| #define HAVE_NETIPX_IPX_H 1
| #define HAVE_SYS_UN_H 1
| #define HAVE_NETINET_ICMP6_H 1
| /* end confdefs.h.  */
| #include <sys/types.h>
|      #include <sys/socket.h>
|      #ifdef HAVE_ASM_TYPES_H
|      # include <asm/types.h>
|      #endif
|      #ifdef HAVE_LINUX_TYPES_H
|      # include <linux/types.h>
|      #endif
| 
| #include <linux/irda.h>
configure:11936: result: no
configure:11950: checking for linux/rtnetlink.h
configure:11950: ccache gcc -m64 -c -march=nocona -mtune=core-avx2 -pipe -O2 -fno-strict-aliasing -fwrapv -mfpmath=sse                         -Wno-error=incompatible-pointer-types -Wno-error=implicit-function-declaration -Wno-error=int-conversion -w -static-libgcc -D_GNU_SOURCE -D_TIME_BITS=64 -D_FILE_OFFSET_BITS=64 -U_FORTIFY_SOURCE -D_FORTIFY_SOURCE=0 -DNDEBUG -D_NDEBUG -D_GNU_SOURCE -D_TIME_BITS=64 -D_FILE_OFFSET_BITS=64 -U_FORTIFY_SOURCE -D_FORTIFY_SOURCE=0 -DNDEBUG -D_NDEBUG conftest.c >&5
configure:11950: $? = 0
configure:11950: result: yes
configure:11966: checking for resolv.h
configure:11966: ccache gcc -m64 -c -march=nocona -mtune=core-avx2 -pipe -O2 -fno-strict-aliasing -fwrapv -mfpmath=sse                         -Wno-error=incompatible-pointer-types -Wno-error=implicit-function-declaration -Wno-error=int-conversion -w -static-libgcc -D_GNU_SOURCE -D_TIME_BITS=64 -D_FILE_OFFSET_BITS=64 -U_FORTIFY_SOURCE -D_FORTIFY_SOURCE=0 -DNDEBUG -D_NDEBUG -D_GNU_SOURCE -D_TIME_BITS=64 -D_FILE_OFFSET_BITS=64 -U_FORTIFY_SOURCE -D_FORTIFY_SOURCE=0 -DNDEBUG -D_NDEBUG conftest.c >&5
configure:11966: $? = 0
configure:11966: result: yes
configure:11982: checking for ifaddrs.h
configure:11982: ccache gcc -m64 -c -march=nocona -mtune=core-avx2 -pipe -O2 -fno-strict-aliasing -fwrapv -mfpmath=sse                         -Wno-error=incompatible-pointer-types -Wno-error=implicit-function-declaration -Wno-error=int-conversion -w -static-libgcc -D_GNU_SOURCE -D_TIME_BITS=64 -D_FILE_OFFSET_BITS=64 -U_FORTIFY_SOURCE -D_FORTIFY_SOURCE=0 -DNDEBUG -D_NDEBUG -D_GNU_SOURCE -D_TIME_BITS=64 -D_FILE_OFFSET_BITS=64 -U_FORTIFY_SOURCE -D_FORTIFY_SOURCE=0 -DNDEBUG -D_NDEBUG conftest.c >&5
configure:11982: $? = 0
configure:11982: result: yes
configure:11991: checking for sys/ucontext.h
configure:11991: ccache gcc -m64 -c -march=nocona -mtune=core-avx2 -pipe -O2 -fno-strict-aliasing -fwrapv -mfpmath=sse                         -Wno-error=incompatible-pointer-types -Wno-error=implicit-function-declaration -Wno-error=int-conversion -w -static-libgcc -D_GNU_SOURCE -D_TIME_BITS=64 -D_FILE_OFFSET_BITS=64 -U_FORTIFY_SOURCE -D_FORTIFY_SOURCE=0 -DNDEBUG -D_NDEBUG -D_GNU_SOURCE -D_TIME_BITS=64 -D_FILE_OFFSET_BITS=64 -U_FORTIFY_SOURCE -D_FORTIFY_SOURCE=0 -DNDEBUG -D_NDEBUG conftest.c >&5
configure:11991: $? = 0
configure:11991: result: yes
configure:12000: checking for sys/thr.h
configure:12000: ccache gcc -m64 -c -march=nocona -mtune=core-avx2 -pipe -O2 -fno-strict-aliasing -fwrapv -mfpmath=sse                         -Wno-error=incompatible-pointer-types -Wno-error=implicit-function-declaration -Wno-error=int-conversion -w -static-libgcc -D_GNU_SOURCE -D_TIME_BITS=64 -D_FILE_OFFSET_BITS=64 -U_FORTIFY_SOURCE -D_FORTIFY_SOURCE=0 -DNDEBUG -D_NDEBUG -D_GNU_SOURCE -D_TIME_BITS=64 -D_FILE_OFFSET_BITS=64 -U_FORTIFY_SOURCE -D_FORTIFY_SOURCE=0 -DNDEBUG -D_NDEBUG conftest.c >&5
conftest.c:99:10: fatal error: sys/thr.h: No such file or directory
   99 | #include <sys/thr.h>
      |          ^~~~~~~~~~~
compilation terminated.
configure:12000: $? = 1
configure: failed program was:
| /* confdefs.h */
| #define PACKAGE_NAME "Wine"
| #define PACKAGE_TARNAME "wine"
| #define PACKAGE_VERSION "11.8"
| #define PACKAGE_STRING "Wine 11.8"
| #define PACKAGE_BUGREPORT "wine-devel@winehq.org"
| #define PACKAGE_URL "https://www.winehq.org"
| #define EXEEXT ""
| #define HAVE_STDIO_H 1
| #define HAVE_STDLIB_H 1
| #define HAVE_STRING_H 1
| #define HAVE_INTTYPES_H 1
| #define HAVE_STDINT_H 1
| #define HAVE_STRINGS_H 1
| #define HAVE_SYS_STAT_H 1
| #define HAVE_SYS_TYPES_H 1
| #define HAVE_UNISTD_H 1
| #define STDC_HEADERS 1
| #define HAVE_ARPA_INET_H 1
| #define HAVE_ARPA_NAMESER_H 1
| #define HAVE_ASM_TERMBITS_H 1
| #define HAVE_ASM_TYPES_H 1
| #define HAVE_ELF_H 1
| #define HAVE_LINK_H 1
| #define HAVE_LINUX_CDROM_H 1
| #define HAVE_LINUX_FILTER_H 1
| #define HAVE_LINUX_FS_H 1
| #define HAVE_LINUX_HDREG_H 1
| #define HAVE_LINUX_HIDRAW_H 1
| #define HAVE_LINUX_INPUT_H 1
| #define HAVE_LINUX_IOCTL_H 1
| #define HAVE_LINUX_MAJOR_H 1
| #define HAVE_LINUX_MEMFD_H 1
| #define HAVE_LINUX_NTSYNC_H 1
| #define HAVE_LINUX_PARAM_H 1
| #define HAVE_LINUX_SERIAL_H 1
| #define HAVE_LINUX_TYPES_H 1
| #define HAVE_LINUX_USERFAULTFD_H 1
| #define HAVE_LINUX_WIRELESS_H 1
| #define HAVE_MNTENT_H 1
| #define HAVE_NETDB_H 1
| #define HAVE_NETINET_IN_H 1
| #define HAVE_NETINET_IN_SYSTM_H 1
| #define HAVE_NETINET_TCP_H 1
| #define HAVE_PWD_H 1
| #define HAVE_SCHED_H 1
| #define HAVE_SCSI_SCSI_H 1
| #define HAVE_SCSI_SCSI_IOCTL_H 1
| #define HAVE_SCSI_SG_H 1
| #define HAVE_SYS_AUXV_H 1
| #define HAVE_SYS_EPOLL_H 1
| #define HAVE_SYS_IPC_H 1
| #define HAVE_SYS_MTIO_H 1
| #define HAVE_SYS_PARAM_H 1
| #define HAVE_SYS_PERSONALITY_H 1
| #define HAVE_SYS_PRCTL_H 1
| #define HAVE_SYS_PTRACE_H 1
| #define HAVE_SYS_QUEUE_H 1
| #define HAVE_SYS_RANDOM_H 1
| #define HAVE_SYS_RESOURCE_H 1
| #define HAVE_SYS_SHM_H 1
| #define HAVE_SYS_SIGNAL_H 1
| #define HAVE_SYS_SOCKETVAR_H 1
| #define HAVE_SYS_STATVFS_H 1
| #define HAVE_SYS_SYSCALL_H 1
| #define HAVE_SYS_SYSINFO_H 1
| #define HAVE_SYS_TIMES_H 1
| #define HAVE_SYS_UIO_H 1
| #define HAVE_SYS_USER_H 1
| #define HAVE_SYS_UTSNAME_H 1
| #define HAVE_SYS_XATTR_H 1
| #define HAVE_SYSCALL_H 1
| #define HAVE_UTIME_H 1
| #define MAJOR_IN_SYSMACROS 1
| #define HAVE_SYS_MOUNT_H 1
| #define HAVE_SYS_STATFS_H 1
| #define HAVE_SYS_USER_H 1
| #define HAVE_SYS_VFS_H 1
| #define HAVE_NETINET_IP_H 1
| #define HAVE_NET_IF_H 1
| #define HAVE_NET_IF_ARP_H 1
| #define HAVE_NET_ROUTE_H 1
| #define HAVE_NETINET_IF_ETHER_H 1
| #define HAVE_NETINET_IP_ICMP_H 1
| #define HAVE_NETINET_UDP_H 1
| #define HAVE_NETIPX_IPX_H 1
| #define HAVE_SYS_UN_H 1
| #define HAVE_NETINET_ICMP6_H 1
| #define HAVE_LINUX_RTNETLINK_H 1
| #define HAVE_RESOLV_H 1
| #define HAVE_IFADDRS_H 1
| #define HAVE_SYS_UCONTEXT_H 1
| /* end confdefs.h.  */
| #include <sys/types.h>
| #ifdef HAVE_SYS_UCONTEXT_H
| #include <sys/ucontext.h>
| #endif
| 
| #include <sys/thr.h>
configure:12000: result: no
configure:12012: checking for pthread_np.h
configure:12012: ccache gcc -m64 -c -march=nocona -mtune=core-avx2 -pipe -O2 -fno-strict-aliasing -fwrapv -mfpmath=sse                         -Wno-error=incompatible-pointer-types -Wno-error=implicit-function-declaration -Wno-error=int-conversion -w -static-libgcc -D_GNU_SOURCE -D_TIME_BITS=64 -D_FILE_OFFSET_BITS=64 -U_FORTIFY_SOURCE -D_FORTIFY_SOURCE=0 -DNDEBUG -D_NDEBUG -D_GNU_SOURCE -D_TIME_BITS=64 -D_FILE_OFFSET_BITS=64 -U_FORTIFY_SOURCE -D_FORTIFY_SOURCE=0 -DNDEBUG -D_NDEBUG conftest.c >&5
conftest.c:96:10: fatal error: pthread_np.h: No such file or directory
   96 | #include <pthread_np.h>
      |          ^~~~~~~~~~~~~~
compilation terminated.
configure:12012: $? = 1
configure: failed program was:
| /* confdefs.h */
| #define PACKAGE_NAME "Wine"
| #define PACKAGE_TARNAME "wine"
| #define PACKAGE_VERSION "11.8"
| #define PACKAGE_STRING "Wine 11.8"
| #define PACKAGE_BUGREPORT "wine-devel@winehq.org"
| #define PACKAGE_URL "https://www.winehq.org"
| #define EXEEXT ""
| #define HAVE_STDIO_H 1
| #define HAVE_STDLIB_H 1
| #define HAVE_STRING_H 1
| #define HAVE_INTTYPES_H 1
| #define HAVE_STDINT_H 1
| #define HAVE_STRINGS_H 1
| #define HAVE_SYS_STAT_H 1
| #define HAVE_SYS_TYPES_H 1
| #define HAVE_UNISTD_H 1
| #define STDC_HEADERS 1
| #define HAVE_ARPA_INET_H 1
| #define HAVE_ARPA_NAMESER_H 1
| #define HAVE_ASM_TERMBITS_H 1
| #define HAVE_ASM_TYPES_H 1
| #define HAVE_ELF_H 1
| #define HAVE_LINK_H 1
| #define HAVE_LINUX_CDROM_H 1
| #define HAVE_LINUX_FILTER_H 1
| #define HAVE_LINUX_FS_H 1
| #define HAVE_LINUX_HDREG_H 1
| #define HAVE_LINUX_HIDRAW_H 1
| #define HAVE_LINUX_INPUT_H 1
| #define HAVE_LINUX_IOCTL_H 1
| #define HAVE_LINUX_MAJOR_H 1
| #define HAVE_LINUX_MEMFD_H 1
| #define HAVE_LINUX_NTSYNC_H 1
| #define HAVE_LINUX_PARAM_H 1
| #define HAVE_LINUX_SERIAL_H 1
| #define HAVE_LINUX_TYPES_H 1
| #define HAVE_LINUX_USERFAULTFD_H 1
| #define HAVE_LINUX_WIRELESS_H 1
| #define HAVE_MNTENT_H 1
| #define HAVE_NETDB_H 1
| #define HAVE_NETINET_IN_H 1
| #define HAVE_NETINET_IN_SYSTM_H 1
| #define HAVE_NETINET_TCP_H 1
| #define HAVE_PWD_H 1
| #define HAVE_SCHED_H 1
| #define HAVE_SCSI_SCSI_H 1
| #define HAVE_SCSI_SCSI_IOCTL_H 1
| #define HAVE_SCSI_SG_H 1
| #define HAVE_SYS_AUXV_H 1
| #define HAVE_SYS_EPOLL_H 1
| #define HAVE_SYS_IPC_H 1
| #define HAVE_SYS_MTIO_H 1
| #define HAVE_SYS_PARAM_H 1
| #define HAVE_SYS_PERSONALITY_H 1
| #define HAVE_SYS_PRCTL_H 1
| #define HAVE_SYS_PTRACE_H 1
| #define HAVE_SYS_QUEUE_H 1
| #define HAVE_SYS_RANDOM_H 1
| #define HAVE_SYS_RESOURCE_H 1
| #define HAVE_SYS_SHM_H 1
| #define HAVE_SYS_SIGNAL_H 1
| #define HAVE_SYS_SOCKETVAR_H 1
| #define HAVE_SYS_STATVFS_H 1
| #define HAVE_SYS_SYSCALL_H 1
| #define HAVE_SYS_SYSINFO_H 1
| #define HAVE_SYS_TIMES_H 1
| #define HAVE_SYS_UIO_H 1
| #define HAVE_SYS_USER_H 1
| #define HAVE_SYS_UTSNAME_H 1
| #define HAVE_SYS_XATTR_H 1
| #define HAVE_SYSCALL_H 1
| #define HAVE_UTIME_H 1
| #define MAJOR_IN_SYSMACROS 1
| #define HAVE_SYS_MOUNT_H 1
| #define HAVE_SYS_STATFS_H 1
| #define HAVE_SYS_USER_H 1
| #define HAVE_SYS_VFS_H 1
| #define HAVE_NETINET_IP_H 1
| #define HAVE_NET_IF_H 1
| #define HAVE_NET_IF_ARP_H 1
| #define HAVE_NET_ROUTE_H 1
| #define HAVE_NETINET_IF_ETHER_H 1
| #define HAVE_NETINET_IP_ICMP_H 1
| #define HAVE_NETINET_UDP_H 1
| #define HAVE_NETIPX_IPX_H 1
| #define HAVE_SYS_UN_H 1
| #define HAVE_NETINET_ICMP6_H 1
| #define HAVE_LINUX_RTNETLINK_H 1
| #define HAVE_RESOLV_H 1
| #define HAVE_IFADDRS_H 1
| #define HAVE_SYS_UCONTEXT_H 1
| /* end confdefs.h.  */
| #include <pthread.h>
| 
| #include <pthread_np.h>
configure:12012: result: no
configure:12021: checking for linux/videodev2.h
configure:12021: ccache gcc -m64 -c -march=nocona -mtune=core-avx2 -pipe -O2 -fno-strict-aliasing -fwrapv -mfpmath=sse                         -Wno-error=incompatible-pointer-types -Wno-error=implicit-function-declaration -Wno-error=int-conversion -w -static-libgcc -D_GNU_SOURCE -D_TIME_BITS=64 -D_FILE_OFFSET_BITS=64 -U_FORTIFY_SOURCE -D_FORTIFY_SOURCE=0 -DNDEBUG -D_NDEBUG -D_GNU_SOURCE -D_TIME_BITS=64 -D_FILE_OFFSET_BITS=64 -U_FORTIFY_SOURCE -D_FORTIFY_SOURCE=0 -DNDEBUG -D_NDEBUG conftest.c >&5
configure:12021: $? = 0
configure:12021: result: yes
configure:12034: checking for libprocstat.h
configure:12034: ccache gcc -m64 -c -march=nocona -mtune=core-avx2 -pipe -O2 -fno-strict-aliasing -fwrapv -mfpmath=sse                         -Wno-error=incompatible-pointer-types -Wno-error=implicit-function-declaration -Wno-error=int-conversion -w -static-libgcc -D_GNU_SOURCE -D_TIME_BITS=64 -D_FILE_OFFSET_BITS=64 -U_FORTIFY_SOURCE -D_FORTIFY_SOURCE=0 -DNDEBUG -D_NDEBUG -D_GNU_SOURCE -D_TIME_BITS=64 -D_FILE_OFFSET_BITS=64 -U_FORTIFY_SOURCE -D_FORTIFY_SOURCE=0 -DNDEBUG -D_NDEBUG conftest.c >&5
conftest.c:103:10: fatal error: libprocstat.h: No such file or directory
  103 | #include <libprocstat.h>
      |          ^~~~~~~~~~~~~~~
compilation terminated.
configure:12034: $? = 1
configure: failed program was:
| /* confdefs.h */
| #define PACKAGE_NAME "Wine"
| #define PACKAGE_TARNAME "wine"
| #define PACKAGE_VERSION "11.8"
| #define PACKAGE_STRING "Wine 11.8"
| #define PACKAGE_BUGREPORT "wine-devel@winehq.org"
| #define PACKAGE_URL "https://www.winehq.org"
| #define EXEEXT ""
| #define HAVE_STDIO_H 1
| #define HAVE_STDLIB_H 1
| #define HAVE_STRING_H 1
| #define HAVE_INTTYPES_H 1
| #define HAVE_STDINT_H 1
| #define HAVE_STRINGS_H 1
| #define HAVE_SYS_STAT_H 1
| #define HAVE_SYS_TYPES_H 1
| #define HAVE_UNISTD_H 1
| #define STDC_HEADERS 1
| #define HAVE_ARPA_INET_H 1
| #define HAVE_ARPA_NAMESER_H 1
| #define HAVE_ASM_TERMBITS_H 1
| #define HAVE_ASM_TYPES_H 1
| #define HAVE_ELF_H 1
| #define HAVE_LINK_H 1
| #define HAVE_LINUX_CDROM_H 1
| #define HAVE_LINUX_FILTER_H 1
| #define HAVE_LINUX_FS_H 1
| #define HAVE_LINUX_HDREG_H 1
| #define HAVE_LINUX_HIDRAW_H 1
| #define HAVE_LINUX_INPUT_H 1
| #define HAVE_LINUX_IOCTL_H 1
| #define HAVE_LINUX_MAJOR_H 1
| #define HAVE_LINUX_MEMFD_H 1
| #define HAVE_LINUX_NTSYNC_H 1
| #define HAVE_LINUX_PARAM_H 1
| #define HAVE_LINUX_SERIAL_H 1
| #define HAVE_LINUX_TYPES_H 1
| #define HAVE_LINUX_USERFAULTFD_H 1
| #define HAVE_LINUX_WIRELESS_H 1
| #define HAVE_MNTENT_H 1
| #define HAVE_NETDB_H 1
| #define HAVE_NETINET_IN_H 1
| #define HAVE_NETINET_IN_SYSTM_H 1
| #define HAVE_NETINET_TCP_H 1
| #define HAVE_PWD_H 1
| #define HAVE_SCHED_H 1
| #define HAVE_SCSI_SCSI_H 1
| #define HAVE_SCSI_SCSI_IOCTL_H 1
| #define HAVE_SCSI_SG_H 1
| #define HAVE_SYS_AUXV_H 1
| #define HAVE_SYS_EPOLL_H 1
| #define HAVE_SYS_IPC_H 1
| #define HAVE_SYS_MTIO_H 1
| #define HAVE_SYS_PARAM_H 1
| #define HAVE_SYS_PERSONALITY_H 1
| #define HAVE_SYS_PRCTL_H 1
| #define HAVE_SYS_PTRACE_H 1
| #define HAVE_SYS_QUEUE_H 1
| #define HAVE_SYS_RANDOM_H 1
| #define HAVE_SYS_RESOURCE_H 1
| #define HAVE_SYS_SHM_H 1
| #define HAVE_SYS_SIGNAL_H 1
| #define HAVE_SYS_SOCKETVAR_H 1
| #define HAVE_SYS_STATVFS_H 1
| #define HAVE_SYS_SYSCALL_H 1
| #define HAVE_SYS_SYSINFO_H 1
| #define HAVE_SYS_TIMES_H 1
| #define HAVE_SYS_UIO_H 1
| #define HAVE_SYS_USER_H 1
| #define HAVE_SYS_UTSNAME_H 1
| #define HAVE_SYS_XATTR_H 1
| #define HAVE_SYSCALL_H 1
| #define HAVE_UTIME_H 1
| #define MAJOR_IN_SYSMACROS 1
| #define HAVE_SYS_MOUNT_H 1
| #define HAVE_SYS_STATFS_H 1
| #define HAVE_SYS_USER_H 1
| #define HAVE_SYS_VFS_H 1
| #define HAVE_NETINET_IP_H 1
| #define HAVE_NET_IF_H 1
| #define HAVE_NET_IF_ARP_H 1
| #define HAVE_NET_ROUTE_H 1
| #define HAVE_NETINET_IF_ETHER_H 1
| #define HAVE_NETINET_IP_ICMP_H 1
| #define HAVE_NETINET_UDP_H 1
| #define HAVE_NETIPX_IPX_H 1
| #define HAVE_SYS_UN_H 1
| #define HAVE_NETINET_ICMP6_H 1
| #define HAVE_LINUX_RTNETLINK_H 1
| #define HAVE_RESOLV_H 1
| #define HAVE_IFADDRS_H 1
| #define HAVE_SYS_UCONTEXT_H 1
| #define HAVE_LINUX_VIDEODEV2_H 1
| /* end confdefs.h.  */
| #ifdef HAVE_SYS_PARAM_H
| #include <sys/param.h>
| #endif
| #include <sys/socket.h>
| #ifdef HAVE_SYS_QUEUE_H
| #include <sys/queue.h>
| #endif
| 
| #include <libprocstat.h>
configure:12034: result: no
configure:12049: checking for bluetooth/rfcomm.h
configure:12049: ccache gcc -m64 -c -march=nocona -mtune=core-avx2 -pipe -O2 -fno-strict-aliasing -fwrapv -mfpmath=sse                         -Wno-error=incompatible-pointer-types -Wno-error=implicit-function-declaration -Wno-error=int-conversion -w -static-libgcc -D_GNU_SOURCE -D_TIME_BITS=64 -D_FILE_OFFSET_BITS=64 -U_FORTIFY_SOURCE -D_FORTIFY_SOURCE=0 -DNDEBUG -D_NDEBUG -D_GNU_SOURCE -D_TIME_BITS=64 -D_FILE_OFFSET_BITS=64 -U_FORTIFY_SOURCE -D_FORTIFY_SOURCE=0 -DNDEBUG -D_NDEBUG conftest.c >&5
conftest.c:99:10: fatal error: bluetooth/rfcomm.h: No such file or directory
   99 | #include <bluetooth/rfcomm.h>
      |          ^~~~~~~~~~~~~~~~~~~~
compilation terminated.
configure:12049: $? = 1
configure: failed program was:
| /* confdefs.h */
| #define PACKAGE_NAME "Wine"
| #define PACKAGE_TARNAME "wine"
| #define PACKAGE_VERSION "11.8"
| #define PACKAGE_STRING "Wine 11.8"
| #define PACKAGE_BUGREPORT "wine-devel@winehq.org"
| #define PACKAGE_URL "https://www.winehq.org"
| #define EXEEXT ""
| #define HAVE_STDIO_H 1
| #define HAVE_STDLIB_H 1
| #define HAVE_STRING_H 1
| #define HAVE_INTTYPES_H 1
| #define HAVE_STDINT_H 1
| #define HAVE_STRINGS_H 1
| #define HAVE_SYS_STAT_H 1
| #define HAVE_SYS_TYPES_H 1
| #define HAVE_UNISTD_H 1
| #define STDC_HEADERS 1
| #define HAVE_ARPA_INET_H 1
| #define HAVE_ARPA_NAMESER_H 1
| #define HAVE_ASM_TERMBITS_H 1
| #define HAVE_ASM_TYPES_H 1
| #define HAVE_ELF_H 1
| #define HAVE_LINK_H 1
| #define HAVE_LINUX_CDROM_H 1
| #define HAVE_LINUX_FILTER_H 1
| #define HAVE_LINUX_FS_H 1
| #define HAVE_LINUX_HDREG_H 1
| #define HAVE_LINUX_HIDRAW_H 1
| #define HAVE_LINUX_INPUT_H 1
| #define HAVE_LINUX_IOCTL_H 1
| #define HAVE_LINUX_MAJOR_H 1
| #define HAVE_LINUX_MEMFD_H 1
| #define HAVE_LINUX_NTSYNC_H 1
| #define HAVE_LINUX_PARAM_H 1
| #define HAVE_LINUX_SERIAL_H 1
| #define HAVE_LINUX_TYPES_H 1
| #define HAVE_LINUX_USERFAULTFD_H 1
| #define HAVE_LINUX_WIRELESS_H 1
| #define HAVE_MNTENT_H 1
| #define HAVE_NETDB_H 1
| #define HAVE_NETINET_IN_H 1
| #define HAVE_NETINET_IN_SYSTM_H 1
| #define HAVE_NETINET_TCP_H 1
| #define HAVE_PWD_H 1
| #define HAVE_SCHED_H 1
| #define HAVE_SCSI_SCSI_H 1
| #define HAVE_SCSI_SCSI_IOCTL_H 1
| #define HAVE_SCSI_SG_H 1
| #define HAVE_SYS_AUXV_H 1
| #define HAVE_SYS_EPOLL_H 1
| #define HAVE_SYS_IPC_H 1
| #define HAVE_SYS_MTIO_H 1
| #define HAVE_SYS_PARAM_H 1
| #define HAVE_SYS_PERSONALITY_H 1
| #define HAVE_SYS_PRCTL_H 1
| #define HAVE_SYS_PTRACE_H 1
| #define HAVE_SYS_QUEUE_H 1
| #define HAVE_SYS_RANDOM_H 1
| #define HAVE_SYS_RESOURCE_H 1
| #define HAVE_SYS_SHM_H 1
| #define HAVE_SYS_SIGNAL_H 1
| #define HAVE_SYS_SOCKETVAR_H 1
| #define HAVE_SYS_STATVFS_H 1
| #define HAVE_SYS_SYSCALL_H 1
| #define HAVE_SYS_SYSINFO_H 1
| #define HAVE_SYS_TIMES_H 1
| #define HAVE_SYS_UIO_H 1
| #define HAVE_SYS_USER_H 1
| #define HAVE_SYS_UTSNAME_H 1
| #define HAVE_SYS_XATTR_H 1
| #define HAVE_SYSCALL_H 1
| #define HAVE_UTIME_H 1
| #define MAJOR_IN_SYSMACROS 1
| #define HAVE_SYS_MOUNT_H 1
| #define HAVE_SYS_STATFS_H 1
| #define HAVE_SYS_USER_H 1
| #define HAVE_SYS_VFS_H 1
| #define HAVE_NETINET_IP_H 1
| #define HAVE_NET_IF_H 1
| #define HAVE_NET_IF_ARP_H 1
| #define HAVE_NET_ROUTE_H 1
| #define HAVE_NETINET_IF_ETHER_H 1
| #define HAVE_NETINET_IP_ICMP_H 1
| #define HAVE_NETINET_UDP_H 1
| #define HAVE_NETIPX_IPX_H 1
| #define HAVE_SYS_UN_H 1
| #define HAVE_NETINET_ICMP6_H 1
| #define HAVE_LINUX_RTNETLINK_H 1
| #define HAVE_RESOLV_H 1
| #define HAVE_IFADDRS_H 1
| #define HAVE_SYS_UCONTEXT_H 1
| #define HAVE_LINUX_VIDEODEV2_H 1
| /* end confdefs.h.  */
| #ifdef HAVE_BLUETOOTH_BLUETOOTH_H
| #include <bluetooth/bluetooth.h>
| #endif
| 
| #include <bluetooth/rfcomm.h>
configure:12049: result: no
configure:12062: checking whether getxattr takes additional arguments
configure:12079: ccache gcc -m64 -c -march=nocona -mtune=core-avx2 -pipe -O2 -fno-strict-aliasing -fwrapv -mfpmath=sse                         -Wno-error=incompatible-pointer-types -Wno-error=implicit-function-declaration -Wno-error=int-conversion -w -static-libgcc -D_GNU_SOURCE -D_TIME_BITS=64 -D_FILE_OFFSET_BITS=64 -U_FORTIFY_SOURCE -D_FORTIFY_SOURCE=0 -DNDEBUG -D_NDEBUG -D_GNU_SOURCE -D_TIME_BITS=64 -D_FILE_OFFSET_BITS=64 -U_FORTIFY_SOURCE -D_FORTIFY_SOURCE=0 -DNDEBUG -D_NDEBUG conftest.c >&5
conftest.c: In function 'main':
conftest.c:99:1: error: too many arguments to function 'getxattr'
   99 | getxattr("", "", "", 0, 0, 0);
      | ^~~~~~~~
In file included from conftest.c:95:
/usr/include/x86_64-linux-gnu/sys/xattr.h:60:16: note: declared here
   60 | extern ssize_t getxattr (const char *__path, const char *__name,
      |                ^~~~~~~~
configure:12079: $? = 1
configure: failed program was:
| /* confdefs.h */
| #define PACKAGE_NAME "Wine"
| #define PACKAGE_TARNAME "wine"
| #define PACKAGE_VERSION "11.8"
| #define PACKAGE_STRING "Wine 11.8"
| #define PACKAGE_BUGREPORT "wine-devel@winehq.org"
| #define PACKAGE_URL "https://www.winehq.org"
| #define EXEEXT ""
| #define HAVE_STDIO_H 1
| #define HAVE_STDLIB_H 1
| #define HAVE_STRING_H 1
| #define HAVE_INTTYPES_H 1
| #define HAVE_STDINT_H 1
| #define HAVE_STRINGS_H 1
| #define HAVE_SYS_STAT_H 1
| #define HAVE_SYS_TYPES_H 1
| #define HAVE_UNISTD_H 1
| #define STDC_HEADERS 1
| #define HAVE_ARPA_INET_H 1
| #define HAVE_ARPA_NAMESER_H 1
| #define HAVE_ASM_TERMBITS_H 1
| #define HAVE_ASM_TYPES_H 1
| #define HAVE_ELF_H 1
| #define HAVE_LINK_H 1
| #define HAVE_LINUX_CDROM_H 1
| #define HAVE_LINUX_FILTER_H 1
| #define HAVE_LINUX_FS_H 1
| #define HAVE_LINUX_HDREG_H 1
| #define HAVE_LINUX_HIDRAW_H 1
| #define HAVE_LINUX_INPUT_H 1
| #define HAVE_LINUX_IOCTL_H 1
| #define HAVE_LINUX_MAJOR_H 1
| #define HAVE_LINUX_MEMFD_H 1
| #define HAVE_LINUX_NTSYNC_H 1
| #define HAVE_LINUX_PARAM_H 1
| #define HAVE_LINUX_SERIAL_H 1
| #define HAVE_LINUX_TYPES_H 1
| #define HAVE_LINUX_USERFAULTFD_H 1
| #define HAVE_LINUX_WIRELESS_H 1
| #define HAVE_MNTENT_H 1
| #define HAVE_NETDB_H 1
| #define HAVE_NETINET_IN_H 1
| #define HAVE_NETINET_IN_SYSTM_H 1
| #define HAVE_NETINET_TCP_H 1
| #define HAVE_PWD_H 1
| #define HAVE_SCHED_H 1
| #define HAVE_SCSI_SCSI_H 1
| #define HAVE_SCSI_SCSI_IOCTL_H 1
| #define HAVE_SCSI_SG_H 1
| #define HAVE_SYS_AUXV_H 1
| #define HAVE_SYS_EPOLL_H 1
| #define HAVE_SYS_IPC_H 1
| #define HAVE_SYS_MTIO_H 1
| #define HAVE_SYS_PARAM_H 1
| #define HAVE_SYS_PERSONALITY_H 1
| #define HAVE_SYS_PRCTL_H 1
| #define HAVE_SYS_PTRACE_H 1
| #define HAVE_SYS_QUEUE_H 1
| #define HAVE_SYS_RANDOM_H 1
| #define HAVE_SYS_RESOURCE_H 1
| #define HAVE_SYS_SHM_H 1
| #define HAVE_SYS_SIGNAL_H 1
| #define HAVE_SYS_SOCKETVAR_H 1
| #define HAVE_SYS_STATVFS_H 1
| #define HAVE_SYS_SYSCALL_H 1
| #define HAVE_SYS_SYSINFO_H 1
| #define HAVE_SYS_TIMES_H 1
| #define HAVE_SYS_UIO_H 1
| #define HAVE_SYS_USER_H 1
| #define HAVE_SYS_UTSNAME_H 1
| #define HAVE_SYS_XATTR_H 1
| #define HAVE_SYSCALL_H 1
| #define HAVE_UTIME_H 1
| #define MAJOR_IN_SYSMACROS 1
| #define HAVE_SYS_MOUNT_H 1
| #define HAVE_SYS_STATFS_H 1
| #define HAVE_SYS_USER_H 1
| #define HAVE_SYS_VFS_H 1
| #define HAVE_NETINET_IP_H 1
| #define HAVE_NET_IF_H 1
| #define HAVE_NET_IF_ARP_H 1
| #define HAVE_NET_ROUTE_H 1
| #define HAVE_NETINET_IF_ETHER_H 1
| #define HAVE_NETINET_IP_ICMP_H 1
| #define HAVE_NETINET_UDP_H 1
| #define HAVE_NETIPX_IPX_H 1
| #define HAVE_SYS_UN_H 1
| #define HAVE_NETINET_ICMP6_H 1
| #define HAVE_LINUX_RTNETLINK_H 1
| #define HAVE_RESOLV_H 1
| #define HAVE_IFADDRS_H 1
| #define HAVE_SYS_UCONTEXT_H 1
| #define HAVE_LINUX_VIDEODEV2_H 1
| /* end confdefs.h.  */
| #include <sys/xattr.h>
| int
| main (void)
| {
| getxattr("", "", "", 0, 0, 0);
|   ;
|   return 0;
| }
configure:12089: result: no
configure:12120: checking for ldd
configure:12144: found /usr/bin/ldd
configure:12158: result: /usr/bin/ldd
configure:12215: checking for otool
configure:12251: result: no
configure:12319: checking for readelf
configure:12340: found /usr/bin/readelf
configure:12352: result: readelf
configure:13132: checking whether -Wl,-z,defs works correctly
configure:13144: ccache gcc -m64 -o conftest -march=nocona -mtune=core-avx2 -pipe -O2 -fno-strict-aliasing -fwrapv -mfpmath=sse                         -Wno-error=incompatible-pointer-types -Wno-error=implicit-function-declaration -Wno-error=int-conversion -w -static-libgcc -D_GNU_SOURCE -D_TIME_BITS=64 -D_FILE_OFFSET_BITS=64 -U_FORTIFY_SOURCE -D_FORTIFY_SOURCE=0 -DNDEBUG -D_NDEBUG -fPIC -shared -Wl,-Bsymbolic -Wl,-soname,$(UNIXLIB) -Wl,-z,defs -D_GNU_SOURCE -D_TIME_BITS=64 -D_FILE_OFFSET_BITS=64 -U_FORTIFY_SOURCE -D_FORTIFY_SOURCE=0 -DNDEBUG -D_NDEBUG -march=nocona -mtune=core-avx2 -pipe -O2 -fno-strict-aliasing -fwrapv -mfpmath=sse                         -Wno-error=incompatible-pointer-types -Wno-error=implicit-function-declaration -Wno-error=int-conversion -w -static-libgcc -D_GNU_SOURCE -D_TIME_BITS=64 -D_FILE_OFFSET_BITS=64 -U_FORTIFY_SOURCE -D_FORTIFY_SOURCE=0 -DNDEBUG -D_NDEBUG -Wl,-O1,--sort-common,--as-needed -L/usr/local/x86_64/lib/x86_64-linux-gnu -L/usr/local/lib conftest.c  >&5
configure:13144: $? = 0
configure:13156: result: yes
configure:13160: checking whether the compiler supports -Wl,--export-dynamic
configure:13172: ccache gcc -m64 -o conftest -march=nocona -mtune=core-avx2 -pipe -O2 -fno-strict-aliasing -fwrapv -mfpmath=sse                         -Wno-error=incompatible-pointer-types -Wno-error=implicit-function-declaration -Wno-error=int-conversion -w -static-libgcc -D_GNU_SOURCE -D_TIME_BITS=64 -D_FILE_OFFSET_BITS=64 -U_FORTIFY_SOURCE -D_FORTIFY_SOURCE=0 -DNDEBUG -D_NDEBUG -Wl,--export-dynamic -D_GNU_SOURCE -D_TIME_BITS=64 -D_FILE_OFFSET_BITS=64 -U_FORTIFY_SOURCE -D_FORTIFY_SOURCE=0 -DNDEBUG -D_NDEBUG -march=nocona -mtune=core-avx2 -pipe -O2 -fno-strict-aliasing -fwrapv -mfpmath=sse                         -Wno-error=incompatible-pointer-types -Wno-error=implicit-function-declaration -Wno-error=int-conversion -w -static-libgcc -D_GNU_SOURCE -D_TIME_BITS=64 -D_FILE_OFFSET_BITS=64 -U_FORTIFY_SOURCE -D_FORTIFY_SOURCE=0 -DNDEBUG -D_NDEBUG -Wl,-O1,--sort-common,--as-needed -L/usr/local/x86_64/lib/x86_64-linux-gnu -L/usr/local/lib conftest.c  >&5
configure:13172: $? = 0
configure:13184: result: yes
configure:13199: checking whether the compiler supports -static-pie
configure:13211: ccache gcc -m64 -o conftest -march=nocona -mtune=core-avx2 -pipe -O2 -fno-strict-aliasing -fwrapv -mfpmath=sse                         -Wno-error=incompatible-pointer-types -Wno-error=implicit-function-declaration -Wno-error=int-conversion -w -static-libgcc -D_GNU_SOURCE -D_TIME_BITS=64 -D_FILE_OFFSET_BITS=64 -U_FORTIFY_SOURCE -D_FORTIFY_SOURCE=0 -DNDEBUG -D_NDEBUG -static-pie -D_GNU_SOURCE -D_TIME_BITS=64 -D_FILE_OFFSET_BITS=64 -U_FORTIFY_SOURCE -D_FORTIFY_SOURCE=0 -DNDEBUG -D_NDEBUG -march=nocona -mtune=core-avx2 -pipe -O2 -fno-strict-aliasing -fwrapv -mfpmath=sse                         -Wno-error=incompatible-pointer-types -Wno-error=implicit-function-declaration -Wno-error=int-conversion -w -static-libgcc -D_GNU_SOURCE -D_TIME_BITS=64 -D_FILE_OFFSET_BITS=64 -U_FORTIFY_SOURCE -D_FORTIFY_SOURCE=0 -DNDEBUG -D_NDEBUG -Wl,-O1,--sort-common,--as-needed -L/usr/local/x86_64/lib/x86_64-linux-gnu -L/usr/local/lib conftest.c  >&5
configure:13211: $? = 0
configure:13223: result: yes
configure:14619: capstone cflags: -I$(top_srcdir)/libs/capstone/include
configure:14620: capstone libs: capstone
configure:14636: c++ cflags: 
configure:14637: c++ libs: c++ $(CXXABI_PE_LIBS) msvcp140 vcruntime140
configure:14653: c++abi cflags: -I$(top_srcdir)/libs/c++abi/include
configure:14654: c++abi libs: c++abi $(UNWIND_PE_LIBS) c++
configure:14670: faudio cflags: -I$(top_srcdir)/libs/faudio/include
configure:14671: faudio libs: faudio mfplat mfreadwrite mfuuid propsys
configure:14687: fluidsynth cflags: -I$(top_srcdir)/libs/fluidsynth/include
configure:14688: fluidsynth libs: fluidsynth
configure:14704: gsm cflags: -I$(top_srcdir)/libs/gsm/inc
configure:14705: gsm libs: gsm
configure:14721: icucommon cflags: -I$(top_srcdir)/libs/icucommon
configure:14722: icucommon libs: icucommon
configure:14738: icui18n cflags: 
configure:14739: icui18n libs: icui18n
configure:14755: jpeg cflags: -I$(top_srcdir)/libs/jpeg
configure:14756: jpeg libs: jpeg
configure:14772: jxr cflags: -I$(top_srcdir)/libs/jxr/jxrgluelib -I$(top_srcdir)/libs/jxr/image/sys
configure:14773: jxr libs: jxr
configure:14789: lcms2 cflags: -I$(top_srcdir)/libs/lcms2/include
configure:14790: lcms2 libs: lcms2
configure:14806: ldap cflags: -I$(top_srcdir)/libs/ldap/include
configure:14807: ldap libs: ldap
configure:14823: mpg123 cflags: -I$(top_srcdir)/libs/mpg123/src/include
configure:14824: mpg123 libs: mpg123
configure:14840: musl cflags: 
configure:14841: musl libs: musl
configure:14857: png cflags: -I$(top_srcdir)/libs/png
configure:14858: png libs: png $(ZLIB_PE_LIBS)
configure:14874: tiff cflags: -I$(top_srcdir)/libs/tiff/libtiff
configure:14875: tiff libs: tiff $(ZLIB_PE_LIBS)
configure:14891: tomcrypt cflags: -I$(top_srcdir)/libs/tomcrypt/src/headers -DLTC_NO_PROTOTYPES -DLTC_SOURCE
configure:14892: tomcrypt libs: tomcrypt
configure:14908: unwind cflags: -I$(top_srcdir)/libs/unwind/include
configure:14909: unwind libs: unwind
configure:14925: vkd3d cflags: -I$(top_srcdir)/libs/vkd3d/include
configure:14926: vkd3d libs: vkd3d
configure:14942: xml2 cflags: -I$(top_srcdir)/libs/xml2/include -DLIBXML_STATIC
configure:14943: xml2 libs: xml2
configure:14959: xslt cflags: -I$(top_srcdir)/libs/xslt/libxslt -I$(top_srcdir)/libs/xslt -DLIBXSLT_STATIC
configure:14960: xslt libs: xslt
configure:14976: zlib cflags: -I$(top_srcdir)/libs/zlib -DFAR= -DZ_SOLO
configure:14977: zlib libs: z
configure:14985: checking for pthread_create
configure:14985: ccache gcc -m64 -o conftest -march=nocona -mtune=core-avx2 -pipe -O2 -fno-strict-aliasing -fwrapv -mfpmath=sse                         -Wno-error=incompatible-pointer-types -Wno-error=implicit-function-declaration -Wno-error=int-conversion -w -static-libgcc -D_GNU_SOURCE -D_TIME_BITS=64 -D_FILE_OFFSET_BITS=64 -U_FORTIFY_SOURCE -D_FORTIFY_SOURCE=0 -DNDEBUG -D_NDEBUG -D_GNU_SOURCE -D_TIME_BITS=64 -D_FILE_OFFSET_BITS=64 -U_FORTIFY_SOURCE -D_FORTIFY_SOURCE=0 -DNDEBUG -D_NDEBUG -march=nocona -mtune=core-avx2 -pipe -O2 -fno-strict-aliasing -fwrapv -mfpmath=sse                         -Wno-error=incompatible-pointer-types -Wno-error=implicit-function-declaration -Wno-error=int-conversion -w -static-libgcc -D_GNU_SOURCE -D_TIME_BITS=64 -D_FILE_OFFSET_BITS=64 -U_FORTIFY_SOURCE -D_FORTIFY_SOURCE=0 -DNDEBUG -D_NDEBUG -Wl,-O1,--sort-common,--as-needed -L/usr/local/x86_64/lib/x86_64-linux-gnu -L/usr/local/lib conftest.c  >&5
configure:14985: $? = 0
configure:14985: result: yes
configure:15076: egl cflags: -I/usr/local/x86_64/include 
configure:15077: egl libs: -lEGL 
configure:15087: checking for -lEGL
configure:15116: ccache gcc -m64 -o conftest -march=nocona -mtune=core-avx2 -pipe -O2 -fno-strict-aliasing -fwrapv -mfpmath=sse                         -Wno-error=incompatible-pointer-types -Wno-error=implicit-function-declaration -Wno-error=int-conversion -w -static-libgcc -D_GNU_SOURCE -D_TIME_BITS=64 -D_FILE_OFFSET_BITS=64 -U_FORTIFY_SOURCE -D_FORTIFY_SOURCE=0 -DNDEBUG -D_NDEBUG -D_GNU_SOURCE -D_TIME_BITS=64 -D_FILE_OFFSET_BITS=64 -U_FORTIFY_SOURCE -D_FORTIFY_SOURCE=0 -DNDEBUG -D_NDEBUG -I/usr/local/x86_64/include  -march=nocona -mtune=core-avx2 -pipe -O2 -fno-strict-aliasing -fwrapv -mfpmath=sse                         -Wno-error=incompatible-pointer-types -Wno-error=implicit-function-declaration -Wno-error=int-conversion -w -static-libgcc -D_GNU_SOURCE -D_TIME_BITS=64 -D_FILE_OFFSET_BITS=64 -U_FORTIFY_SOURCE -D_FORTIFY_SOURCE=0 -DNDEBUG -D_NDEBUG -Wl,-O1,--sort-common,--as-needed -L/usr/local/x86_64/lib/x86_64-linux-gnu -L/usr/local/lib conftest.c -lEGL -lEGL   >&5
configure:15116: $? = 0
configure:15142: result: libEGL.so.1
configure:15171: checking how to run the C preprocessor
configure:15197: ccache gcc -m64 -E -D_GNU_SOURCE -D_TIME_BITS=64 -D_FILE_OFFSET_BITS=64 -U_FORTIFY_SOURCE -D_FORTIFY_SOURCE=0 -DNDEBUG -D_NDEBUG conftest.c
configure:15197: $? = 0
configure:15213: ccache gcc -m64 -E -D_GNU_SOURCE -D_TIME_BITS=64 -D_FILE_OFFSET_BITS=64 -U_FORTIFY_SOURCE -D_FORTIFY_SOURCE=0 -DNDEBUG -D_NDEBUG conftest.c
conftest.c:97:10: fatal error: ac_nonexistent.h: No such file or directory
   97 | #include <ac_nonexistent.h>
      |          ^~~~~~~~~~~~~~~~~~
compilation terminated.
configure:15213: $? = 1
configure: failed program was:
| /* confdefs.h */
| #define PACKAGE_NAME "Wine"
| #define PACKAGE_TARNAME "wine"
| #define PACKAGE_VERSION "11.8"
| #define PACKAGE_STRING "Wine 11.8"
| #define PACKAGE_BUGREPORT "wine-devel@winehq.org"
| #define PACKAGE_URL "https://www.winehq.org"
| #define EXEEXT ""
| #define HAVE_STDIO_H 1
| #define HAVE_STDLIB_H 1
| #define HAVE_STRING_H 1
| #define HAVE_INTTYPES_H 1
| #define HAVE_STDINT_H 1
| #define HAVE_STRINGS_H 1
| #define HAVE_SYS_STAT_H 1
| #define HAVE_SYS_TYPES_H 1
| #define HAVE_UNISTD_H 1
| #define STDC_HEADERS 1
| #define HAVE_ARPA_INET_H 1
| #define HAVE_ARPA_NAMESER_H 1
| #define HAVE_ASM_TERMBITS_H 1
| #define HAVE_ASM_TYPES_H 1
| #define HAVE_ELF_H 1
| #define HAVE_LINK_H 1
| #define HAVE_LINUX_CDROM_H 1
| #define HAVE_LINUX_FILTER_H 1
| #define HAVE_LINUX_FS_H 1
| #define HAVE_LINUX_HDREG_H 1
| #define HAVE_LINUX_HIDRAW_H 1
| #define HAVE_LINUX_INPUT_H 1
| #define HAVE_LINUX_IOCTL_H 1
| #define HAVE_LINUX_MAJOR_H 1
| #define HAVE_LINUX_MEMFD_H 1
| #define HAVE_LINUX_NTSYNC_H 1
| #define HAVE_LINUX_PARAM_H 1
| #define HAVE_LINUX_SERIAL_H 1
| #define HAVE_LINUX_TYPES_H 1
| #define HAVE_LINUX_USERFAULTFD_H 1
| #define HAVE_LINUX_WIRELESS_H 1
| #define HAVE_MNTENT_H 1
| #define HAVE_NETDB_H 1
| #define HAVE_NETINET_IN_H 1
| #define HAVE_NETINET_IN_SYSTM_H 1
| #define HAVE_NETINET_TCP_H 1
| #define HAVE_PWD_H 1
| #define HAVE_SCHED_H 1
| #define HAVE_SCSI_SCSI_H 1
| #define HAVE_SCSI_SCSI_IOCTL_H 1
| #define HAVE_SCSI_SG_H 1
| #define HAVE_SYS_AUXV_H 1
| #define HAVE_SYS_EPOLL_H 1
| #define HAVE_SYS_IPC_H 1
| #define HAVE_SYS_MTIO_H 1
| #define HAVE_SYS_PARAM_H 1
| #define HAVE_SYS_PERSONALITY_H 1
| #define HAVE_SYS_PRCTL_H 1
| #define HAVE_SYS_PTRACE_H 1
| #define HAVE_SYS_QUEUE_H 1
| #define HAVE_SYS_RANDOM_H 1
| #define HAVE_SYS_RESOURCE_H 1
| #define HAVE_SYS_SHM_H 1
| #define HAVE_SYS_SIGNAL_H 1
| #define HAVE_SYS_SOCKETVAR_H 1
| #define HAVE_SYS_STATVFS_H 1
| #define HAVE_SYS_SYSCALL_H 1
| #define HAVE_SYS_SYSINFO_H 1
| #define HAVE_SYS_TIMES_H 1
| #define HAVE_SYS_UIO_H 1
| #define HAVE_SYS_USER_H 1
| #define HAVE_SYS_UTSNAME_H 1
| #define HAVE_SYS_XATTR_H 1
| #define HAVE_SYSCALL_H 1
| #define HAVE_UTIME_H 1
| #define MAJOR_IN_SYSMACROS 1
| #define HAVE_SYS_MOUNT_H 1
| #define HAVE_SYS_STATFS_H 1
| #define HAVE_SYS_USER_H 1
| #define HAVE_SYS_VFS_H 1
| #define HAVE_NETINET_IP_H 1
| #define HAVE_NET_IF_H 1
| #define HAVE_NET_IF_ARP_H 1
| #define HAVE_NET_ROUTE_H 1
| #define HAVE_NETINET_IF_ETHER_H 1
| #define HAVE_NETINET_IP_ICMP_H 1
| #define HAVE_NETINET_UDP_H 1
| #define HAVE_NETIPX_IPX_H 1
| #define HAVE_SYS_UN_H 1
| #define HAVE_NETINET_ICMP6_H 1
| #define HAVE_LINUX_RTNETLINK_H 1
| #define HAVE_RESOLV_H 1
| #define HAVE_IFADDRS_H 1
| #define HAVE_SYS_UCONTEXT_H 1
| #define HAVE_LINUX_VIDEODEV2_H 1
| #define _GNU_SOURCE 1
| #define SONAME_LIBEGL "libEGL.so.1"
| /* end confdefs.h.  */
| #include <ac_nonexistent.h>
configure:15242: result: ccache gcc -m64 -E
configure:15256: ccache gcc -m64 -E -D_GNU_SOURCE -D_TIME_BITS=64 -D_FILE_OFFSET_BITS=64 -U_FORTIFY_SOURCE -D_FORTIFY_SOURCE=0 -DNDEBUG -D_NDEBUG conftest.c
configure:15256: $? = 0
configure:15272: ccache gcc -m64 -E -D_GNU_SOURCE -D_TIME_BITS=64 -D_FILE_OFFSET_BITS=64 -U_FORTIFY_SOURCE -D_FORTIFY_SOURCE=0 -DNDEBUG -D_NDEBUG conftest.c
conftest.c:97:10: fatal error: ac_nonexistent.h: No such file or directory
   97 | #include <ac_nonexistent.h>
      |          ^~~~~~~~~~~~~~~~~~
compilation terminated.
configure:15272: $? = 1
configure: failed program was:
| /* confdefs.h */
| #define PACKAGE_NAME "Wine"
| #define PACKAGE_TARNAME "wine"
| #define PACKAGE_VERSION "11.8"
| #define PACKAGE_STRING "Wine 11.8"
| #define PACKAGE_BUGREPORT "wine-devel@winehq.org"
| #define PACKAGE_URL "https://www.winehq.org"
| #define EXEEXT ""
| #define HAVE_STDIO_H 1
| #define HAVE_STDLIB_H 1
| #define HAVE_STRING_H 1
| #define HAVE_INTTYPES_H 1
| #define HAVE_STDINT_H 1
| #define HAVE_STRINGS_H 1
| #define HAVE_SYS_STAT_H 1
| #define HAVE_SYS_TYPES_H 1
| #define HAVE_UNISTD_H 1
| #define STDC_HEADERS 1
| #define HAVE_ARPA_INET_H 1
| #define HAVE_ARPA_NAMESER_H 1
| #define HAVE_ASM_TERMBITS_H 1
| #define HAVE_ASM_TYPES_H 1
| #define HAVE_ELF_H 1
| #define HAVE_LINK_H 1
| #define HAVE_LINUX_CDROM_H 1
| #define HAVE_LINUX_FILTER_H 1
| #define HAVE_LINUX_FS_H 1
| #define HAVE_LINUX_HDREG_H 1
| #define HAVE_LINUX_HIDRAW_H 1
| #define HAVE_LINUX_INPUT_H 1
| #define HAVE_LINUX_IOCTL_H 1
| #define HAVE_LINUX_MAJOR_H 1
| #define HAVE_LINUX_MEMFD_H 1
| #define HAVE_LINUX_NTSYNC_H 1
| #define HAVE_LINUX_PARAM_H 1
| #define HAVE_LINUX_SERIAL_H 1
| #define HAVE_LINUX_TYPES_H 1
| #define HAVE_LINUX_USERFAULTFD_H 1
| #define HAVE_LINUX_WIRELESS_H 1
| #define HAVE_MNTENT_H 1
| #define HAVE_NETDB_H 1
| #define HAVE_NETINET_IN_H 1
| #define HAVE_NETINET_IN_SYSTM_H 1
| #define HAVE_NETINET_TCP_H 1
| #define HAVE_PWD_H 1
| #define HAVE_SCHED_H 1
| #define HAVE_SCSI_SCSI_H 1
| #define HAVE_SCSI_SCSI_IOCTL_H 1
| #define HAVE_SCSI_SG_H 1
| #define HAVE_SYS_AUXV_H 1
| #define HAVE_SYS_EPOLL_H 1
| #define HAVE_SYS_IPC_H 1
| #define HAVE_SYS_MTIO_H 1
| #define HAVE_SYS_PARAM_H 1
| #define HAVE_SYS_PERSONALITY_H 1
| #define HAVE_SYS_PRCTL_H 1
| #define HAVE_SYS_PTRACE_H 1
| #define HAVE_SYS_QUEUE_H 1
| #define HAVE_SYS_RANDOM_H 1
| #define HAVE_SYS_RESOURCE_H 1
| #define HAVE_SYS_SHM_H 1
| #define HAVE_SYS_SIGNAL_H 1
| #define HAVE_SYS_SOCKETVAR_H 1
| #define HAVE_SYS_STATVFS_H 1
| #define HAVE_SYS_SYSCALL_H 1
| #define HAVE_SYS_SYSINFO_H 1
| #define HAVE_SYS_TIMES_H 1
| #define HAVE_SYS_UIO_H 1
| #define HAVE_SYS_USER_H 1
| #define HAVE_SYS_UTSNAME_H 1
| #define HAVE_SYS_XATTR_H 1
| #define HAVE_SYSCALL_H 1
| #define HAVE_UTIME_H 1
| #define MAJOR_IN_SYSMACROS 1
| #define HAVE_SYS_MOUNT_H 1
| #define HAVE_SYS_STATFS_H 1
| #define HAVE_SYS_USER_H 1
| #define HAVE_SYS_VFS_H 1
| #define HAVE_NETINET_IP_H 1
| #define HAVE_NET_IF_H 1
| #define HAVE_NET_IF_ARP_H 1
| #define HAVE_NET_ROUTE_H 1
| #define HAVE_NETINET_IF_ETHER_H 1
| #define HAVE_NETINET_IP_ICMP_H 1
| #define HAVE_NETINET_UDP_H 1
| #define HAVE_NETIPX_IPX_H 1
| #define HAVE_SYS_UN_H 1
| #define HAVE_NETINET_ICMP6_H 1
| #define HAVE_LINUX_RTNETLINK_H 1
| #define HAVE_RESOLV_H 1
| #define HAVE_IFADDRS_H 1
| #define HAVE_SYS_UCONTEXT_H 1
| #define HAVE_LINUX_VIDEODEV2_H 1
| #define _GNU_SOURCE 1
| #define SONAME_LIBEGL "libEGL.so.1"
| /* end confdefs.h.  */
| #include <ac_nonexistent.h>
configure:15305: checking for X
configure:15343: ccache gcc -m64 -o conftest -march=nocona -mtune=core-avx2 -pipe -O2 -fno-strict-aliasing -fwrapv -mfpmath=sse                         -Wno-error=incompatible-pointer-types -Wno-error=implicit-function-declaration -Wno-error=int-conversion -w -static-libgcc -D_GNU_SOURCE -D_TIME_BITS=64 -D_FILE_OFFSET_BITS=64 -U_FORTIFY_SOURCE -D_FORTIFY_SOURCE=0 -DNDEBUG -D_NDEBUG -D_GNU_SOURCE -D_TIME_BITS=64 -D_FILE_OFFSET_BITS=64 -U_FORTIFY_SOURCE -D_FORTIFY_SOURCE=0 -DNDEBUG -D_NDEBUG -march=nocona -mtune=core-avx2 -pipe -O2 -fno-strict-aliasing -fwrapv -mfpmath=sse                         -Wno-error=incompatible-pointer-types -Wno-error=implicit-function-declaration -Wno-error=int-conversion -w -static-libgcc -D_GNU_SOURCE -D_TIME_BITS=64 -D_FILE_OFFSET_BITS=64 -U_FORTIFY_SOURCE -D_FORTIFY_SOURCE=0 -DNDEBUG -D_NDEBUG -Wl,-O1,--sort-common,--as-needed -L/usr/local/x86_64/lib/x86_64-linux-gnu -L/usr/local/lib conftest.c -lX11  >&5
configure:15343: $? = 0
configure:15533: result: libraries , headers 
configure:15547: checking for -lX11
configure:15576: ccache gcc -m64 -o conftest -march=nocona -mtune=core-avx2 -pipe -O2 -fno-strict-aliasing -fwrapv -mfpmath=sse                         -Wno-error=incompatible-pointer-types -Wno-error=implicit-function-declaration -Wno-error=int-conversion -w -static-libgcc -D_GNU_SOURCE -D_TIME_BITS=64 -D_FILE_OFFSET_BITS=64 -U_FORTIFY_SOURCE -D_FORTIFY_SOURCE=0 -DNDEBUG -D_NDEBUG -D_GNU_SOURCE -D_TIME_BITS=64 -D_FILE_OFFSET_BITS=64 -U_FORTIFY_SOURCE -D_FORTIFY_SOURCE=0 -DNDEBUG -D_NDEBUG  -march=nocona -mtune=core-avx2 -pipe -O2 -fno-strict-aliasing -fwrapv -mfpmath=sse                         -Wno-error=incompatible-pointer-types -Wno-error=implicit-function-declaration -Wno-error=int-conversion -w -static-libgcc -D_GNU_SOURCE -D_TIME_BITS=64 -D_FILE_OFFSET_BITS=64 -U_FORTIFY_SOURCE -D_FORTIFY_SOURCE=0 -DNDEBUG -D_NDEBUG -Wl,-O1,--sort-common,--as-needed -L/usr/local/x86_64/lib/x86_64-linux-gnu -L/usr/local/lib conftest.c -lX11   >&5
configure:15576: $? = 0
configure:15602: result: libX11.so.6
configure:15610: checking for -lXext
configure:15639: ccache gcc -m64 -o conftest -march=nocona -mtune=core-avx2 -pipe -O2 -fno-strict-aliasing -fwrapv -mfpmath=sse                         -Wno-error=incompatible-pointer-types -Wno-error=implicit-function-declaration -Wno-error=int-conversion -w -static-libgcc -D_GNU_SOURCE -D_TIME_BITS=64 -D_FILE_OFFSET_BITS=64 -U_FORTIFY_SOURCE -D_FORTIFY_SOURCE=0 -DNDEBUG -D_NDEBUG -D_GNU_SOURCE -D_TIME_BITS=64 -D_FILE_OFFSET_BITS=64 -U_FORTIFY_SOURCE -D_FORTIFY_SOURCE=0 -DNDEBUG -D_NDEBUG  -march=nocona -mtune=core-avx2 -pipe -O2 -fno-strict-aliasing -fwrapv -mfpmath=sse                         -Wno-error=incompatible-pointer-types -Wno-error=implicit-function-declaration -Wno-error=int-conversion -w -static-libgcc -D_GNU_SOURCE -D_TIME_BITS=64 -D_FILE_OFFSET_BITS=64 -U_FORTIFY_SOURCE -D_FORTIFY_SOURCE=0 -DNDEBUG -D_NDEBUG -Wl,-O1,--sort-common,--as-needed -L/usr/local/x86_64/lib/x86_64-linux-gnu -L/usr/local/lib conftest.c -lXext  -lX11  >&5
configure:15639: $? = 0
configure:15665: result: libXext.so.6
configure:15678: checking for X11/extensions/shape.h
configure:15678: ccache gcc -m64 -c -march=nocona -mtune=core-avx2 -pipe -O2 -fno-strict-aliasing -fwrapv -mfpmath=sse                         -Wno-error=incompatible-pointer-types -Wno-error=implicit-function-declaration -Wno-error=int-conversion -w -static-libgcc -D_GNU_SOURCE -D_TIME_BITS=64 -D_FILE_OFFSET_BITS=64 -U_FORTIFY_SOURCE -D_FORTIFY_SOURCE=0 -DNDEBUG -D_NDEBUG -D_GNU_SOURCE -D_TIME_BITS=64 -D_FILE_OFFSET_BITS=64 -U_FORTIFY_SOURCE -D_FORTIFY_SOURCE=0 -DNDEBUG -D_NDEBUG  conftest.c >&5
configure:15678: $? = 0
configure:15678: result: yes
configure:15685: checking for X11/extensions/XInput.h
configure:15685: ccache gcc -m64 -c -march=nocona -mtune=core-avx2 -pipe -O2 -fno-strict-aliasing -fwrapv -mfpmath=sse                         -Wno-error=incompatible-pointer-types -Wno-error=implicit-function-declaration -Wno-error=int-conversion -w -static-libgcc -D_GNU_SOURCE -D_TIME_BITS=64 -D_FILE_OFFSET_BITS=64 -U_FORTIFY_SOURCE -D_FORTIFY_SOURCE=0 -DNDEBUG -D_NDEBUG -D_GNU_SOURCE -D_TIME_BITS=64 -D_FILE_OFFSET_BITS=64 -U_FORTIFY_SOURCE -D_FORTIFY_SOURCE=0 -DNDEBUG -D_NDEBUG  conftest.c >&5
configure:15685: $? = 0
configure:15685: result: yes
configure:15692: checking for X11/extensions/XInput2.h
configure:15692: ccache gcc -m64 -c -march=nocona -mtune=core-avx2 -pipe -O2 -fno-strict-aliasing -fwrapv -mfpmath=sse                         -Wno-error=incompatible-pointer-types -Wno-error=implicit-function-declaration -Wno-error=int-conversion -w -static-libgcc -D_GNU_SOURCE -D_TIME_BITS=64 -D_FILE_OFFSET_BITS=64 -U_FORTIFY_SOURCE -D_FORTIFY_SOURCE=0 -DNDEBUG -D_NDEBUG -D_GNU_SOURCE -D_TIME_BITS=64 -D_FILE_OFFSET_BITS=64 -U_FORTIFY_SOURCE -D_FORTIFY_SOURCE=0 -DNDEBUG -D_NDEBUG  conftest.c >&5
configure:15692: $? = 0
configure:15692: result: yes
configure:15699: checking for X11/extensions/XShm.h
configure:15699: ccache gcc -m64 -c -march=nocona -mtune=core-avx2 -pipe -O2 -fno-strict-aliasing -fwrapv -mfpmath=sse                         -Wno-error=incompatible-pointer-types -Wno-error=implicit-function-declaration -Wno-error=int-conversion -w -static-libgcc -D_GNU_SOURCE -D_TIME_BITS=64 -D_FILE_OFFSET_BITS=64 -U_FORTIFY_SOURCE -D_FORTIFY_SOURCE=0 -DNDEBUG -D_NDEBUG -D_GNU_SOURCE -D_TIME_BITS=64 -D_FILE_OFFSET_BITS=64 -U_FORTIFY_SOURCE -D_FORTIFY_SOURCE=0 -DNDEBUG -D_NDEBUG  conftest.c >&5
configure:15699: $? = 0
configure:15699: result: yes
configure:15706: checking for X11/extensions/Xfixes.h
configure:15706: ccache gcc -m64 -c -march=nocona -mtune=core-avx2 -pipe -O2 -fno-strict-aliasing -fwrapv -mfpmath=sse                         -Wno-error=incompatible-pointer-types -Wno-error=implicit-function-declaration -Wno-error=int-conversion -w -static-libgcc -D_GNU_SOURCE -D_TIME_BITS=64 -D_FILE_OFFSET_BITS=64 -U_FORTIFY_SOURCE -D_FORTIFY_SOURCE=0 -DNDEBUG -D_NDEBUG -D_GNU_SOURCE -D_TIME_BITS=64 -D_FILE_OFFSET_BITS=64 -U_FORTIFY_SOURCE -D_FORTIFY_SOURCE=0 -DNDEBUG -D_NDEBUG  conftest.c >&5
configure:15706: $? = 0
configure:15706: result: yes
configure:15713: checking for X11/extensions/Xinerama.h
configure:15713: ccache gcc -m64 -c -march=nocona -mtune=core-avx2 -pipe -O2 -fno-strict-aliasing -fwrapv -mfpmath=sse                         -Wno-error=incompatible-pointer-types -Wno-error=implicit-function-declaration -Wno-error=int-conversion -w -static-libgcc -D_GNU_SOURCE -D_TIME_BITS=64 -D_FILE_OFFSET_BITS=64 -U_FORTIFY_SOURCE -D_FORTIFY_SOURCE=0 -DNDEBUG -D_NDEBUG -D_GNU_SOURCE -D_TIME_BITS=64 -D_FILE_OFFSET_BITS=64 -U_FORTIFY_SOURCE -D_FORTIFY_SOURCE=0 -DNDEBUG -D_NDEBUG  conftest.c >&5
configure:15713: $? = 0
configure:15713: result: yes
configure:15720: checking for X11/extensions/Xrandr.h
configure:15720: ccache gcc -m64 -c -march=nocona -mtune=core-avx2 -pipe -O2 -fno-strict-aliasing -fwrapv -mfpmath=sse                         -Wno-error=incompatible-pointer-types -Wno-error=implicit-function-declaration -Wno-error=int-conversion -w -static-libgcc -D_GNU_SOURCE -D_TIME_BITS=64 -D_FILE_OFFSET_BITS=64 -U_FORTIFY_SOURCE -D_FORTIFY_SOURCE=0 -DNDEBUG -D_NDEBUG -D_GNU_SOURCE -D_TIME_BITS=64 -D_FILE_OFFSET_BITS=64 -U_FORTIFY_SOURCE -D_FORTIFY_SOURCE=0 -DNDEBUG -D_NDEBUG  conftest.c >&5
configure:15720: $? = 0
configure:15720: result: yes
configure:15727: checking for X11/extensions/Xrender.h
configure:15727: ccache gcc -m64 -c -march=nocona -mtune=core-avx2 -pipe -O2 -fno-strict-aliasing -fwrapv -mfpmath=sse                         -Wno-error=incompatible-pointer-types -Wno-error=implicit-function-declaration -Wno-error=int-conversion -w -static-libgcc -D_GNU_SOURCE -D_TIME_BITS=64 -D_FILE_OFFSET_BITS=64 -U_FORTIFY_SOURCE -D_FORTIFY_SOURCE=0 -DNDEBUG -D_NDEBUG -D_GNU_SOURCE -D_TIME_BITS=64 -D_FILE_OFFSET_BITS=64 -U_FORTIFY_SOURCE -D_FORTIFY_SOURCE=0 -DNDEBUG -D_NDEBUG  conftest.c >&5
configure:15727: $? = 0
configure:15727: result: yes
configure:15734: checking for X11/extensions/xf86vmode.h
configure:15734: ccache gcc -m64 -c -march=nocona -mtune=core-avx2 -pipe -O2 -fno-strict-aliasing -fwrapv -mfpmath=sse                         -Wno-error=incompatible-pointer-types -Wno-error=implicit-function-declaration -Wno-error=int-conversion -w -static-libgcc -D_GNU_SOURCE -D_TIME_BITS=64 -D_FILE_OFFSET_BITS=64 -U_FORTIFY_SOURCE -D_FORTIFY_SOURCE=0 -DNDEBUG -D_NDEBUG -D_GNU_SOURCE -D_TIME_BITS=64 -D_FILE_OFFSET_BITS=64 -U_FORTIFY_SOURCE -D_FORTIFY_SOURCE=0 -DNDEBUG -D_NDEBUG  conftest.c >&5
configure:15734: $? = 0
configure:15734: result: yes
configure:15741: checking for X11/extensions/xf86vmproto.h
configure:15741: ccache gcc -m64 -c -march=nocona -mtune=core-avx2 -pipe -O2 -fno-strict-aliasing -fwrapv -mfpmath=sse                         -Wno-error=incompatible-pointer-types -Wno-error=implicit-function-declaration -Wno-error=int-conversion -w -static-libgcc -D_GNU_SOURCE -D_TIME_BITS=64 -D_FILE_OFFSET_BITS=64 -U_FORTIFY_SOURCE -D_FORTIFY_SOURCE=0 -DNDEBUG -D_NDEBUG -D_GNU_SOURCE -D_TIME_BITS=64 -D_FILE_OFFSET_BITS=64 -U_FORTIFY_SOURCE -D_FORTIFY_SOURCE=0 -DNDEBUG -D_NDEBUG  conftest.c >&5
configure:15741: $? = 0
configure:15741: result: yes
configure:15750: checking for X11/Xcursor/Xcursor.h
configure:15750: ccache gcc -m64 -c -march=nocona -mtune=core-avx2 -pipe -O2 -fno-strict-aliasing -fwrapv -mfpmath=sse                         -Wno-error=incompatible-pointer-types -Wno-error=implicit-function-declaration -Wno-error=int-conversion -w -static-libgcc -D_GNU_SOURCE -D_TIME_BITS=64 -D_FILE_OFFSET_BITS=64 -U_FORTIFY_SOURCE -D_FORTIFY_SOURCE=0 -DNDEBUG -D_NDEBUG -D_GNU_SOURCE -D_TIME_BITS=64 -D_FILE_OFFSET_BITS=64 -U_FORTIFY_SOURCE -D_FORTIFY_SOURCE=0 -DNDEBUG -D_NDEBUG  conftest.c >&5
configure:15750: $? = 0
configure:15750: result: yes
configure:15754: checking for -lXcursor
configure:15783: ccache gcc -m64 -o conftest -march=nocona -mtune=core-avx2 -pipe -O2 -fno-strict-aliasing -fwrapv -mfpmath=sse                         -Wno-error=incompatible-pointer-types -Wno-error=implicit-function-declaration -Wno-error=int-conversion -w -static-libgcc -D_GNU_SOURCE -D_TIME_BITS=64 -D_FILE_OFFSET_BITS=64 -U_FORTIFY_SOURCE -D_FORTIFY_SOURCE=0 -DNDEBUG -D_NDEBUG -D_GNU_SOURCE -D_TIME_BITS=64 -D_FILE_OFFSET_BITS=64 -U_FORTIFY_SOURCE -D_FORTIFY_SOURCE=0 -DNDEBUG -D_NDEBUG  -march=nocona -mtune=core-avx2 -pipe -O2 -fno-strict-aliasing -fwrapv -mfpmath=sse                         -Wno-error=incompatible-pointer-types -Wno-error=implicit-function-declaration -Wno-error=int-conversion -w -static-libgcc -D_GNU_SOURCE -D_TIME_BITS=64 -D_FILE_OFFSET_BITS=64 -U_FORTIFY_SOURCE -D_FORTIFY_SOURCE=0 -DNDEBUG -D_NDEBUG -Wl,-O1,--sort-common,--as-needed -L/usr/local/x86_64/lib/x86_64-linux-gnu -L/usr/local/lib conftest.c -lXcursor  -lXext -lX11  >&5
configure:15783: $? = 0
configure:15809: result: libXcursor.so.1
configure:15830: checking for X11/extensions/XInput.h
configure:15830: result: yes
configure:15834: checking for -lXi
configure:15863: ccache gcc -m64 -o conftest -march=nocona -mtune=core-avx2 -pipe -O2 -fno-strict-aliasing -fwrapv -mfpmath=sse                         -Wno-error=incompatible-pointer-types -Wno-error=implicit-function-declaration -Wno-error=int-conversion -w -static-libgcc -D_GNU_SOURCE -D_TIME_BITS=64 -D_FILE_OFFSET_BITS=64 -U_FORTIFY_SOURCE -D_FORTIFY_SOURCE=0 -DNDEBUG -D_NDEBUG -D_GNU_SOURCE -D_TIME_BITS=64 -D_FILE_OFFSET_BITS=64 -U_FORTIFY_SOURCE -D_FORTIFY_SOURCE=0 -DNDEBUG -D_NDEBUG  -march=nocona -mtune=core-avx2 -pipe -O2 -fno-strict-aliasing -fwrapv -mfpmath=sse                         -Wno-error=incompatible-pointer-types -Wno-error=implicit-function-declaration -Wno-error=int-conversion -w -static-libgcc -D_GNU_SOURCE -D_TIME_BITS=64 -D_FILE_OFFSET_BITS=64 -U_FORTIFY_SOURCE -D_FORTIFY_SOURCE=0 -DNDEBUG -D_NDEBUG -Wl,-O1,--sort-common,--as-needed -L/usr/local/x86_64/lib/x86_64-linux-gnu -L/usr/local/lib conftest.c -lXi  -lXext -lX11  >&5
configure:15863: $? = 0
configure:15889: result: libXi.so.6
configure:15926: checking for XShmQueryExtension in -lXext
configure:15955: ccache gcc -m64 -o conftest -march=nocona -mtune=core-avx2 -pipe -O2 -fno-strict-aliasing -fwrapv -mfpmath=sse                         -Wno-error=incompatible-pointer-types -Wno-error=implicit-function-declaration -Wno-error=int-conversion -w -static-libgcc -D_GNU_SOURCE -D_TIME_BITS=64 -D_FILE_OFFSET_BITS=64 -U_FORTIFY_SOURCE -D_FORTIFY_SOURCE=0 -DNDEBUG -D_NDEBUG -D_GNU_SOURCE -D_TIME_BITS=64 -D_FILE_OFFSET_BITS=64 -U_FORTIFY_SOURCE -D_FORTIFY_SOURCE=0 -DNDEBUG -D_NDEBUG  -march=nocona -mtune=core-avx2 -pipe -O2 -fno-strict-aliasing -fwrapv -mfpmath=sse                         -Wno-error=incompatible-pointer-types -Wno-error=implicit-function-declaration -Wno-error=int-conversion -w -static-libgcc -D_GNU_SOURCE -D_TIME_BITS=64 -D_FILE_OFFSET_BITS=64 -U_FORTIFY_SOURCE -D_FORTIFY_SOURCE=0 -DNDEBUG -D_NDEBUG -Wl,-O1,--sort-common,--as-needed -L/usr/local/x86_64/lib/x86_64-linux-gnu -L/usr/local/lib conftest.c -lXext  -lXext -lX11  >&5
configure:15955: $? = 0
configure:15967: result: yes
configure:15990: checking for XShapeQueryExtension in -lXext
configure:16019: ccache gcc -m64 -o conftest -march=nocona -mtune=core-avx2 -pipe -O2 -fno-strict-aliasing -fwrapv -mfpmath=sse                         -Wno-error=incompatible-pointer-types -Wno-error=implicit-function-declaration -Wno-error=int-conversion -w -static-libgcc -D_GNU_SOURCE -D_TIME_BITS=64 -D_FILE_OFFSET_BITS=64 -U_FORTIFY_SOURCE -D_FORTIFY_SOURCE=0 -DNDEBUG -D_NDEBUG -D_GNU_SOURCE -D_TIME_BITS=64 -D_FILE_OFFSET_BITS=64 -U_FORTIFY_SOURCE -D_FORTIFY_SOURCE=0 -DNDEBUG -D_NDEBUG  -march=nocona -mtune=core-avx2 -pipe -O2 -fno-strict-aliasing -fwrapv -mfpmath=sse                         -Wno-error=incompatible-pointer-types -Wno-error=implicit-function-declaration -Wno-error=int-conversion -w -static-libgcc -D_GNU_SOURCE -D_TIME_BITS=64 -D_FILE_OFFSET_BITS=64 -U_FORTIFY_SOURCE -D_FORTIFY_SOURCE=0 -DNDEBUG -D_NDEBUG -Wl,-O1,--sort-common,--as-needed -L/usr/local/x86_64/lib/x86_64-linux-gnu -L/usr/local/lib conftest.c -lXext  -lXext -lX11  >&5
configure:16019: $? = 0
configure:16031: result: yes
configure:16054: checking for -lXxf86vm
configure:16083: ccache gcc -m64 -o conftest -march=nocona -mtune=core-avx2 -pipe -O2 -fno-strict-aliasing -fwrapv -mfpmath=sse                         -Wno-error=incompatible-pointer-types -Wno-error=implicit-function-declaration -Wno-error=int-conversion -w -static-libgcc -D_GNU_SOURCE -D_TIME_BITS=64 -D_FILE_OFFSET_BITS=64 -U_FORTIFY_SOURCE -D_FORTIFY_SOURCE=0 -DNDEBUG -D_NDEBUG -D_GNU_SOURCE -D_TIME_BITS=64 -D_FILE_OFFSET_BITS=64 -U_FORTIFY_SOURCE -D_FORTIFY_SOURCE=0 -DNDEBUG -D_NDEBUG  -march=nocona -mtune=core-avx2 -pipe -O2 -fno-strict-aliasing -fwrapv -mfpmath=sse                         -Wno-error=incompatible-pointer-types -Wno-error=implicit-function-declaration -Wno-error=int-conversion -w -static-libgcc -D_GNU_SOURCE -D_TIME_BITS=64 -D_FILE_OFFSET_BITS=64 -U_FORTIFY_SOURCE -D_FORTIFY_SOURCE=0 -DNDEBUG -D_NDEBUG -Wl,-O1,--sort-common,--as-needed -L/usr/local/x86_64/lib/x86_64-linux-gnu -L/usr/local/lib conftest.c -lXxf86vm  -lXext -lX11  >&5
configure:16083: $? = 0
configure:16109: result: libXxf86vm.so.1
configure:16131: checking for -lXrender
configure:16160: ccache gcc -m64 -o conftest -march=nocona -mtune=core-avx2 -pipe -O2 -fno-strict-aliasing -fwrapv -mfpmath=sse                         -Wno-error=incompatible-pointer-types -Wno-error=implicit-function-declaration -Wno-error=int-conversion -w -static-libgcc -D_GNU_SOURCE -D_TIME_BITS=64 -D_FILE_OFFSET_BITS=64 -U_FORTIFY_SOURCE -D_FORTIFY_SOURCE=0 -DNDEBUG -D_NDEBUG -D_GNU_SOURCE -D_TIME_BITS=64 -D_FILE_OFFSET_BITS=64 -U_FORTIFY_SOURCE -D_FORTIFY_SOURCE=0 -DNDEBUG -D_NDEBUG  -march=nocona -mtune=core-avx2 -pipe -O2 -fno-strict-aliasing -fwrapv -mfpmath=sse                         -Wno-error=incompatible-pointer-types -Wno-error=implicit-function-declaration -Wno-error=int-conversion -w -static-libgcc -D_GNU_SOURCE -D_TIME_BITS=64 -D_FILE_OFFSET_BITS=64 -U_FORTIFY_SOURCE -D_FORTIFY_SOURCE=0 -DNDEBUG -D_NDEBUG -Wl,-O1,--sort-common,--as-needed -L/usr/local/x86_64/lib/x86_64-linux-gnu -L/usr/local/lib conftest.c -lXrender  -lXext -lX11  >&5
configure:16160: $? = 0
configure:16186: result: libXrender.so.1
configure:16191: checking for XRenderSetPictureTransform in -lXrender
configure:16220: ccache gcc -m64 -o conftest -march=nocona -mtune=core-avx2 -pipe -O2 -fno-strict-aliasing -fwrapv -mfpmath=sse                         -Wno-error=incompatible-pointer-types -Wno-error=implicit-function-declaration -Wno-error=int-conversion -w -static-libgcc -D_GNU_SOURCE -D_TIME_BITS=64 -D_FILE_OFFSET_BITS=64 -U_FORTIFY_SOURCE -D_FORTIFY_SOURCE=0 -DNDEBUG -D_NDEBUG -D_GNU_SOURCE -D_TIME_BITS=64 -D_FILE_OFFSET_BITS=64 -U_FORTIFY_SOURCE -D_FORTIFY_SOURCE=0 -DNDEBUG -D_NDEBUG  -march=nocona -mtune=core-avx2 -pipe -O2 -fno-strict-aliasing -fwrapv -mfpmath=sse                         -Wno-error=incompatible-pointer-types -Wno-error=implicit-function-declaration -Wno-error=int-conversion -w -static-libgcc -D_GNU_SOURCE -D_TIME_BITS=64 -D_FILE_OFFSET_BITS=64 -U_FORTIFY_SOURCE -D_FORTIFY_SOURCE=0 -DNDEBUG -D_NDEBUG -Wl,-O1,--sort-common,--as-needed -L/usr/local/x86_64/lib/x86_64-linux-gnu -L/usr/local/lib conftest.c -lXrender  -lXext -lX11  >&5
configure:16220: $? = 0
configure:16232: result: yes
configure:16241: checking for XRenderCreateLinearGradient in -lXrender
configure:16270: ccache gcc -m64 -o conftest -march=nocona -mtune=core-avx2 -pipe -O2 -fno-strict-aliasing -fwrapv -mfpmath=sse                         -Wno-error=incompatible-pointer-types -Wno-error=implicit-function-declaration -Wno-error=int-conversion -w -static-libgcc -D_GNU_SOURCE -D_TIME_BITS=64 -D_FILE_OFFSET_BITS=64 -U_FORTIFY_SOURCE -D_FORTIFY_SOURCE=0 -DNDEBUG -D_NDEBUG -D_GNU_SOURCE -D_TIME_BITS=64 -D_FILE_OFFSET_BITS=64 -U_FORTIFY_SOURCE -D_FORTIFY_SOURCE=0 -DNDEBUG -D_NDEBUG  -march=nocona -mtune=core-avx2 -pipe -O2 -fno-strict-aliasing -fwrapv -mfpmath=sse                         -Wno-error=incompatible-pointer-types -Wno-error=implicit-function-declaration -Wno-error=int-conversion -w -static-libgcc -D_GNU_SOURCE -D_TIME_BITS=64 -D_FILE_OFFSET_BITS=64 -U_FORTIFY_SOURCE -D_FORTIFY_SOURCE=0 -DNDEBUG -D_NDEBUG -Wl,-O1,--sort-common,--as-needed -L/usr/local/x86_64/lib/x86_64-linux-gnu -L/usr/local/lib conftest.c -lXrender  -lXext -lX11  >&5
configure:16270: $? = 0
configure:16282: result: yes
configure:16320: ccache gcc -m64 -c -march=nocona -mtune=core-avx2 -pipe -O2 -fno-strict-aliasing -fwrapv -mfpmath=sse                         -Wno-error=incompatible-pointer-types -Wno-error=implicit-function-declaration -Wno-error=int-conversion -w -static-libgcc -D_GNU_SOURCE -D_TIME_BITS=64 -D_FILE_OFFSET_BITS=64 -U_FORTIFY_SOURCE -D_FORTIFY_SOURCE=0 -DNDEBUG -D_NDEBUG -D_GNU_SOURCE -D_TIME_BITS=64 -D_FILE_OFFSET_BITS=64 -U_FORTIFY_SOURCE -D_FORTIFY_SOURCE=0 -DNDEBUG -D_NDEBUG  conftest.c >&5
configure:16320: $? = 0
configure:16322: checking for -lXrandr
configure:16351: ccache gcc -m64 -o conftest -march=nocona -mtune=core-avx2 -pipe -O2 -fno-strict-aliasing -fwrapv -mfpmath=sse                         -Wno-error=incompatible-pointer-types -Wno-error=implicit-function-declaration -Wno-error=int-conversion -w -static-libgcc -D_GNU_SOURCE -D_TIME_BITS=64 -D_FILE_OFFSET_BITS=64 -U_FORTIFY_SOURCE -D_FORTIFY_SOURCE=0 -DNDEBUG -D_NDEBUG -D_GNU_SOURCE -D_TIME_BITS=64 -D_FILE_OFFSET_BITS=64 -U_FORTIFY_SOURCE -D_FORTIFY_SOURCE=0 -DNDEBUG -D_NDEBUG  -march=nocona -mtune=core-avx2 -pipe -O2 -fno-strict-aliasing -fwrapv -mfpmath=sse                         -Wno-error=incompatible-pointer-types -Wno-error=implicit-function-declaration -Wno-error=int-conversion -w -static-libgcc -D_GNU_SOURCE -D_TIME_BITS=64 -D_FILE_OFFSET_BITS=64 -U_FORTIFY_SOURCE -D_FORTIFY_SOURCE=0 -DNDEBUG -D_NDEBUG -Wl,-O1,--sort-common,--as-needed -L/usr/local/x86_64/lib/x86_64-linux-gnu -L/usr/local/lib conftest.c -lXrandr  -lXext -lX11  >&5
configure:16351: $? = 0
configure:16377: result: libXrandr.so.2
configure:16394: ccache gcc -m64 -c -march=nocona -mtune=core-avx2 -pipe -O2 -fno-strict-aliasing -fwrapv -mfpmath=sse                         -Wno-error=incompatible-pointer-types -Wno-error=implicit-function-declaration -Wno-error=int-conversion -w -static-libgcc -D_GNU_SOURCE -D_TIME_BITS=64 -D_FILE_OFFSET_BITS=64 -U_FORTIFY_SOURCE -D_FORTIFY_SOURCE=0 -DNDEBUG -D_NDEBUG -D_GNU_SOURCE -D_TIME_BITS=64 -D_FILE_OFFSET_BITS=64 -U_FORTIFY_SOURCE -D_FORTIFY_SOURCE=0 -DNDEBUG -D_NDEBUG  conftest.c >&5
configure:16394: $? = 0
configure:16434: ccache gcc -m64 -c -march=nocona -mtune=core-avx2 -pipe -O2 -fno-strict-aliasing -fwrapv -mfpmath=sse                         -Wno-error=incompatible-pointer-types -Wno-error=implicit-function-declaration -Wno-error=int-conversion -w -static-libgcc -D_GNU_SOURCE -D_TIME_BITS=64 -D_FILE_OFFSET_BITS=64 -U_FORTIFY_SOURCE -D_FORTIFY_SOURCE=0 -DNDEBUG -D_NDEBUG -D_GNU_SOURCE -D_TIME_BITS=64 -D_FILE_OFFSET_BITS=64 -U_FORTIFY_SOURCE -D_FORTIFY_SOURCE=0 -DNDEBUG -D_NDEBUG  conftest.c >&5
configure:16434: $? = 0
configure:16436: checking for -lXfixes
configure:16465: ccache gcc -m64 -o conftest -march=nocona -mtune=core-avx2 -pipe -O2 -fno-strict-aliasing -fwrapv -mfpmath=sse                         -Wno-error=incompatible-pointer-types -Wno-error=implicit-function-declaration -Wno-error=int-conversion -w -static-libgcc -D_GNU_SOURCE -D_TIME_BITS=64 -D_FILE_OFFSET_BITS=64 -U_FORTIFY_SOURCE -D_FORTIFY_SOURCE=0 -DNDEBUG -D_NDEBUG -D_GNU_SOURCE -D_TIME_BITS=64 -D_FILE_OFFSET_BITS=64 -U_FORTIFY_SOURCE -D_FORTIFY_SOURCE=0 -DNDEBUG -D_NDEBUG  -march=nocona -mtune=core-avx2 -pipe -O2 -fno-strict-aliasing -fwrapv -mfpmath=sse                         -Wno-error=incompatible-pointer-types -Wno-error=implicit-function-declaration -Wno-error=int-conversion -w -static-libgcc -D_GNU_SOURCE -D_TIME_BITS=64 -D_FILE_OFFSET_BITS=64 -U_FORTIFY_SOURCE -D_FORTIFY_SOURCE=0 -DNDEBUG -D_NDEBUG -Wl,-O1,--sort-common,--as-needed -L/usr/local/x86_64/lib/x86_64-linux-gnu -L/usr/local/lib conftest.c -lXfixes  -lXext -lX11  >&5
configure:16465: $? = 0
configure:16491: result: libXfixes.so.3
configure:16527: ccache gcc -m64 -c -march=nocona -mtune=core-avx2 -pipe -O2 -fno-strict-aliasing -fwrapv -mfpmath=sse                         -Wno-error=incompatible-pointer-types -Wno-error=implicit-function-declaration -Wno-error=int-conversion -w -static-libgcc -D_GNU_SOURCE -D_TIME_BITS=64 -D_FILE_OFFSET_BITS=64 -U_FORTIFY_SOURCE -D_FORTIFY_SOURCE=0 -DNDEBUG -D_NDEBUG -D_GNU_SOURCE -D_TIME_BITS=64 -D_FILE_OFFSET_BITS=64 -U_FORTIFY_SOURCE -D_FORTIFY_SOURCE=0 -DNDEBUG -D_NDEBUG  conftest.c >&5
configure:16527: $? = 0
configure:16529: checking for -lXinerama
configure:16558: ccache gcc -m64 -o conftest -march=nocona -mtune=core-avx2 -pipe -O2 -fno-strict-aliasing -fwrapv -mfpmath=sse                         -Wno-error=incompatible-pointer-types -Wno-error=implicit-function-declaration -Wno-error=int-conversion -w -static-libgcc -D_GNU_SOURCE -D_TIME_BITS=64 -D_FILE_OFFSET_BITS=64 -U_FORTIFY_SOURCE -D_FORTIFY_SOURCE=0 -DNDEBUG -D_NDEBUG -D_GNU_SOURCE -D_TIME_BITS=64 -D_FILE_OFFSET_BITS=64 -U_FORTIFY_SOURCE -D_FORTIFY_SOURCE=0 -DNDEBUG -D_NDEBUG  -march=nocona -mtune=core-avx2 -pipe -O2 -fno-strict-aliasing -fwrapv -mfpmath=sse                         -Wno-error=incompatible-pointer-types -Wno-error=implicit-function-declaration -Wno-error=int-conversion -w -static-libgcc -D_GNU_SOURCE -D_TIME_BITS=64 -D_FILE_OFFSET_BITS=64 -U_FORTIFY_SOURCE -D_FORTIFY_SOURCE=0 -DNDEBUG -D_NDEBUG -Wl,-O1,--sort-common,--as-needed -L/usr/local/x86_64/lib/x86_64-linux-gnu -L/usr/local/lib conftest.c -lXinerama  -lXext -lX11  >&5
configure:16558: $? = 0
configure:16584: result: libXinerama.so.1
configure:16606: checking for X11/extensions/Xcomposite.h
configure:16606: ccache gcc -m64 -c -march=nocona -mtune=core-avx2 -pipe -O2 -fno-strict-aliasing -fwrapv -mfpmath=sse                         -Wno-error=incompatible-pointer-types -Wno-error=implicit-function-declaration -Wno-error=int-conversion -w -static-libgcc -D_GNU_SOURCE -D_TIME_BITS=64 -D_FILE_OFFSET_BITS=64 -U_FORTIFY_SOURCE -D_FORTIFY_SOURCE=0 -DNDEBUG -D_NDEBUG -D_GNU_SOURCE -D_TIME_BITS=64 -D_FILE_OFFSET_BITS=64 -U_FORTIFY_SOURCE -D_FORTIFY_SOURCE=0 -DNDEBUG -D_NDEBUG  conftest.c >&5
configure:16606: $? = 0
configure:16606: result: yes
configure:16610: checking for -lXcomposite
configure:16639: ccache gcc -m64 -o conftest -march=nocona -mtune=core-avx2 -pipe -O2 -fno-strict-aliasing -fwrapv -mfpmath=sse                         -Wno-error=incompatible-pointer-types -Wno-error=implicit-function-declaration -Wno-error=int-conversion -w -static-libgcc -D_GNU_SOURCE -D_TIME_BITS=64 -D_FILE_OFFSET_BITS=64 -U_FORTIFY_SOURCE -D_FORTIFY_SOURCE=0 -DNDEBUG -D_NDEBUG -D_GNU_SOURCE -D_TIME_BITS=64 -D_FILE_OFFSET_BITS=64 -U_FORTIFY_SOURCE -D_FORTIFY_SOURCE=0 -DNDEBUG -D_NDEBUG  -march=nocona -mtune=core-avx2 -pipe -O2 -fno-strict-aliasing -fwrapv -mfpmath=sse                         -Wno-error=incompatible-pointer-types -Wno-error=implicit-function-declaration -Wno-error=int-conversion -w -static-libgcc -D_GNU_SOURCE -D_TIME_BITS=64 -D_FILE_OFFSET_BITS=64 -U_FORTIFY_SOURCE -D_FORTIFY_SOURCE=0 -DNDEBUG -D_NDEBUG -Wl,-O1,--sort-common,--as-needed -L/usr/local/x86_64/lib/x86_64-linux-gnu -L/usr/local/lib conftest.c -lXcomposite  -lXext -lX11  >&5
configure:16639: $? = 0
configure:16665: result: libXcomposite.so.1
configure:16686: checking for XICCallback.callback
configure:16686: ccache gcc -m64 -c -march=nocona -mtune=core-avx2 -pipe -O2 -fno-strict-aliasing -fwrapv -mfpmath=sse                         -Wno-error=incompatible-pointer-types -Wno-error=implicit-function-declaration -Wno-error=int-conversion -w -static-libgcc -D_GNU_SOURCE -D_TIME_BITS=64 -D_FILE_OFFSET_BITS=64 -U_FORTIFY_SOURCE -D_FORTIFY_SOURCE=0 -DNDEBUG -D_NDEBUG -D_GNU_SOURCE -D_TIME_BITS=64 -D_FILE_OFFSET_BITS=64 -U_FORTIFY_SOURCE -D_FORTIFY_SOURCE=0 -DNDEBUG -D_NDEBUG  conftest.c >&5
configure:16686: $? = 0
configure:16686: result: yes
configure:16695: checking for XEvent.xcookie
configure:16695: ccache gcc -m64 -c -march=nocona -mtune=core-avx2 -pipe -O2 -fno-strict-aliasing -fwrapv -mfpmath=sse                         -Wno-error=incompatible-pointer-types -Wno-error=implicit-function-declaration -Wno-error=int-conversion -w -static-libgcc -D_GNU_SOURCE -D_TIME_BITS=64 -D_FILE_OFFSET_BITS=64 -U_FORTIFY_SOURCE -D_FORTIFY_SOURCE=0 -DNDEBUG -D_NDEBUG -D_GNU_SOURCE -D_TIME_BITS=64 -D_FILE_OFFSET_BITS=64 -U_FORTIFY_SOURCE -D_FORTIFY_SOURCE=0 -DNDEBUG -D_NDEBUG  conftest.c >&5
conftest.c: In function 'main':
conftest.c:130:5: error: used struct type value where scalar is required
  130 | if (ac_aggr.xcookie)
      |     ^~~~~~~
configure:16695: $? = 1
configure: failed program was:
| /* confdefs.h */
| #define PACKAGE_NAME "Wine"
| #define PACKAGE_TARNAME "wine"
| #define PACKAGE_VERSION "11.8"
| #define PACKAGE_STRING "Wine 11.8"
| #define PACKAGE_BUGREPORT "wine-devel@winehq.org"
| #define PACKAGE_URL "https://www.winehq.org"
| #define EXEEXT ""
| #define HAVE_STDIO_H 1
| #define HAVE_STDLIB_H 1
| #define HAVE_STRING_H 1
| #define HAVE_INTTYPES_H 1
| #define HAVE_STDINT_H 1
| #define HAVE_STRINGS_H 1
| #define HAVE_SYS_STAT_H 1
| #define HAVE_SYS_TYPES_H 1
| #define HAVE_UNISTD_H 1
| #define STDC_HEADERS 1
| #define HAVE_ARPA_INET_H 1
| #define HAVE_ARPA_NAMESER_H 1
| #define HAVE_ASM_TERMBITS_H 1
| #define HAVE_ASM_TYPES_H 1
| #define HAVE_ELF_H 1
| #define HAVE_LINK_H 1
| #define HAVE_LINUX_CDROM_H 1
| #define HAVE_LINUX_FILTER_H 1
| #define HAVE_LINUX_FS_H 1
| #define HAVE_LINUX_HDREG_H 1
| #define HAVE_LINUX_HIDRAW_H 1
| #define HAVE_LINUX_INPUT_H 1
| #define HAVE_LINUX_IOCTL_H 1
| #define HAVE_LINUX_MAJOR_H 1
| #define HAVE_LINUX_MEMFD_H 1
| #define HAVE_LINUX_NTSYNC_H 1
| #define HAVE_LINUX_PARAM_H 1
| #define HAVE_LINUX_SERIAL_H 1
| #define HAVE_LINUX_TYPES_H 1
| #define HAVE_LINUX_USERFAULTFD_H 1
| #define HAVE_LINUX_WIRELESS_H 1
| #define HAVE_MNTENT_H 1
| #define HAVE_NETDB_H 1
| #define HAVE_NETINET_IN_H 1
| #define HAVE_NETINET_IN_SYSTM_H 1
| #define HAVE_NETINET_TCP_H 1
| #define HAVE_PWD_H 1
| #define HAVE_SCHED_H 1
| #define HAVE_SCSI_SCSI_H 1
| #define HAVE_SCSI_SCSI_IOCTL_H 1
| #define HAVE_SCSI_SG_H 1
| #define HAVE_SYS_AUXV_H 1
| #define HAVE_SYS_EPOLL_H 1
| #define HAVE_SYS_IPC_H 1
| #define HAVE_SYS_MTIO_H 1
| #define HAVE_SYS_PARAM_H 1
| #define HAVE_SYS_PERSONALITY_H 1
| #define HAVE_SYS_PRCTL_H 1
| #define HAVE_SYS_PTRACE_H 1
| #define HAVE_SYS_QUEUE_H 1
| #define HAVE_SYS_RANDOM_H 1
| #define HAVE_SYS_RESOURCE_H 1
| #define HAVE_SYS_SHM_H 1
| #define HAVE_SYS_SIGNAL_H 1
| #define HAVE_SYS_SOCKETVAR_H 1
| #define HAVE_SYS_STATVFS_H 1
| #define HAVE_SYS_SYSCALL_H 1
| #define HAVE_SYS_SYSINFO_H 1
| #define HAVE_SYS_TIMES_H 1
| #define HAVE_SYS_UIO_H 1
| #define HAVE_SYS_USER_H 1
| #define HAVE_SYS_UTSNAME_H 1
| #define HAVE_SYS_XATTR_H 1
| #define HAVE_SYSCALL_H 1
| #define HAVE_UTIME_H 1
| #define MAJOR_IN_SYSMACROS 1
| #define HAVE_SYS_MOUNT_H 1
| #define HAVE_SYS_STATFS_H 1
| #define HAVE_SYS_USER_H 1
| #define HAVE_SYS_VFS_H 1
| #define HAVE_NETINET_IP_H 1
| #define HAVE_NET_IF_H 1
| #define HAVE_NET_IF_ARP_H 1
| #define HAVE_NET_ROUTE_H 1
| #define HAVE_NETINET_IF_ETHER_H 1
| #define HAVE_NETINET_IP_ICMP_H 1
| #define HAVE_NETINET_UDP_H 1
| #define HAVE_NETIPX_IPX_H 1
| #define HAVE_SYS_UN_H 1
| #define HAVE_NETINET_ICMP6_H 1
| #define HAVE_LINUX_RTNETLINK_H 1
| #define HAVE_RESOLV_H 1
| #define HAVE_IFADDRS_H 1
| #define HAVE_SYS_UCONTEXT_H 1
| #define HAVE_LINUX_VIDEODEV2_H 1
| #define _GNU_SOURCE 1
| #define SONAME_LIBEGL "libEGL.so.1"
| #define SONAME_LIBX11 "libX11.so.6"
| #define SONAME_LIBXEXT "libXext.so.6"
| #define HAVE_X11_EXTENSIONS_SHAPE_H 1
| #define HAVE_X11_EXTENSIONS_XINPUT_H 1
| #define HAVE_X11_EXTENSIONS_XINPUT2_H 1
| #define HAVE_X11_EXTENSIONS_XSHM_H 1
| #define HAVE_X11_EXTENSIONS_XFIXES_H 1
| #define HAVE_X11_EXTENSIONS_XINERAMA_H 1
| #define HAVE_X11_EXTENSIONS_XRANDR_H 1
| #define HAVE_X11_EXTENSIONS_XRENDER_H 1
| #define HAVE_X11_EXTENSIONS_XF86VMODE_H 1
| #define HAVE_X11_EXTENSIONS_XF86VMPROTO_H 1
| #define SONAME_LIBXCURSOR "libXcursor.so.1"
| #define SONAME_LIBXI "libXi.so.6"
| #define HAVE_LIBXXSHM 1
| #define HAVE_LIBXSHAPE 1
| #define SONAME_LIBXXF86VM "libXxf86vm.so.1"
| #define SONAME_LIBXRENDER "libXrender.so.1"
| #define HAVE_XRENDERSETPICTURETRANSFORM 1
| #define HAVE_XRENDERCREATELINEARGRADIENT 1
| #define SONAME_LIBXRANDR "libXrandr.so.2"
| #define HAVE_XRRGETPROVIDERRESOURCES 1
| #define SONAME_LIBXFIXES "libXfixes.so.3"
| #define SONAME_LIBXINERAMA "libXinerama.so.1"
| #define SONAME_LIBXCOMPOSITE "libXcomposite.so.1"
| #define HAVE_XICCALLBACK_CALLBACK 1
| /* end confdefs.h.  */
| #include <X11/Xlib.h>
| #include <X11/Xutil.h>
| 
| int
| main (void)
| {
| static XEvent ac_aggr;
| if (ac_aggr.xcookie)
| return 0;
|   ;
|   return 0;
| }
configure:16695: ccache gcc -m64 -c -march=nocona -mtune=core-avx2 -pipe -O2 -fno-strict-aliasing -fwrapv -mfpmath=sse                         -Wno-error=incompatible-pointer-types -Wno-error=implicit-function-declaration -Wno-error=int-conversion -w -static-libgcc -D_GNU_SOURCE -D_TIME_BITS=64 -D_FILE_OFFSET_BITS=64 -U_FORTIFY_SOURCE -D_FORTIFY_SOURCE=0 -DNDEBUG -D_NDEBUG -D_GNU_SOURCE -D_TIME_BITS=64 -D_FILE_OFFSET_BITS=64 -U_FORTIFY_SOURCE -D_FORTIFY_SOURCE=0 -DNDEBUG -D_NDEBUG  conftest.c >&5
configure:16695: $? = 0
configure:16695: result: yes
configure:16710: checking for -lGL
configure:16739: ccache gcc -m64 -o conftest -march=nocona -mtune=core-avx2 -pipe -O2 -fno-strict-aliasing -fwrapv -mfpmath=sse                         -Wno-error=incompatible-pointer-types -Wno-error=implicit-function-declaration -Wno-error=int-conversion -w -static-libgcc -D_GNU_SOURCE -D_TIME_BITS=64 -D_FILE_OFFSET_BITS=64 -U_FORTIFY_SOURCE -D_FORTIFY_SOURCE=0 -DNDEBUG -D_NDEBUG -D_GNU_SOURCE -D_TIME_BITS=64 -D_FILE_OFFSET_BITS=64 -U_FORTIFY_SOURCE -D_FORTIFY_SOURCE=0 -DNDEBUG -D_NDEBUG  -march=nocona -mtune=core-avx2 -pipe -O2 -fno-strict-aliasing -fwrapv -mfpmath=sse                         -Wno-error=incompatible-pointer-types -Wno-error=implicit-function-declaration -Wno-error=int-conversion -w -static-libgcc -D_GNU_SOURCE -D_TIME_BITS=64 -D_FILE_OFFSET_BITS=64 -U_FORTIFY_SOURCE -D_FORTIFY_SOURCE=0 -DNDEBUG -D_NDEBUG -Wl,-O1,--sort-common,--as-needed -L/usr/local/x86_64/lib/x86_64-linux-gnu -L/usr/local/lib conftest.c -lGL  -lXext -lX11 -lm  >&5
configure:16739: $? = 0
configure:16833: result: libGL.so.1
configure:16881: xkbregistry cflags: -I/usr/local/x86_64/include -I/usr/local/x86_64/include/libxml2 
configure:16882: xkbregistry libs: -l:libxkbregistry.a -l:libxml2.a -lm 
configure:16892: checking for xkbcommon/xkbregistry.h
configure:16892: ccache gcc -m64 -c -march=nocona -mtune=core-avx2 -pipe -O2 -fno-strict-aliasing -fwrapv -mfpmath=sse                         -Wno-error=incompatible-pointer-types -Wno-error=implicit-function-declaration -Wno-error=int-conversion -w -static-libgcc -D_GNU_SOURCE -D_TIME_BITS=64 -D_FILE_OFFSET_BITS=64 -U_FORTIFY_SOURCE -D_FORTIFY_SOURCE=0 -DNDEBUG -D_NDEBUG -D_GNU_SOURCE -D_TIME_BITS=64 -D_FILE_OFFSET_BITS=64 -U_FORTIFY_SOURCE -D_FORTIFY_SOURCE=0 -DNDEBUG -D_NDEBUG -I/usr/local/x86_64/include -I/usr/local/x86_64/include/libxml2  conftest.c >&5
configure:16892: $? = 0
configure:16892: result: yes
configure:16895: checking for -lxkbregistry
configure:16924: ccache gcc -m64 -o conftest -march=nocona -mtune=core-avx2 -pipe -O2 -fno-strict-aliasing -fwrapv -mfpmath=sse                         -Wno-error=incompatible-pointer-types -Wno-error=implicit-function-declaration -Wno-error=int-conversion -w -static-libgcc -D_GNU_SOURCE -D_TIME_BITS=64 -D_FILE_OFFSET_BITS=64 -U_FORTIFY_SOURCE -D_FORTIFY_SOURCE=0 -DNDEBUG -D_NDEBUG -D_GNU_SOURCE -D_TIME_BITS=64 -D_FILE_OFFSET_BITS=64 -U_FORTIFY_SOURCE -D_FORTIFY_SOURCE=0 -DNDEBUG -D_NDEBUG -I/usr/local/x86_64/include -I/usr/local/x86_64/include/libxml2  -march=nocona -mtune=core-avx2 -pipe -O2 -fno-strict-aliasing -fwrapv -mfpmath=sse                         -Wno-error=incompatible-pointer-types -Wno-error=implicit-function-declaration -Wno-error=int-conversion -w -static-libgcc -D_GNU_SOURCE -D_TIME_BITS=64 -D_FILE_OFFSET_BITS=64 -U_FORTIFY_SOURCE -D_FORTIFY_SOURCE=0 -DNDEBUG -D_NDEBUG -Wl,-O1,--sort-common,--as-needed -L/usr/local/x86_64/lib/x86_64-linux-gnu -L/usr/local/lib conftest.c -lxkbregistry -l:libxkbregistry.a -l:libxml2.a -lm   >&5
configure:16924: $? = 0
configure:16946: result: not found
configure:16985: wayland-client cflags: -I/usr/local/x86_64/include 
configure:16986: wayland-client libs: -lwayland-client -lm 
configure:16996: checking for wayland-client.h
configure:16996: ccache gcc -m64 -c -march=nocona -mtune=core-avx2 -pipe -O2 -fno-strict-aliasing -fwrapv -mfpmath=sse                         -Wno-error=incompatible-pointer-types -Wno-error=implicit-function-declaration -Wno-error=int-conversion -w -static-libgcc -D_GNU_SOURCE -D_TIME_BITS=64 -D_FILE_OFFSET_BITS=64 -U_FORTIFY_SOURCE -D_FORTIFY_SOURCE=0 -DNDEBUG -D_NDEBUG -D_GNU_SOURCE -D_TIME_BITS=64 -D_FILE_OFFSET_BITS=64 -U_FORTIFY_SOURCE -D_FORTIFY_SOURCE=0 -DNDEBUG -D_NDEBUG -I/usr/local/x86_64/include  conftest.c >&5
configure:16996: $? = 0
configure:16996: result: yes
configure:16999: checking for wl_display_connect in -lwayland-client
configure:17028: ccache gcc -m64 -o conftest -march=nocona -mtune=core-avx2 -pipe -O2 -fno-strict-aliasing -fwrapv -mfpmath=sse                         -Wno-error=incompatible-pointer-types -Wno-error=implicit-function-declaration -Wno-error=int-conversion -w -static-libgcc -D_GNU_SOURCE -D_TIME_BITS=64 -D_FILE_OFFSET_BITS=64 -U_FORTIFY_SOURCE -D_FORTIFY_SOURCE=0 -DNDEBUG -D_NDEBUG -D_GNU_SOURCE -D_TIME_BITS=64 -D_FILE_OFFSET_BITS=64 -U_FORTIFY_SOURCE -D_FORTIFY_SOURCE=0 -DNDEBUG -D_NDEBUG -I/usr/local/x86_64/include  -march=nocona -mtune=core-avx2 -pipe -O2 -fno-strict-aliasing -fwrapv -mfpmath=sse                         -Wno-error=incompatible-pointer-types -Wno-error=implicit-function-declaration -Wno-error=int-conversion -w -static-libgcc -D_GNU_SOURCE -D_TIME_BITS=64 -D_FILE_OFFSET_BITS=64 -U_FORTIFY_SOURCE -D_FORTIFY_SOURCE=0 -DNDEBUG -D_NDEBUG -Wl,-O1,--sort-common,--as-needed -L/usr/local/x86_64/lib/x86_64-linux-gnu -L/usr/local/lib conftest.c -lwayland-client -lwayland-client -lm   >&5
configure:17028: $? = 0
configure:17040: result: yes
configure:17046: checking for wayland-scanner
configure:17069: found /usr/local/bin/wayland-scanner
configure:17083: result: /usr/local/bin/wayland-scanner
configure:17119: xkbcommon cflags: -I/usr/local/x86_64/include 
configure:17120: xkbcommon libs: -l:libxkbcommon.a 
configure:17130: checking for xkb_context_new in -lxkbcommon
configure:17159: ccache gcc -m64 -o conftest -march=nocona -mtune=core-avx2 -pipe -O2 -fno-strict-aliasing -fwrapv -mfpmath=sse                         -Wno-error=incompatible-pointer-types -Wno-error=implicit-function-declaration -Wno-error=int-conversion -w -static-libgcc -D_GNU_SOURCE -D_TIME_BITS=64 -D_FILE_OFFSET_BITS=64 -U_FORTIFY_SOURCE -D_FORTIFY_SOURCE=0 -DNDEBUG -D_NDEBUG -D_GNU_SOURCE -D_TIME_BITS=64 -D_FILE_OFFSET_BITS=64 -U_FORTIFY_SOURCE -D_FORTIFY_SOURCE=0 -DNDEBUG -D_NDEBUG -I/usr/local/x86_64/include  -march=nocona -mtune=core-avx2 -pipe -O2 -fno-strict-aliasing -fwrapv -mfpmath=sse                         -Wno-error=incompatible-pointer-types -Wno-error=implicit-function-declaration -Wno-error=int-conversion -w -static-libgcc -D_GNU_SOURCE -D_TIME_BITS=64 -D_FILE_OFFSET_BITS=64 -U_FORTIFY_SOURCE -D_FORTIFY_SOURCE=0 -DNDEBUG -D_NDEBUG -Wl,-O1,--sort-common,--as-needed -L/usr/local/x86_64/lib/x86_64-linux-gnu -L/usr/local/lib conftest.c -lxkbcommon -l:libxkbcommon.a   >&5
configure:17159: $? = 0
configure:17171: result: yes
configure:17204: wayland-egl cflags: -I/usr/local/x86_64/include 
configure:17205: wayland-egl libs: -lwayland-egl -lwayland-client -lm 
configure:17215: checking for wayland-egl.h
configure:17215: ccache gcc -m64 -c -march=nocona -mtune=core-avx2 -pipe -O2 -fno-strict-aliasing -fwrapv -mfpmath=sse                         -Wno-error=incompatible-pointer-types -Wno-error=implicit-function-declaration -Wno-error=int-conversion -w -static-libgcc -D_GNU_SOURCE -D_TIME_BITS=64 -D_FILE_OFFSET_BITS=64 -U_FORTIFY_SOURCE -D_FORTIFY_SOURCE=0 -DNDEBUG -D_NDEBUG -D_GNU_SOURCE -D_TIME_BITS=64 -D_FILE_OFFSET_BITS=64 -U_FORTIFY_SOURCE -D_FORTIFY_SOURCE=0 -DNDEBUG -D_NDEBUG -I/usr/local/x86_64/include  conftest.c >&5
configure:17215: $? = 0
configure:17215: result: yes
configure:17218: checking for wl_egl_window_create in -lwayland-egl
configure:17247: ccache gcc -m64 -o conftest -march=nocona -mtune=core-avx2 -pipe -O2 -fno-strict-aliasing -fwrapv -mfpmath=sse                         -Wno-error=incompatible-pointer-types -Wno-error=implicit-function-declaration -Wno-error=int-conversion -w -static-libgcc -D_GNU_SOURCE -D_TIME_BITS=64 -D_FILE_OFFSET_BITS=64 -U_FORTIFY_SOURCE -D_FORTIFY_SOURCE=0 -DNDEBUG -D_NDEBUG -D_GNU_SOURCE -D_TIME_BITS=64 -D_FILE_OFFSET_BITS=64 -U_FORTIFY_SOURCE -D_FORTIFY_SOURCE=0 -DNDEBUG -D_NDEBUG -I/usr/local/x86_64/include  -march=nocona -mtune=core-avx2 -pipe -O2 -fno-strict-aliasing -fwrapv -mfpmath=sse                         -Wno-error=incompatible-pointer-types -Wno-error=implicit-function-declaration -Wno-error=int-conversion -w -static-libgcc -D_GNU_SOURCE -D_TIME_BITS=64 -D_FILE_OFFSET_BITS=64 -U_FORTIFY_SOURCE -D_FORTIFY_SOURCE=0 -DNDEBUG -D_NDEBUG -Wl,-O1,--sort-common,--as-needed -L/usr/local/x86_64/lib/x86_64-linux-gnu -L/usr/local/lib conftest.c -lwayland-egl -lwayland-egl -lwayland-client -lm   >&5
configure:17247: $? = 0
configure:17259: result: yes
configure:17296: error: Wayland 64-bit development files not found, the Wayland driver won't be supported.
This is an error since --with-wayland was requested.

## ---------------- ##
## Cache variables. ##
## ---------------- ##

ac_cv_build=x86_64-pc-linux-gnu
ac_cv_c_compiler_gnu=yes
ac_cv_cflags__Wl___export_dynamic=yes
ac_cv_cflags__static_pie=yes
ac_cv_cxx_compiler_gnu=yes
ac_cv_env_ALSA_CFLAGS_set=
ac_cv_env_ALSA_CFLAGS_value=
ac_cv_env_ALSA_LIBS_set=
ac_cv_env_ALSA_LIBS_value=
ac_cv_env_CAPI20_CFLAGS_set=
ac_cv_env_CAPI20_CFLAGS_value=
ac_cv_env_CAPI20_LIBS_set=
ac_cv_env_CAPI20_LIBS_value=
ac_cv_env_CAPSTONE_PE_CFLAGS_set=
ac_cv_env_CAPSTONE_PE_CFLAGS_value=
ac_cv_env_CAPSTONE_PE_LIBS_set=
ac_cv_env_CAPSTONE_PE_LIBS_value=
ac_cv_env_CCC_set=
ac_cv_env_CCC_value=
ac_cv_env_CC_set=set
ac_cv_env_CC_value='ccache gcc'
ac_cv_env_CFLAGS_set=set
ac_cv_env_CFLAGS_value='-march=nocona -mtune=core-avx2 -pipe -O2 -fno-strict-aliasing -fwrapv -mfpmath=sse                         -Wno-error=incompatible-pointer-types -Wno-error=implicit-function-declaration -Wno-error=int-conversion -w -static-libgcc -D_GNU_SOURCE -D_TIME_BITS=64 -D_FILE_OFFSET_BITS=64 -U_FORTIFY_SOURCE -D_FORTIFY_SOURCE=0 -DNDEBUG -D_NDEBUG'
ac_cv_env_CPPFLAGS_set=set
ac_cv_env_CPPFLAGS_value='-D_GNU_SOURCE -D_TIME_BITS=64 -D_FILE_OFFSET_BITS=64 -U_FORTIFY_SOURCE -D_FORTIFY_SOURCE=0 -DNDEBUG -D_NDEBUG'
ac_cv_env_CPP_set=
ac_cv_env_CPP_value=
ac_cv_env_CUPS_CFLAGS_set=
ac_cv_env_CUPS_CFLAGS_value=
ac_cv_env_CUPS_LIBS_set=
ac_cv_env_CUPS_LIBS_value=
ac_cv_env_CXXABI_PE_CFLAGS_set=
ac_cv_env_CXXABI_PE_CFLAGS_value=
ac_cv_env_CXXABI_PE_LIBS_set=
ac_cv_env_CXXABI_PE_LIBS_value=
ac_cv_env_CXXFLAGS_set=set
ac_cv_env_CXXFLAGS_value='-march=nocona -mtune=core-avx2 -pipe -O2 -fno-strict-aliasing -fwrapv -mfpmath=sse                         -Wno-error=incompatible-pointer-types -Wno-error=implicit-function-declaration -Wno-error=int-conversion -w -static-libgcc -D_GNU_SOURCE -D_TIME_BITS=64 -D_FILE_OFFSET_BITS=64 -U_FORTIFY_SOURCE -D_FORTIFY_SOURCE=0 -DNDEBUG -D_NDEBUG'
ac_cv_env_CXX_PE_CFLAGS_set=
ac_cv_env_CXX_PE_CFLAGS_value=
ac_cv_env_CXX_PE_LIBS_set=
ac_cv_env_CXX_PE_LIBS_value=
ac_cv_env_CXX_set=set
ac_cv_env_CXX_value='ccache g++'
ac_cv_env_DBUS_CFLAGS_set=
ac_cv_env_DBUS_CFLAGS_value=
ac_cv_env_DBUS_LIBS_set=
ac_cv_env_DBUS_LIBS_value=
ac_cv_env_EGL_CFLAGS_set=
ac_cv_env_EGL_CFLAGS_value=
ac_cv_env_EGL_LIBS_set=
ac_cv_env_EGL_LIBS_value=
ac_cv_env_FAUDIO_PE_CFLAGS_set=
ac_cv_env_FAUDIO_PE_CFLAGS_value=
ac_cv_env_FAUDIO_PE_LIBS_set=
ac_cv_env_FAUDIO_PE_LIBS_value=
ac_cv_env_FFMPEG_CFLAGS_set=
ac_cv_env_FFMPEG_CFLAGS_value=
ac_cv_env_FFMPEG_LIBS_set=
ac_cv_env_FFMPEG_LIBS_value=
ac_cv_env_FLUIDSYNTH_PE_CFLAGS_set=
ac_cv_env_FLUIDSYNTH_PE_CFLAGS_value=
ac_cv_env_FLUIDSYNTH_PE_LIBS_set=
ac_cv_env_FLUIDSYNTH_PE_LIBS_value=
ac_cv_env_FONTCONFIG_CFLAGS_set=
ac_cv_env_FONTCONFIG_CFLAGS_value=
ac_cv_env_FONTCONFIG_LIBS_set=
ac_cv_env_FONTCONFIG_LIBS_value=
ac_cv_env_FREETYPE_CFLAGS_set=
ac_cv_env_FREETYPE_CFLAGS_value=
ac_cv_env_FREETYPE_LIBS_set=
ac_cv_env_FREETYPE_LIBS_value=
ac_cv_env_GNUTLS_CFLAGS_set=
ac_cv_env_GNUTLS_CFLAGS_value=
ac_cv_env_GNUTLS_LIBS_set=
ac_cv_env_GNUTLS_LIBS_value=
ac_cv_env_GPHOTO2_CFLAGS_set=
ac_cv_env_GPHOTO2_CFLAGS_value=
ac_cv_env_GPHOTO2_LIBS_set=
ac_cv_env_GPHOTO2_LIBS_value=
ac_cv_env_GPHOTO2_PORT_CFLAGS_set=
ac_cv_env_GPHOTO2_PORT_CFLAGS_value=
ac_cv_env_GPHOTO2_PORT_LIBS_set=
ac_cv_env_GPHOTO2_PORT_LIBS_value=
ac_cv_env_GSM_PE_CFLAGS_set=
ac_cv_env_GSM_PE_CFLAGS_value=
ac_cv_env_GSM_PE_LIBS_set=
ac_cv_env_GSM_PE_LIBS_value=
ac_cv_env_GSSAPI_CFLAGS_set=
ac_cv_env_GSSAPI_CFLAGS_value=
ac_cv_env_GSSAPI_LIBS_set=
ac_cv_env_GSSAPI_LIBS_value=
ac_cv_env_GSTREAMER_CFLAGS_set=
ac_cv_env_GSTREAMER_CFLAGS_value=
ac_cv_env_GSTREAMER_LIBS_set=
ac_cv_env_GSTREAMER_LIBS_value=
ac_cv_env_HWLOC_CFLAGS_set=
ac_cv_env_HWLOC_CFLAGS_value=
ac_cv_env_HWLOC_LIBS_set=
ac_cv_env_HWLOC_LIBS_value=
ac_cv_env_ICUCOMMON_PE_CFLAGS_set=
ac_cv_env_ICUCOMMON_PE_CFLAGS_value=
ac_cv_env_ICUCOMMON_PE_LIBS_set=
ac_cv_env_ICUCOMMON_PE_LIBS_value=
ac_cv_env_ICUI18N_PE_CFLAGS_set=
ac_cv_env_ICUI18N_PE_CFLAGS_value=
ac_cv_env_ICUI18N_PE_LIBS_set=
ac_cv_env_ICUI18N_PE_LIBS_value=
ac_cv_env_INOTIFY_CFLAGS_set=
ac_cv_env_INOTIFY_CFLAGS_value=
ac_cv_env_INOTIFY_LIBS_set=
ac_cv_env_INOTIFY_LIBS_value=
ac_cv_env_JPEG_PE_CFLAGS_set=
ac_cv_env_JPEG_PE_CFLAGS_value=
ac_cv_env_JPEG_PE_LIBS_set=
ac_cv_env_JPEG_PE_LIBS_value=
ac_cv_env_JXR_PE_CFLAGS_set=
ac_cv_env_JXR_PE_CFLAGS_value=
ac_cv_env_JXR_PE_LIBS_set=
ac_cv_env_JXR_PE_LIBS_value=
ac_cv_env_KRB5_CFLAGS_set=
ac_cv_env_KRB5_CFLAGS_value=
ac_cv_env_KRB5_LIBS_set=
ac_cv_env_KRB5_LIBS_value=
ac_cv_env_LCMS2_PE_CFLAGS_set=
ac_cv_env_LCMS2_PE_CFLAGS_value=
ac_cv_env_LCMS2_PE_LIBS_set=
ac_cv_env_LCMS2_PE_LIBS_value=
ac_cv_env_LDAP_PE_CFLAGS_set=
ac_cv_env_LDAP_PE_CFLAGS_value=
ac_cv_env_LDAP_PE_LIBS_set=
ac_cv_env_LDAP_PE_LIBS_value=
ac_cv_env_LDFLAGS_set=set
ac_cv_env_LDFLAGS_value='-march=nocona -mtune=core-avx2 -pipe -O2 -fno-strict-aliasing -fwrapv -mfpmath=sse                         -Wno-error=incompatible-pointer-types -Wno-error=implicit-function-declaration -Wno-error=int-conversion -w -static-libgcc -D_GNU_SOURCE -D_TIME_BITS=64 -D_FILE_OFFSET_BITS=64 -U_FORTIFY_SOURCE -D_FORTIFY_SOURCE=0 -DNDEBUG -D_NDEBUG -Wl,-O1,--sort-common,--as-needed -L/usr/local/x86_64/lib/x86_64-linux-gnu -L/usr/local/lib'
ac_cv_env_LIBS_set=
ac_cv_env_LIBS_value=
ac_cv_env_MPG123_PE_CFLAGS_set=
ac_cv_env_MPG123_PE_CFLAGS_value=
ac_cv_env_MPG123_PE_LIBS_set=
ac_cv_env_MPG123_PE_LIBS_value=
ac_cv_env_MUSL_PE_CFLAGS_set=
ac_cv_env_MUSL_PE_CFLAGS_value=
ac_cv_env_MUSL_PE_LIBS_set=
ac_cv_env_MUSL_PE_LIBS_value=
ac_cv_env_NETAPI_CFLAGS_set=
ac_cv_env_NETAPI_CFLAGS_value=
ac_cv_env_NETAPI_LIBS_set=
ac_cv_env_NETAPI_LIBS_value=
ac_cv_env_OBJCFLAGS_set=
ac_cv_env_OBJCFLAGS_value=
ac_cv_env_OBJC_set=
ac_cv_env_OBJC_value=
ac_cv_env_PNG_PE_CFLAGS_set=
ac_cv_env_PNG_PE_CFLAGS_value=
ac_cv_env_PNG_PE_LIBS_set=
ac_cv_env_PNG_PE_LIBS_value=
ac_cv_env_PULSE_CFLAGS_set=
ac_cv_env_PULSE_CFLAGS_value=
ac_cv_env_PULSE_LIBS_set=
ac_cv_env_PULSE_LIBS_value=
ac_cv_env_SANE_CFLAGS_set=
ac_cv_env_SANE_CFLAGS_value=
ac_cv_env_SANE_LIBS_set=
ac_cv_env_SANE_LIBS_value=
ac_cv_env_SDL2_CFLAGS_set=
ac_cv_env_SDL2_CFLAGS_value=
ac_cv_env_SDL2_LIBS_set=
ac_cv_env_SDL2_LIBS_value=
ac_cv_env_TIFF_PE_CFLAGS_set=
ac_cv_env_TIFF_PE_CFLAGS_value=
ac_cv_env_TIFF_PE_LIBS_set=
ac_cv_env_TIFF_PE_LIBS_value=
ac_cv_env_TOMCRYPT_PE_CFLAGS_set=
ac_cv_env_TOMCRYPT_PE_CFLAGS_value=
ac_cv_env_TOMCRYPT_PE_LIBS_set=
ac_cv_env_TOMCRYPT_PE_LIBS_value=
ac_cv_env_UDEV_CFLAGS_set=
ac_cv_env_UDEV_CFLAGS_value=
ac_cv_env_UDEV_LIBS_set=
ac_cv_env_UDEV_LIBS_value=
ac_cv_env_UNWIND_PE_CFLAGS_set=
ac_cv_env_UNWIND_PE_CFLAGS_value=
ac_cv_env_UNWIND_PE_LIBS_set=
ac_cv_env_UNWIND_PE_LIBS_value=
ac_cv_env_USB_CFLAGS_set=
ac_cv_env_USB_CFLAGS_value=
ac_cv_env_USB_LIBS_set=
ac_cv_env_USB_LIBS_value=
ac_cv_env_VKD3D_PE_CFLAGS_set=
ac_cv_env_VKD3D_PE_CFLAGS_value=
ac_cv_env_VKD3D_PE_LIBS_set=
ac_cv_env_VKD3D_PE_LIBS_value=
ac_cv_env_WAYLAND_CLIENT_CFLAGS_set=
ac_cv_env_WAYLAND_CLIENT_CFLAGS_value=
ac_cv_env_WAYLAND_CLIENT_LIBS_set=
ac_cv_env_WAYLAND_CLIENT_LIBS_value=
ac_cv_env_WAYLAND_EGL_CFLAGS_set=
ac_cv_env_WAYLAND_EGL_CFLAGS_value=
ac_cv_env_WAYLAND_EGL_LIBS_set=
ac_cv_env_WAYLAND_EGL_LIBS_value=
ac_cv_env_XKBCOMMON_CFLAGS_set=set
ac_cv_env_XKBCOMMON_CFLAGS_value='-I/usr/local/x86_64/include '
ac_cv_env_XKBCOMMON_LIBS_set=set
ac_cv_env_XKBCOMMON_LIBS_value='-l:libxkbcommon.a '
ac_cv_env_XKBREGISTRY_CFLAGS_set=set
ac_cv_env_XKBREGISTRY_CFLAGS_value='-I/usr/local/x86_64/include -I/usr/local/x86_64/include/libxml2 '
ac_cv_env_XKBREGISTRY_LIBS_set=set
ac_cv_env_XKBREGISTRY_LIBS_value='-l:libxkbregistry.a -l:libxml2.a -lm '
ac_cv_env_XMKMF_set=
ac_cv_env_XMKMF_value=
ac_cv_env_XML2_PE_CFLAGS_set=
ac_cv_env_XML2_PE_CFLAGS_value=
ac_cv_env_XML2_PE_LIBS_set=
ac_cv_env_XML2_PE_LIBS_value=
ac_cv_env_XSLT_PE_CFLAGS_set=
ac_cv_env_XSLT_PE_CFLAGS_value=
ac_cv_env_XSLT_PE_LIBS_set=
ac_cv_env_XSLT_PE_LIBS_value=
ac_cv_env_ZLIB_PE_CFLAGS_set=
ac_cv_env_ZLIB_PE_CFLAGS_value=
ac_cv_env_ZLIB_PE_LIBS_set=
ac_cv_env_ZLIB_PE_LIBS_value=
ac_cv_env_build_alias_set=
ac_cv_env_build_alias_value=
ac_cv_env_host_alias_set=
ac_cv_env_host_alias_value=
ac_cv_env_target_alias_set=
ac_cv_env_target_alias_value=
ac_cv_func_pthread_create=yes
ac_cv_have_x='have_x=yes	ac_x_includes='\'''\''	ac_x_libraries='\'''\'''
ac_cv_header_CL_cl_h=no
ac_cv_header_OpenCL_opencl_h=no
ac_cv_header_X11_Xcursor_Xcursor_h=yes
ac_cv_header_X11_extensions_XInput2_h=yes
ac_cv_header_X11_extensions_XInput_h=yes
ac_cv_header_X11_extensions_XShm_h=yes
ac_cv_header_X11_extensions_Xcomposite_h=yes
ac_cv_header_X11_extensions_Xfixes_h=yes
ac_cv_header_X11_extensions_Xinerama_h=yes
ac_cv_header_X11_extensions_Xrandr_h=yes
ac_cv_header_X11_extensions_Xrender_h=yes
ac_cv_header_X11_extensions_shape_h=yes
ac_cv_header_X11_extensions_xf86vmode_h=yes
ac_cv_header_X11_extensions_xf86vmproto_h=yes
ac_cv_header_arpa_inet_h=yes
ac_cv_header_arpa_nameser_h=yes
ac_cv_header_asm_termbits_h=yes
ac_cv_header_asm_types_h=yes
ac_cv_header_asm_user_h=no
ac_cv_header_bluetooth_bluetooth_h=no
ac_cv_header_bluetooth_rfcomm_h=no
ac_cv_header_elf_h=yes
ac_cv_header_gettext_po_h=no
ac_cv_header_ifaddrs_h=yes
ac_cv_header_inttypes_h=yes
ac_cv_header_libprocstat_h=no
ac_cv_header_link_h=yes
ac_cv_header_linux_cdrom_h=yes
ac_cv_header_linux_filter_h=yes
ac_cv_header_linux_fs_h=yes
ac_cv_header_linux_hdreg_h=yes
ac_cv_header_linux_hidraw_h=yes
ac_cv_header_linux_input_h=yes
ac_cv_header_linux_ioctl_h=yes
ac_cv_header_linux_ipx_h=no
ac_cv_header_linux_irda_h=no
ac_cv_header_linux_major_h=yes
ac_cv_header_linux_memfd_h=yes
ac_cv_header_linux_ntsync_h=yes
ac_cv_header_linux_param_h=yes
ac_cv_header_linux_rtnetlink_h=yes
ac_cv_header_linux_serial_h=yes
ac_cv_header_linux_types_h=yes
ac_cv_header_linux_ucdrom_h=no
ac_cv_header_linux_userfaultfd_h=yes
ac_cv_header_linux_videodev2_h=yes
ac_cv_header_linux_wireless_h=yes
ac_cv_header_lwp_h=no
ac_cv_header_mach_mach_h=no
ac_cv_header_mach_o_loader_h=no
ac_cv_header_machine_cpu_h=no
ac_cv_header_machine_sysarch_h=no
ac_cv_header_mntent_h=yes
ac_cv_header_net_if_arp_h=yes
ac_cv_header_net_if_dl_h=no
ac_cv_header_net_if_h=yes
ac_cv_header_net_if_types_h=no
ac_cv_header_net_route_h=yes
ac_cv_header_netdb_h=yes
ac_cv_header_netinet6_ip6_var_h=no
ac_cv_header_netinet_icmp6_h=yes
ac_cv_header_netinet_icmp_var_h=no
ac_cv_header_netinet_if_ether_h=yes
ac_cv_header_netinet_in_h=yes
ac_cv_header_netinet_in_pcb_h=no
ac_cv_header_netinet_in_systm_h=yes
ac_cv_header_netinet_ip_h=yes
ac_cv_header_netinet_ip_icmp_h=yes
ac_cv_header_netinet_ip_var_h=no
ac_cv_header_netinet_tcp_fsm_h=no
ac_cv_header_netinet_tcp_h=yes
ac_cv_header_netinet_tcp_var_h=no
ac_cv_header_netinet_udp_h=yes
ac_cv_header_netinet_udp_var_h=no
ac_cv_header_netipx_ipx_h=yes
ac_cv_header_pcap_pcap_h=no
ac_cv_header_port_h=no
ac_cv_header_pthread_np_h=no
ac_cv_header_pwd_h=yes
ac_cv_header_resolv_h=yes
ac_cv_header_sched_h=yes
ac_cv_header_scsi_scsi_h=yes
ac_cv_header_scsi_scsi_ioctl_h=yes
ac_cv_header_scsi_sg_h=yes
ac_cv_header_stdint_h=yes
ac_cv_header_stdio_h=yes
ac_cv_header_stdlib_h=yes
ac_cv_header_string_h=yes
ac_cv_header_strings_h=yes
ac_cv_header_sys_attr_h=no
ac_cv_header_sys_auxv_h=yes
ac_cv_header_sys_cdio_h=no
ac_cv_header_sys_conf_h=no
ac_cv_header_sys_epoll_h=yes
ac_cv_header_sys_event_h=no
ac_cv_header_sys_extattr_h=no
ac_cv_header_sys_filio_h=no
ac_cv_header_sys_ipc_h=yes
ac_cv_header_sys_link_h=no
ac_cv_header_sys_mkdev_h=no
ac_cv_header_sys_modem_h=no
ac_cv_header_sys_mount_h=yes
ac_cv_header_sys_mtio_h=yes
ac_cv_header_sys_param_h=yes
ac_cv_header_sys_personality_h=yes
ac_cv_header_sys_prctl_h=yes
ac_cv_header_sys_ptrace_h=yes
ac_cv_header_sys_queue_h=yes
ac_cv_header_sys_random_h=yes
ac_cv_header_sys_resource_h=yes
ac_cv_header_sys_scsiio_h=no
ac_cv_header_sys_shm_h=yes
ac_cv_header_sys_signal_h=yes
ac_cv_header_sys_socketvar_h=yes
ac_cv_header_sys_sockio_h=no
ac_cv_header_sys_stat_h=yes
ac_cv_header_sys_statfs_h=yes
ac_cv_header_sys_statvfs_h=yes
ac_cv_header_sys_strtio_h=no
ac_cv_header_sys_syscall_h=yes
ac_cv_header_sys_sysctl_h=no
ac_cv_header_sys_sysinfo_h=yes
ac_cv_header_sys_sysmacros_h=yes
ac_cv_header_sys_thr_h=no
ac_cv_header_sys_times_h=yes
ac_cv_header_sys_types_h=yes
ac_cv_header_sys_ucontext_h=yes
ac_cv_header_sys_uio_h=yes
ac_cv_header_sys_un_h=yes
ac_cv_header_sys_user_h=yes
ac_cv_header_sys_utsname_h=yes
ac_cv_header_sys_vfs_h=yes
ac_cv_header_sys_vnode_h=no
ac_cv_header_sys_xattr_h=yes
ac_cv_header_syscall_h=yes
ac_cv_header_unistd_h=yes
ac_cv_header_utime_h=yes
ac_cv_header_valgrind_memcheck_h=no
ac_cv_header_valgrind_valgrind_h=no
ac_cv_header_wayland_client_h=yes
ac_cv_header_wayland_egl_h=yes
ac_cv_header_xkbcommon_xkbregistry_h=yes
ac_cv_host=x86_64-pc-linux-gnu
ac_cv_i386_cflags__Wabsolute_value=yes
ac_cv_i386_cflags__Wdeclaration_after_statement=yes
ac_cv_i386_cflags__Wempty_body=yes
ac_cv_i386_cflags__Wenum_conversion=no
ac_cv_i386_cflags__Wenum_enum_conversion=no
ac_cv_i386_cflags__Werror_ignored_optimization_argument=no
ac_cv_i386_cflags__Werror_unknown_warning_option=no
ac_cv_i386_cflags__Werror_unsupported_floating_point_opt=no
ac_cv_i386_cflags__Werror_unused_command_line_argument=no
ac_cv_i386_cflags__Wignored_qualifiers=yes
ac_cv_i386_cflags__Winit_self=yes
ac_cv_i386_cflags__Wl___disable_stdcall_fixup=yes
ac_cv_i386_cflags__Wlogical_op=yes
ac_cv_i386_cflags__Wmicrosoft_enum_forward_reference=no
ac_cv_i386_cflags__Wpacked_not_aligned=yes
ac_cv_i386_cflags__Wpointer_arith=yes
ac_cv_i386_cflags__Wshift_overflow_2=yes
ac_cv_i386_cflags__Wstrict_prototypes=yes
ac_cv_i386_cflags__Wtype_limits=yes
ac_cv_i386_cflags__Wunused_but_set_parameter=yes
ac_cv_i386_cflags__Wvla=yes
ac_cv_i386_cflags__Wwrite_strings=yes
ac_cv_i386_cflags__fasync_exceptions__DMIN_CLANG_VERSION_19=no
ac_cv_i386_cflags__ffp_exception_behavior_maytrap=no
ac_cv_i386_cflags__ffunction_sections=yes
ac_cv_i386_cflags__flarge_source_files__Wmisleading_indentation=yes
ac_cv_i386_cflags__fms_hotpatch__DMIN_CLANG_VERSION_18=no
ac_cv_i386_cflags__fno_omit_frame_pointer=yes
ac_cv_i386_cflags__fno_strict_aliasing=yes
ac_cv_i386_cflags__fuse_ld_lld__target_i686_w64_mingw32=no
ac_cv_i386_cflags__fuse_ld_lld__target_i686_w64_mingw32___no_default_config=no
ac_cv_i386_cflags__mlong_double_64=yes
ac_cv_i386_cflags__mpreferred_stack_boundary_2=yes
ac_cv_i386_crosscc_c99=
ac_cv_i386_crosscxx_cxx17=
ac_cv_lib_Xext_XShapeQueryExtension=yes
ac_cv_lib_Xext_XShmQueryExtension=yes
ac_cv_lib_Xrender_XRenderCreateLinearGradient=yes
ac_cv_lib_Xrender_XRenderSetPictureTransform=yes
ac_cv_lib_i386_i386_set_ldt=no
ac_cv_lib_soname_EGL=libEGL.so.1
ac_cv_lib_soname_GL=libGL.so.1
ac_cv_lib_soname_X11=libX11.so.6
ac_cv_lib_soname_Xcomposite=libXcomposite.so.1
ac_cv_lib_soname_Xcursor=libXcursor.so.1
ac_cv_lib_soname_Xext=libXext.so.6
ac_cv_lib_soname_Xfixes=libXfixes.so.3
ac_cv_lib_soname_Xi=libXi.so.6
ac_cv_lib_soname_Xinerama=libXinerama.so.1
ac_cv_lib_soname_Xrandr=libXrandr.so.2
ac_cv_lib_soname_Xrender=libXrender.so.1
ac_cv_lib_soname_Xxf86vm=libXxf86vm.so.1
ac_cv_lib_soname_xkbregistry=
ac_cv_lib_wayland_client_wl_display_connect=yes
ac_cv_lib_wayland_egl_wl_egl_window_create=yes
ac_cv_lib_xkbcommon_xkb_context_new=yes
ac_cv_member_XEvent_xcookie=yes
ac_cv_member_XICCallback_callback=yes
ac_cv_objext=o
ac_cv_path_LDD=/usr/bin/ldd
ac_cv_path_WAYLAND_SCANNER=/usr/local/bin/wayland-scanner
ac_cv_prog_BISON=bison
ac_cv_prog_CPP='ccache gcc -m64 -E'
ac_cv_prog_FLEX=flex
ac_cv_prog_MSGFMT=msgfmt
ac_cv_prog_PKG_CONFIG=pkg-config
ac_cv_prog_ac_ct_CC='ccache gcc'
ac_cv_prog_ac_ct_CPPBIN=cpp
ac_cv_prog_ac_ct_LD=ld
ac_cv_prog_ac_ct_READELF=readelf
ac_cv_prog_ac_ct_STRIP=strip
ac_cv_prog_cc_c11=
ac_cv_prog_cc_g=yes
ac_cv_prog_cc_stdc=
ac_cv_prog_cxx_cxx11=
ac_cv_prog_cxx_g=yes
ac_cv_prog_cxx_stdcxx=
ac_cv_sys_largefile_opts='none needed'
ac_cv_sys_year2038_opts='none needed'
ac_cv_wl_z_defs=yes
ac_cv_x86_64_cflags__Wabsolute_value=yes
ac_cv_x86_64_cflags__Wdeclaration_after_statement=yes
ac_cv_x86_64_cflags__Wempty_body=yes
ac_cv_x86_64_cflags__Wenum_conversion=no
ac_cv_x86_64_cflags__Wenum_enum_conversion=no
ac_cv_x86_64_cflags__Werror_ignored_optimization_argument=no
ac_cv_x86_64_cflags__Werror_unknown_warning_option=no
ac_cv_x86_64_cflags__Werror_unsupported_floating_point_opt=no
ac_cv_x86_64_cflags__Werror_unused_command_line_argument=no
ac_cv_x86_64_cflags__Wformat_overflow=yes
ac_cv_x86_64_cflags__Wignored_qualifiers=yes
ac_cv_x86_64_cflags__Winit_self=yes
ac_cv_x86_64_cflags__Wlogical_op=yes
ac_cv_x86_64_cflags__Wmicrosoft_enum_forward_reference=no
ac_cv_x86_64_cflags__Wnonnull=yes
ac_cv_x86_64_cflags__Wpacked_not_aligned=yes
ac_cv_x86_64_cflags__Wpointer_arith=yes
ac_cv_x86_64_cflags__Wshift_overflow_2=yes
ac_cv_x86_64_cflags__Wstrict_prototypes=yes
ac_cv_x86_64_cflags__Wtype_limits=yes
ac_cv_x86_64_cflags__Wunused_but_set_parameter=yes
ac_cv_x86_64_cflags__Wvla=yes
ac_cv_x86_64_cflags__Wwrite_strings=yes
ac_cv_x86_64_cflags__fasync_exceptions__DMIN_CLANG_VERSION_19=no
ac_cv_x86_64_cflags__ffp_exception_behavior_maytrap=no
ac_cv_x86_64_cflags__ffunction_sections=yes
ac_cv_x86_64_cflags__flarge_source_files__Wmisleading_indentation=yes
ac_cv_x86_64_cflags__fms_hotpatch__DMIN_CLANG_VERSION_18=no
ac_cv_x86_64_cflags__fno_strict_aliasing=yes
ac_cv_x86_64_cflags__fuse_ld_lld__target_x86_64_w64_mingw32=no
ac_cv_x86_64_cflags__fuse_ld_lld__target_x86_64_w64_mingw32___no_default_config=no
ac_cv_x86_64_cflags__mcmodel_small=yes
ac_cv_x86_64_cflags__mcx16=yes
ac_cv_x86_64_cflags__mlong_double_64=yes
ac_cv_x86_64_crosscc_c99=
ac_cv_x86_64_crosscxx_cxx17=
ac_cv_x86_64_seh_support=yes
as_wine_cv_crosscc=wine_cv_i386_crosscc
as_wine_cv_crosscc_c99=ac_cv_i386_crosscc_c99
as_wine_cv_crosscxx_cxx17=ac_cv_i386_crosscxx_cxx17
as_wine_cv_seh_support=ac_cv_x86_64_seh_support
wine_cv_i386_crosscc=yes
wine_cv_msgfmt_contexts=yes
wine_cv_recent_bison=yes
wine_cv_recent_flex=yes
wine_cv_x86_64_crosscc=yes
wine_cv_xattr_extra_args=no

## ----------------- ##
## Output variables. ##
## ----------------- ##

ALSA_CFLAGS=''
ALSA_LIBS=''
ANDROID_HOME=''
APPKIT_LIBS=''
APPLICATIONSERVICES_LIBS=''
BISON='bison'
CAPI20_CFLAGS=''
CAPI20_LIBS=''
CAPSTONE_PE_CFLAGS='-I$(top_srcdir)/libs/capstone/include'
CAPSTONE_PE_LIBS='capstone'
CC='ccache gcc -m64'
CFLAGS='-march=nocona -mtune=core-avx2 -pipe -O2 -fno-strict-aliasing -fwrapv -mfpmath=sse                         -Wno-error=incompatible-pointer-types -Wno-error=implicit-function-declaration -Wno-error=int-conversion -w -static-libgcc -D_GNU_SOURCE -D_TIME_BITS=64 -D_FILE_OFFSET_BITS=64 -U_FORTIFY_SOURCE -D_FORTIFY_SOURCE=0 -DNDEBUG -D_NDEBUG'
CONFIGURE_TARGETS=''
CONVERT=''
COREAUDIO_LIBS=''
COREFOUNDATION_LIBS=''
CORESERVICES_LIBS=''
CORETEXT_LIBS=''
CPP='ccache gcc -m64 -E'
CPPBIN='cpp'
CPPFLAGS='-D_GNU_SOURCE -D_TIME_BITS=64 -D_FILE_OFFSET_BITS=64 -U_FORTIFY_SOURCE -D_FORTIFY_SOURCE=0 -DNDEBUG -D_NDEBUG'
CUPS_CFLAGS=''
CUPS_LIBS=''
CXX='ccache g++ -m64'
CXXABI_PE_CFLAGS='-I$(top_srcdir)/libs/c++abi/include'
CXXABI_PE_LIBS='c++abi $(UNWIND_PE_LIBS) c++'
CXXFLAGS='-march=nocona -mtune=core-avx2 -pipe -O2 -fno-strict-aliasing -fwrapv -mfpmath=sse                         -Wno-error=incompatible-pointer-types -Wno-error=implicit-function-declaration -Wno-error=int-conversion -w -static-libgcc -D_GNU_SOURCE -D_TIME_BITS=64 -D_FILE_OFFSET_BITS=64 -U_FORTIFY_SOURCE -D_FORTIFY_SOURCE=0 -DNDEBUG -D_NDEBUG'
CXX_PE_CFLAGS=''
CXX_PE_LIBS='c++ $(CXXABI_PE_LIBS) msvcp140 vcruntime140'
DBUS_CFLAGS=''
DBUS_LIBS=''
DEFS=''
DISABLED_SUBDIRS=''
DISKARBITRATION_LIBS=''
DLLEXT='.so'
DLLFLAGS=' -fPIC'
ECHO_C=''
ECHO_N='-n'
ECHO_T=''
EGL_CFLAGS='-I/usr/local/x86_64/include '
EGL_LIBS='-lEGL '
EXEEXT=''
EXTERNAL_SUBDIRS=''
EXTRACFLAGS=''
FAUDIO_PE_CFLAGS='-I$(top_srcdir)/libs/faudio/include'
FAUDIO_PE_LIBS='faudio mfplat mfreadwrite mfuuid propsys'
FFMPEG_CFLAGS=''
FFMPEG_LIBS=''
FLEX='flex'
FLUIDSYNTH_PE_CFLAGS='-I$(top_srcdir)/libs/fluidsynth/include'
FLUIDSYNTH_PE_LIBS='fluidsynth'
FONTCONFIG_CFLAGS=''
FONTCONFIG_LIBS=''
FONTFORGE=''
FREETYPE_CFLAGS=''
FREETYPE_LIBS=''
GETTEXTPO_LIBS=''
GNUTLS_CFLAGS=''
GNUTLS_LIBS=''
GPHOTO2_CFLAGS=''
GPHOTO2_LIBS=''
GPHOTO2_PORT_CFLAGS=''
GPHOTO2_PORT_LIBS=''
GRADLE=''
GSM_PE_CFLAGS='-I$(top_srcdir)/libs/gsm/inc'
GSM_PE_LIBS='gsm'
GSSAPI_CFLAGS=''
GSSAPI_LIBS=''
GSTREAMER_CFLAGS=''
GSTREAMER_LIBS=''
HOST_ARCH='x86_64'
HWLOC_CFLAGS=''
HWLOC_LIBS=''
I386_LIBS=''
ICOTOOL=''
ICUCOMMON_PE_CFLAGS='-I$(top_srcdir)/libs/icucommon'
ICUCOMMON_PE_LIBS='icucommon'
ICUI18N_PE_CFLAGS=''
ICUI18N_PE_LIBS='icui18n'
INOTIFY_CFLAGS=''
INOTIFY_LIBS=''
IOKIT_LIBS=''
JPEG_PE_CFLAGS='-I$(top_srcdir)/libs/jpeg'
JPEG_PE_LIBS='jpeg'
JXR_PE_CFLAGS='-I$(top_srcdir)/libs/jxr/jxrgluelib -I$(top_srcdir)/libs/jxr/image/sys'
JXR_PE_LIBS='jxr'
KRB5_CFLAGS=''
KRB5_LIBS=''
LCMS2_PE_CFLAGS='-I$(top_srcdir)/libs/lcms2/include'
LCMS2_PE_LIBS='lcms2'
LD='ld'
LDAP_PE_CFLAGS='-I$(top_srcdir)/libs/ldap/include'
LDAP_PE_LIBS='ldap'
LDD='/usr/bin/ldd'
LDDLLFLAGS='-fPIC'
LDEXECFLAGS=''
LDFLAGS='-march=nocona -mtune=core-avx2 -pipe -O2 -fno-strict-aliasing -fwrapv -mfpmath=sse                         -Wno-error=incompatible-pointer-types -Wno-error=implicit-function-declaration -Wno-error=int-conversion -w -static-libgcc -D_GNU_SOURCE -D_TIME_BITS=64 -D_FILE_OFFSET_BITS=64 -U_FORTIFY_SOURCE -D_FORTIFY_SOURCE=0 -DNDEBUG -D_NDEBUG -Wl,-O1,--sort-common,--as-needed -L/usr/local/x86_64/lib/x86_64-linux-gnu -L/usr/local/lib'
LIBOBJS=''
LIBS=''
LN_S='ln -s'
LTLIBOBJS=''
MINGW_PKG_CONFIG=''
MPG123_PE_CFLAGS='-I$(top_srcdir)/libs/mpg123/src/include'
MPG123_PE_LIBS='mpg123'
MSGFMT='msgfmt'
MSVCRTFLAGS=''
MUSL_PE_CFLAGS=''
MUSL_PE_LIBS='musl'
NETAPI_CFLAGS=''
NETAPI_LIBS=''
OBJC=''
OBJCFLAGS=''
OBJEXT='o'
OPENCL_LIBS=''
OPENGL_LIBS='-lGL'
OSS4_CFLAGS=''
OSS4_LIBS=''
OTOOL='otool'
PACKAGE_BUGREPORT='wine-devel@winehq.org'
PACKAGE_NAME='Wine'
PACKAGE_STRING='Wine 11.8'
PACKAGE_TARNAME='wine'
PACKAGE_URL='https://www.winehq.org'
PACKAGE_VERSION='11.8'
PATH_SEPARATOR=':'
PCAP_LIBS=''
PCSCLITE_LIBS=''
PE_ARCHS=' x86_64 i386'
PKG_CONFIG='pkg-config'
PNG_PE_CFLAGS='-I$(top_srcdir)/libs/png'
PNG_PE_LIBS='png $(ZLIB_PE_LIBS)'
PROCSTAT_LIBS=''
PTHREAD_LIBS=''
PULSE_CFLAGS=''
PULSE_LIBS=''
READELF='readelf'
RESOLV_LIBS=''
RSVG=''
RT_LIBS=''
RUNTESTFLAGS='-q -P wine'
SANE_CFLAGS=''
SANE_LIBS=''
SARIF_CONVERTER=''
SDL2_CFLAGS=''
SDL2_LIBS=''
SECURITY_LIBS=''
SED_CMD='LC_ALL=C sed -e '\''s,@bindir@,${bindir},g'\'' -e '\''s,@PACKAGE_STRING@,Wine 11.8,g'\'' -e '\''s,@PACKAGE_VERSION@,11.8,g'\'''
SHELL='/bin/bash'
STRIP='strip'
SUBDIRS=''
SYSTEMCONFIGURATION_LIBS=''
TAGSFLAGS=''
TARGETFLAGS=' -m64'
TIFF_PE_CFLAGS='-I$(top_srcdir)/libs/tiff/libtiff'
TIFF_PE_LIBS='tiff $(ZLIB_PE_LIBS)'
TOMCRYPT_PE_CFLAGS='-I$(top_srcdir)/libs/tomcrypt/src/headers -DLTC_NO_PROTOTYPES -DLTC_SOURCE'
TOMCRYPT_PE_LIBS='tomcrypt'
TOP_INSTALL_DEV=''
TOP_INSTALL_LIB=''
UDEV_CFLAGS=''
UDEV_LIBS=''
UNIXDLLFLAGS='-fPIC'
UNIXLDFLAGS='-shared -Wl,-Bsymbolic -Wl,-soname,$(UNIXLIB) -Wl,-z,defs'
UNWIND_PE_CFLAGS='-I$(top_srcdir)/libs/unwind/include'
UNWIND_PE_LIBS='unwind'
USB_CFLAGS=''
USB_LIBS=''
VKD3D_PE_CFLAGS='-I$(top_srcdir)/libs/vkd3d/include'
VKD3D_PE_LIBS='vkd3d'
WAYLAND_CLIENT_CFLAGS='-I/usr/local/x86_64/include '
WAYLAND_CLIENT_LIBS='-lwayland-client -lm '
WAYLAND_EGL_CFLAGS='-I/usr/local/x86_64/include '
WAYLAND_EGL_LIBS='-lwayland-egl -lwayland-client -lm '
WAYLAND_SCANNER='/usr/local/bin/wayland-scanner'
WINELOADER_DEPENDS=''
WINELOADER_LDFLAGS='-Wl,--export-dynamic -pie'
WINELOADER_PROGRAMS=''
WINEPRELOADER_LDFLAGS='-nostartfiles -nodefaultlibs -static-pie'
XKBCOMMON_CFLAGS='-I/usr/local/x86_64/include '
XKBCOMMON_LIBS='-l:libxkbcommon.a '
XKBREGISTRY_CFLAGS='-I/usr/local/x86_64/include -I/usr/local/x86_64/include/libxml2 '
XKBREGISTRY_LIBS=''
XMKMF=''
XML2_PE_CFLAGS='-I$(top_srcdir)/libs/xml2/include -DLIBXML_STATIC'
XML2_PE_LIBS='xml2'
XSLT_PE_CFLAGS='-I$(top_srcdir)/libs/xslt/libxslt -I$(top_srcdir)/libs/xslt -DLIBXSLT_STATIC'
XSLT_PE_LIBS='xslt'
X_CFLAGS=''
X_LIBS=' -lXext -lX11'
ZLIB_PE_CFLAGS='-I$(top_srcdir)/libs/zlib -DFAR= -DZ_SOLO'
ZLIB_PE_LIBS='z'
aarch64_CC=''
aarch64_CFLAGS=''
aarch64_CXX=''
aarch64_CXXFLAGS=''
aarch64_DEBUG=''
aarch64_DELAYLOADFLAG=''
aarch64_DISABLED_SUBDIRS=''
aarch64_EXTRACFLAGS=''
aarch64_EXTRACXXFLAGS=''
aarch64_LDFLAGS=''
aarch64_STRIP=''
aarch64_TARGET=''
ac_ct_CC='ccache gcc'
ac_ct_CXX=''
ac_ct_OBJC=''
arm64ec_CC=''
arm64ec_CFLAGS=''
arm64ec_CXX=''
arm64ec_CXXFLAGS=''
arm64ec_DEBUG=''
arm64ec_DELAYLOADFLAG=''
arm64ec_DISABLED_SUBDIRS=''
arm64ec_EXTRACFLAGS=''
arm64ec_EXTRACXXFLAGS=''
arm64ec_LDFLAGS=''
arm64ec_STRIP=''
arm64ec_TARGET=''
arm_CC=''
arm_CFLAGS=''
arm_CXX=''
arm_CXXFLAGS=''
arm_DEBUG=''
arm_DELAYLOADFLAG=''
arm_DISABLED_SUBDIRS=''
arm_EXTRACFLAGS=''
arm_EXTRACXXFLAGS=''
arm_LDFLAGS=''
arm_STRIP=''
arm_TARGET=''
bindir='${exec_prefix}/bin'
build='x86_64-pc-linux-gnu'
build_alias=''
build_cpu='x86_64'
build_os='linux-gnu'
build_vendor='pc'
datadir='${datarootdir}'
datarootdir='${prefix}/share'
docdir='${datarootdir}/doc/${PACKAGE_TARNAME}'
dvidir='${docdir}'
exec_prefix='NONE'
host='x86_64-pc-linux-gnu'
host_alias=''
host_cpu='x86_64'
host_os='linux-gnu'
host_vendor='pc'
htmldir='${docdir}'
i386_CC='ccache i686-w64-mingw32-gcc'
i386_CFLAGS='-march=nocona -mtune=core-avx2 -pipe -O2 -fno-strict-aliasing -fwrapv -mfpmath=sse                         -Wno-error=incompatible-pointer-types -Wno-error=implicit-function-declaration -Wno-error=int-conversion -w -D_GNU_SOURCE -D_TIME_BITS=64 -D_FILE_OFFSET_BITS=64 -U_FORTIFY_SOURCE -D_FORTIFY_SOURCE=0 -DNDEBUG -D_NDEBUG'
i386_CXX='ccache i686-w64-mingw32-gcc'
i386_CXXFLAGS='-march=nocona -mtune=core-avx2 -pipe -O2 -fno-strict-aliasing -fwrapv -mfpmath=sse                         -Wno-error=incompatible-pointer-types -Wno-error=implicit-function-declaration -Wno-error=int-conversion -w -D_GNU_SOURCE -D_TIME_BITS=64 -D_FILE_OFFSET_BITS=64 -U_FORTIFY_SOURCE -D_FORTIFY_SOURCE=0 -DNDEBUG -D_NDEBUG'
i386_DEBUG=''
i386_DELAYLOADFLAG=''
i386_DISABLED_SUBDIRS=''
i386_EXTRACFLAGS='-D__WINE_PE_BUILD -Wall -fno-strict-aliasing -Wempty-body -Wignored-qualifiers -Winit-self -Wno-packed-not-aligned -Wshift-overflow=2 -Wtype-limits -Wunused-but-set-parameter -Wvla -Wwrite-strings -Wpointer-arith -Wlogical-op -ffunction-sections -Wno-misleading-indentation -fno-omit-frame-pointer -mpreferred-stack-boundary=2 -mlong-double-64 -Wdeclaration-after-statement -Wstrict-prototypes -Wabsolute-value'
i386_EXTRACXXFLAGS='-D__WINE_PE_BUILD -Wall -fno-strict-aliasing -Wempty-body -Wignored-qualifiers -Winit-self -Wno-packed-not-aligned -Wshift-overflow=2 -Wtype-limits -Wunused-but-set-parameter -Wvla -Wwrite-strings -Wpointer-arith -Wlogical-op -ffunction-sections -Wno-misleading-indentation -fno-omit-frame-pointer -mpreferred-stack-boundary=2 -mlong-double-64'
i386_LDFLAGS='-march=nocona -mtune=core-avx2 -pipe -O2 -fno-strict-aliasing -fwrapv -mfpmath=sse                         -Wno-error=incompatible-pointer-types -Wno-error=implicit-function-declaration -Wno-error=int-conversion -w -D_GNU_SOURCE -D_TIME_BITS=64 -D_FILE_OFFSET_BITS=64 -U_FORTIFY_SOURCE -D_FORTIFY_SOURCE=0 -DNDEBUG -D_NDEBUG -Wl,-O1,--sort-common,--as-needed,--file-alignment=4096 -Wl,--disable-stdcall-fixup -Wl,--build-id'
i386_STRIP='i686-w64-mingw32-strip'
i386_TARGET='i686-w64-mingw32'
includedir='${prefix}/include'
infodir='${datarootdir}/info'
libdir='/wine/build_wine/wine-wb-build/lib'
libexecdir='${exec_prefix}/libexec'
localedir='${datarootdir}/locale'
localstatedir='${prefix}/var'
mandir='${datarootdir}/man'
oldincludedir='/usr/include'
pdfdir='${docdir}'
prefix='/wine/build_wine/wine-wb-build'
program_transform_name='s,x,x,'
psdir='${docdir}'
runstatedir='${localstatedir}/run'
sbindir='${exec_prefix}/sbin'
sharedstatedir='${prefix}/com'
srcdir='/wine/build_wine/wine'
sysconfdir='${prefix}/etc'
system_dllpath=''
target_alias=''
toolsdir=''
toolsext=''
wine64dir=''
x86_64_CC='ccache x86_64-w64-mingw32-gcc'
x86_64_CFLAGS='-march=nocona -mtune=core-avx2 -pipe -O2 -fno-strict-aliasing -fwrapv -mfpmath=sse                         -Wno-error=incompatible-pointer-types -Wno-error=implicit-function-declaration -Wno-error=int-conversion -w -D_GNU_SOURCE -D_TIME_BITS=64 -D_FILE_OFFSET_BITS=64 -U_FORTIFY_SOURCE -D_FORTIFY_SOURCE=0 -DNDEBUG -D_NDEBUG'
x86_64_CXX='ccache x86_64-w64-mingw32-gcc'
x86_64_CXXFLAGS='-march=nocona -mtune=core-avx2 -pipe -O2 -fno-strict-aliasing -fwrapv -mfpmath=sse                         -Wno-error=incompatible-pointer-types -Wno-error=implicit-function-declaration -Wno-error=int-conversion -w -D_GNU_SOURCE -D_TIME_BITS=64 -D_FILE_OFFSET_BITS=64 -U_FORTIFY_SOURCE -D_FORTIFY_SOURCE=0 -DNDEBUG -D_NDEBUG'
x86_64_DEBUG=''
x86_64_DELAYLOADFLAG=''
x86_64_DISABLED_SUBDIRS=''
x86_64_EXTRACFLAGS='-D__WINE_PE_BUILD -Wall -fno-strict-aliasing -Wempty-body -Wignored-qualifiers -Winit-self -Wno-packed-not-aligned -Wshift-overflow=2 -Wtype-limits -Wunused-but-set-parameter -Wvla -Wwrite-strings -Wpointer-arith -Wlogical-op -ffunction-sections -Wno-misleading-indentation -Wformat-overflow -Wnonnull -mlong-double-64 -mcx16 -mcmodel=small -Wdeclaration-after-statement -Wstrict-prototypes -Wabsolute-value'
x86_64_EXTRACXXFLAGS='-D__WINE_PE_BUILD -Wall -fno-strict-aliasing -Wempty-body -Wignored-qualifiers -Winit-self -Wno-packed-not-aligned -Wshift-overflow=2 -Wtype-limits -Wunused-but-set-parameter -Wvla -Wwrite-strings -Wpointer-arith -Wlogical-op -ffunction-sections -Wno-misleading-indentation -Wformat-overflow -Wnonnull -mlong-double-64 -mcx16 -mcmodel=small'
x86_64_LDFLAGS='-march=nocona -mtune=core-avx2 -pipe -O2 -fno-strict-aliasing -fwrapv -mfpmath=sse                         -Wno-error=incompatible-pointer-types -Wno-error=implicit-function-declaration -Wno-error=int-conversion -w -D_GNU_SOURCE -D_TIME_BITS=64 -D_FILE_OFFSET_BITS=64 -U_FORTIFY_SOURCE -D_FORTIFY_SOURCE=0 -DNDEBUG -D_NDEBUG -Wl,-O1,--sort-common,--as-needed,--file-alignment=4096 -Wl,--build-id'
x86_64_STRIP='x86_64-w64-mingw32-strip'
x86_64_TARGET='x86_64-w64-mingw32'

## ----------- ##
## confdefs.h. ##
## ----------- ##

/* confdefs.h */
#define PACKAGE_NAME "Wine"
#define PACKAGE_TARNAME "wine"
#define PACKAGE_VERSION "11.8"
#define PACKAGE_STRING "Wine 11.8"
#define PACKAGE_BUGREPORT "wine-devel@winehq.org"
#define PACKAGE_URL "https://www.winehq.org"
#define EXEEXT ""
#define HAVE_STDIO_H 1
#define HAVE_STDLIB_H 1
#define HAVE_STRING_H 1
#define HAVE_INTTYPES_H 1
#define HAVE_STDINT_H 1
#define HAVE_STRINGS_H 1
#define HAVE_SYS_STAT_H 1
#define HAVE_SYS_TYPES_H 1
#define HAVE_UNISTD_H 1
#define STDC_HEADERS 1
#define HAVE_ARPA_INET_H 1
#define HAVE_ARPA_NAMESER_H 1
#define HAVE_ASM_TERMBITS_H 1
#define HAVE_ASM_TYPES_H 1
#define HAVE_ELF_H 1
#define HAVE_LINK_H 1
#define HAVE_LINUX_CDROM_H 1
#define HAVE_LINUX_FILTER_H 1
#define HAVE_LINUX_FS_H 1
#define HAVE_LINUX_HDREG_H 1
#define HAVE_LINUX_HIDRAW_H 1
#define HAVE_LINUX_INPUT_H 1
#define HAVE_LINUX_IOCTL_H 1
#define HAVE_LINUX_MAJOR_H 1
#define HAVE_LINUX_MEMFD_H 1
#define HAVE_LINUX_NTSYNC_H 1
#define HAVE_LINUX_PARAM_H 1
#define HAVE_LINUX_SERIAL_H 1
#define HAVE_LINUX_TYPES_H 1
#define HAVE_LINUX_USERFAULTFD_H 1
#define HAVE_LINUX_WIRELESS_H 1
#define HAVE_MNTENT_H 1
#define HAVE_NETDB_H 1
#define HAVE_NETINET_IN_H 1
#define HAVE_NETINET_IN_SYSTM_H 1
#define HAVE_NETINET_TCP_H 1
#define HAVE_PWD_H 1
#define HAVE_SCHED_H 1
#define HAVE_SCSI_SCSI_H 1
#define HAVE_SCSI_SCSI_IOCTL_H 1
#define HAVE_SCSI_SG_H 1
#define HAVE_SYS_AUXV_H 1
#define HAVE_SYS_EPOLL_H 1
#define HAVE_SYS_IPC_H 1
#define HAVE_SYS_MTIO_H 1
#define HAVE_SYS_PARAM_H 1
#define HAVE_SYS_PERSONALITY_H 1
#define HAVE_SYS_PRCTL_H 1
#define HAVE_SYS_PTRACE_H 1
#define HAVE_SYS_QUEUE_H 1
#define HAVE_SYS_RANDOM_H 1
#define HAVE_SYS_RESOURCE_H 1
#define HAVE_SYS_SHM_H 1
#define HAVE_SYS_SIGNAL_H 1
#define HAVE_SYS_SOCKETVAR_H 1
#define HAVE_SYS_STATVFS_H 1
#define HAVE_SYS_SYSCALL_H 1
#define HAVE_SYS_SYSINFO_H 1
#define HAVE_SYS_TIMES_H 1
#define HAVE_SYS_UIO_H 1
#define HAVE_SYS_USER_H 1
#define HAVE_SYS_UTSNAME_H 1
#define HAVE_SYS_XATTR_H 1
#define HAVE_SYSCALL_H 1
#define HAVE_UTIME_H 1
#define MAJOR_IN_SYSMACROS 1
#define HAVE_SYS_MOUNT_H 1
#define HAVE_SYS_STATFS_H 1
#define HAVE_SYS_USER_H 1
#define HAVE_SYS_VFS_H 1
#define HAVE_NETINET_IP_H 1
#define HAVE_NET_IF_H 1
#define HAVE_NET_IF_ARP_H 1
#define HAVE_NET_ROUTE_H 1
#define HAVE_NETINET_IF_ETHER_H 1
#define HAVE_NETINET_IP_ICMP_H 1
#define HAVE_NETINET_UDP_H 1
#define HAVE_NETIPX_IPX_H 1
#define HAVE_SYS_UN_H 1
#define HAVE_NETINET_ICMP6_H 1
#define HAVE_LINUX_RTNETLINK_H 1
#define HAVE_RESOLV_H 1
#define HAVE_IFADDRS_H 1
#define HAVE_SYS_UCONTEXT_H 1
#define HAVE_LINUX_VIDEODEV2_H 1
#define _GNU_SOURCE 1
#define SONAME_LIBEGL "libEGL.so.1"
#define SONAME_LIBX11 "libX11.so.6"
#define SONAME_LIBXEXT "libXext.so.6"
#define HAVE_X11_EXTENSIONS_SHAPE_H 1
#define HAVE_X11_EXTENSIONS_XINPUT_H 1
#define HAVE_X11_EXTENSIONS_XINPUT2_H 1
#define HAVE_X11_EXTENSIONS_XSHM_H 1
#define HAVE_X11_EXTENSIONS_XFIXES_H 1
#define HAVE_X11_EXTENSIONS_XINERAMA_H 1
#define HAVE_X11_EXTENSIONS_XRANDR_H 1
#define HAVE_X11_EXTENSIONS_XRENDER_H 1
#define HAVE_X11_EXTENSIONS_XF86VMODE_H 1
#define HAVE_X11_EXTENSIONS_XF86VMPROTO_H 1
#define SONAME_LIBXCURSOR "libXcursor.so.1"
#define SONAME_LIBXI "libXi.so.6"
#define HAVE_LIBXXSHM 1
#define HAVE_LIBXSHAPE 1
#define SONAME_LIBXXF86VM "libXxf86vm.so.1"
#define SONAME_LIBXRENDER "libXrender.so.1"
#define HAVE_XRENDERSETPICTURETRANSFORM 1
#define HAVE_XRENDERCREATELINEARGRADIENT 1
#define SONAME_LIBXRANDR "libXrandr.so.2"
#define HAVE_XRRGETPROVIDERRESOURCES 1
#define SONAME_LIBXFIXES "libXfixes.so.3"
#define SONAME_LIBXINERAMA "libXinerama.so.1"
#define SONAME_LIBXCOMPOSITE "libXcomposite.so.1"
#define HAVE_XICCALLBACK_CALLBACK 1
#define HAVE_XEVENT_XCOOKIE 1
#define SONAME_LIBGL "libGL.so.1"
#define HAVE_LIBWAYLAND_EGL 1

configure: exit 1
